task_id,pred_path,gt_path,status,error_message,Multi-pitch,Voice,Meter,Value,Harmony,MV2H,MV2H_custom,measure_idx
Bach#Prelude#bwv_875#Ahfat01M.10,,,success,,0.8656716417910447,0.9294117647058824,0.6583850931677019,0.987012987012987,0.5,0.7880962973355232,0.8205240983774785,10
Bach#Prelude#bwv_875#Ahfat01M.12,,,success,,0.7593582887700535,0.8695652173913043,0.5508982035928144,1.0,0.5,0.7359643419508345,0.7822308765403394,12
Bach#Prelude#bwv_875#Ahfat01M.13,,,success,,0.7391304347826088,0.8507462686567164,0.5714285714285715,1.0,1.0,0.8322610549735794,0.8974691758598313,13
Bach#Prelude#bwv_875#Ahfat01M.14,,,success,,0.7807486631016043,0.7777777777777778,0.6347305389221557,1.0,1.0,0.8386513959603075,0.8896316102198455,14
Bach#Prelude#bwv_875#Ahfat01M.16,,,success,,0.8663101604278075,0.55,0.6666666666666666,1.0,1.0,0.8165953654188949,0.8540775401069519,16
Bach#Prelude#bwv_875#Ahfat01M.17,,,success,,0.7634408602150538,0.5428571428571428,0.44848484848484843,1.0,1.0,0.7509565703114089,0.8265745007680492,17
Bach#Prelude#bwv_875#Ahfat01M.18,,,success,,0.7783783783783783,0.7142857142857143,0.5838509316770186,1.0,1.0,0.8153030048682222,0.8731660231660232,18
Bach#Prelude#bwv_875#Ahfat01M.20,,,success,,0.77,0.5438596491228069,0.3712574850299401,0.9887272727272727,0.5,0.634768881376004,0.7006467304625199,20
Bach#Prelude#bwv_875#Ahfat01M.26,,,success,,0.850828729281768,0.8666666666666667,0.6583850931677019,0.984375,0.5,0.7720510978232273,0.8004675989871086,26
Bach#Prelude#bwv_875#Ahfat01M.28,,,success,,0.8938547486033518,0.9871794871794872,0.6424242424242425,1.0,0.5,0.8046916956414163,0.8452585589457098,28
Bach#Prelude#bwv_875#Ahfat01M.29,,,success,,0.9879518072289156,0.9753086419753086,0.6666666666666666,1.0,0.5,0.8259854231741782,0.865815112301056,29
Bach#Prelude#bwv_875#Ahfat01M.33,,,success,,0.7473684210526317,0.7114427860696517,0.5911949685534591,0.9904615384615384,0.5,0.7080935428274562,0.7373181863959555,33
Bach#Prelude#bwv_875#Ahfat01M.34,,,success,,0.848780487804878,0.6705882352941177,0.6666666666666666,1.0,0.5,0.7372070779531325,0.754842180774749,34
Bach#Prelude#bwv_875#Ahfat01M.40,,,success,,0.7083333333333334,1.0,0.484472049689441,0.9921269841269841,1.0,0.8369864734299517,0.9251150793650794,40
Bach#Prelude#bwv_875#Ahfat01M.41,,,success,,0.7047619047619048,1.0,0.2962962962962963,0.9089032258064514,0.5,0.6819922853729306,0.7784162826420891,41
Bach#Prelude#bwv_875#Ahfat01M.42,,,success,,0.7214611872146118,1.0,0.2594594594594595,0.8880112676056338,1.0,0.773786382855941,0.9023681137050614,42
Bach#Prelude#bwv_875#Ahfat01M.44,,,success,,0.8144796380090498,0.9662921348314607,0.3675675675675676,0.8947325102880658,0.5,0.7086143701392287,0.7938760707821441,44
Bach#Prelude#bwv_875#Ahfat01M.45,,,success,,0.6976744186046511,0.8767123287671232,0.3850931677018633,0.9282988505747127,0.5,0.6775557531296701,0.7506713994866218,45
Bach#Prelude#bwv_875#Ahfat01M.46,,,success,,0.6122448979591836,0.8813559322033898,0.4550898203592814,0.9671007751937986,0.5,0.6831582851431307,0.740175401339093,46
Bach#Prelude#bwv_875#Ahfat01M.48,,,success,,0.7542857142857143,0.7487179487179487,0.459016393442623,0.9601951219512196,0.5,0.6844430356795012,0.7407996962387207,48
Bach#Prelude#bwv_875#Ahfat01M.49,,,success,,0.5744680851063829,0.7547169811320754,0.4685714285714285,0.9738947368421051,0.5,0.6543302463303984,0.7007699507701408,49
Bach#Prelude#bwv_875#Ahfat01M.5,,,success,,0.6736842105263158,0.9838709677419355,0.5093167701863354,0.9644285714285713,0.5,0.7262601039766315,0.7804959374242056,5
Bach#Prelude#bwv_875#Ahfat01M.50,,,success,,0.7291666666666666,0.7205882352941176,0.5408805031446542,1.0,0.5,0.6981270810210877,0.7374387254901961,50
Bach#Prelude#bwv_875#Ahfat01M.52,,,success,,0.8148148148148148,0.734375,0.5454545454545454,0.9333333333333333,0.5,0.7055955387205387,0.7456307870370371,52
Bach#Prelude#bwv_875#Ahfat01M.53,,,success,,0.7777777777777778,0.7204301075268817,0.509090909090909,0.9574883720930232,0.5,0.6929574332977183,0.7389240643494207,53
Bach#Prelude#bwv_875#Ahfat01M.55,,,success,,0.7384615384615384,0.5895522388059702,0.49056603773584906,0.9252,0.5,0.6487559630006714,0.6883034443168772,55
Bach#Prelude#bwv_875#Ahfat01M.6,,,conversion_error,conversion_error,0,0,0,0,0,0,0,6
Bach#Prelude#bwv_875#Ahfat01M.8,,,success,,0.5981308411214952,0.9032258064516129,0.1509433962264151,0.9703571428571428,0.5,0.6245314373313332,0.7429284476075627,8
Bach#Prelude#bwv_875#Ahfat01M.9,,,success,,0.8229665071770335,0.9642857142857143,0.6666666666666666,0.9871794871794872,0.5,0.7882196750617803,0.8186079271605587,9
Bach#Prelude#bwv_875#CaoJ01M.10,,,success,,0.9073170731707318,0.967032967032967,0.6666666666666666,0.9772727272727273,0.5,0.8036578868286185,0.8379056918691066,10
Bach#Prelude#bwv_875#CaoJ01M.12,,,success,,0.9297297297297298,1.0,0.6666666666666666,0.9878048780487805,0.5,0.8168402548890354,0.8543836519446275,12
Bach#Prelude#bwv_875#CaoJ01M.13,,,success,,0.8950276243093922,0.9625000000000001,0.6666666666666666,0.9864864864864865,1.0,0.9021361554925089,0.9610035276989697,13
Bach#Prelude#bwv_875#CaoJ01M.14,,,success,,0.7311827956989246,0.8656716417910447,0.6583850931677019,1.0,1.0,0.8510479061315342,0.8992136093724923,14
Bach#Prelude#bwv_875#CaoJ01M.16,,,success,,0.823529411764706,0.8933333333333333,0.6666666666666666,1.0,1.0,0.876705882352941,0.9292156862745098,16
Bach#Prelude#bwv_875#CaoJ01M.17,,,success,,0.7373737373737372,0.8472222222222222,0.5031446540880502,1.0,1.0,0.8175481227368019,0.8961489898989898,17
Bach#Prelude#bwv_875#CaoJ01M.18,,,success,,0.7708333333333333,0.8615023474178405,0.6415094339622641,1.0,1.0,0.8547690229426876,0.9080839201877935,18
Bach#Prelude#bwv_875#CaoJ01M.20,,,success,,0.7322404371584699,0.9166666666666667,0.3236994219653179,1.0,0.5,0.694521305158091,0.7872267759562841,20
Bach#Prelude#bwv_875#CaoJ01M.26,,,success,,0.8324324324324324,0.6933333333333334,0.6583850931677019,1.0,0.5,0.7368301717866935,0.7564414414414414,26
Bach#Prelude#bwv_875#CaoJ01M.28,,,success,,0.8926553672316383,0.987012987012987,0.6424242424242425,1.0,0.5,0.8044185193337736,0.8449170885611563,28
Bach#Prelude#bwv_875#CaoJ01M.29,,,success,,0.9704142011834319,0.9753086419753086,0.6666666666666666,1.0,0.5,0.8224779019650814,0.8614307107896851,29
Bach#Prelude#bwv_875#CaoJ01M.33,,,success,,0.9444444444444444,0.7791164658634536,0.6666666666666666,1.0,0.5,0.7780455153949128,0.8058902275769745,33
Bach#Prelude#bwv_875#CaoJ01M.34,,,success,,0.8181818181818182,0.7083333333333334,0.49056603773584906,1.0,0.5,0.7034162378502001,0.7566287878787878,34
Bach#Prelude#bwv_875#CaoJ01M.40,,,success,,0.7526881720430108,1.0,0.33532934131736525,0.9326666666666666,0.5,0.7041368360054086,0.7963387096774194,40
Bach#Prelude#bwv_875#CaoJ01M.41,,,success,,0.7834101382488479,1.0,0.2962962962962963,0.9033684210526317,0.5,0.6966149711195552,0.7966946398253699,41
Bach#Prelude#bwv_875#CaoJ01M.42,,,success,,0.6226415094339622,1.0,0.10810810810810811,0.881296,0.5,0.6224091235084142,0.7509843773584906,42
Bach#Prelude#bwv_875#CaoJ01M.44,,,success,,0.7706422018348624,1.0,0.2810810810810811,0.907943661971831,0.5,0.691933388977555,0.7946464659516733,44
Bach#Prelude#bwv_875#CaoJ01M.45,,,success,,0.7452830188679246,0.9743589743589743,0.3703703703703703,0.8963958333333334,0.5,0.6972816393861205,0.779009456640058,45
Bach#Prelude#bwv_875#CaoJ01M.46,,,success,,0.7173913043478262,0.9244791666666666,0.6037735849056604,0.9481481481481481,0.5,0.7387584408136603,0.7725046547906602,46
Bach#Prelude#bwv_875#CaoJ01M.48,,,success,,0.7083333333333333,0.8955223880597015,0.5838509316770186,0.9821428571428571,0.5,0.7339699020425822,0.771499644633973,48
Bach#Prelude#bwv_875#CaoJ01M.49,,,success,,0.8470588235294118,0.84037558685446,0.6666666666666666,1.0,0.5,0.7708202154101077,0.796858602595968,49
Bach#Prelude#bwv_875#CaoJ01M.5,,,success,,0.6875,0.984375,0.3393939393939394,0.991448275862069,0.5,0.7005434430512016,0.7908308189655172,5
Bach#Prelude#bwv_875#CaoJ01M.50,,,success,,0.7530864197530864,0.7909604519774012,0.5157232704402517,0.9884651162790699,0.5,0.7096470516899618,0.7581279970023893,50
Bach#Prelude#bwv_875#CaoJ01M.52,,,success,,0.785276073619632,0.8064516129032258,0.6037735849056604,0.9361702127659575,0.5,0.726334296838895,0.7569744748222038,52
Bach#Prelude#bwv_875#CaoJ01M.53,,,success,,0.8553459119496856,0.8059701492537313,0.6583850931677019,1.0,0.5,0.7639402308742238,0.7903290153008542,53
Bach#Prelude#bwv_875#CaoJ01M.55,,,success,,0.8484848484848485,0.6714975845410628,0.5660377358490566,0.9375,0.5,0.7047040337749936,0.7393706082564778,55
Bach#Prelude#bwv_875#CaoJ01M.6,,,success,,0.6138613861386139,0.9180327868852459,0.2484472049689441,0.9869803921568627,0.5,0.6534643540299333,0.7547186412951806,6
Bach#Prelude#bwv_875#CaoJ01M.8,,,success,,0.7417840375586854,0.9232456140350876,0.5838509316770186,1.0,0.5,0.7497761166541583,0.7912574128984433,8
Bach#Prelude#bwv_875#CaoJ01M.9,,,success,,0.9313725490196079,0.967741935483871,0.6666666666666666,0.9885057471264368,0.5,0.8108573796593165,0.8469050579074789,9
Bach#Prelude#bwv_875#HONG04M.10,,,success,,0.89,0.8735632183908046,0.6583850931677019,1.0,0.5,0.7843896623117013,0.8158908045977011,10
Bach#Prelude#bwv_875#HONG04M.12,,,success,,0.8108108108108109,0.8904109589041096,0.6424242424242425,1.0,0.5,0.7687292024278326,0.8003054424287301,12
Bach#Prelude#bwv_875#HONG04M.13,,,success,,0.8651685393258427,0.9178082191780822,0.6583850931677019,1.0,1.0,0.8882723703343253,0.9457441896259813,13
Bach#Prelude#bwv_875#HONG04M.14,,,success,,0.6232558139534884,0.8968253968253967,0.47204968944099374,0.9877037037037036,1.0,0.7959669207847165,0.8769462286206472,14
Bach#Prelude#bwv_875#HONG04M.16,,,success,,0.8369565217391305,0.5789473684210527,0.6666666666666666,1.0,1.0,0.81651411136537,0.8539759725400458,16
Bach#Prelude#bwv_875#HONG04M.17,,,success,,0.7771428571428571,0.7171717171717172,0.6415094339622641,1.0,1.0,0.8271648016553677,0.8735786435786436,17
Bach#Prelude#bwv_875#HONG04M.18,,,success,,0.7724867724867726,0.625,0.6583850931677019,1.0,1.0,0.8111743731308948,0.8493716931216931,18
Bach#Prelude#bwv_875#HONG04M.20,,,success,,0.7486033519553073,0.7661290322580644,0.49696969696969695,1.0,0.5,0.7023404162366138,0.7536830960533429,20
Bach#Prelude#bwv_875#HONG04M.26,,,success,,0.8510638297872339,0.7692307692307693,0.6424242424242425,0.9916666666666667,0.5,0.7508771016217825,0.7779903164211674,26
Bach#Prelude#bwv_875#HONG04M.28,,,success,,0.9431818181818182,0.9876543209876543,0.6666666666666666,1.0,0.5,0.8195005611672279,0.8577090347923682,28
Bach#Prelude#bwv_875#HONG04M.29,,,success,,0.8786127167630058,0.9733333333333334,0.6127167630057804,1.0,0.5,0.7929325626204239,0.8379865125240848,29
Bach#Prelude#bwv_875#HONG04M.33,,,success,,0.7659574468085106,0.7173913043478262,0.5590062111801243,1.0,0.5,0.7084709924672923,0.7458371877890841,33
Bach#Prelude#bwv_875#HONG04M.34,,,success,,0.6439024390243903,0.8174603174603173,0.6211180124223602,0.9814814814814815,0.5,0.7127924500777099,0.7357110594915472,34
Bach#Prelude#bwv_875#HONG04M.40,,,success,,0.8300000000000001,1.0,0.4550898203592814,0.9769249999999999,0.5,0.7524029640718564,0.82673125,40
Bach#Prelude#bwv_875#HONG04M.41,,,success,,0.8899521531100478,0.8571428571428571,0.6666666666666666,0.9833333333333334,0.5,0.779419002050581,0.8076070858965596,41
Bach#Prelude#bwv_875#HONG04M.42,,,success,,0.7787610619469026,0.9651162790697675,0.328042328042328,0.9228615384615386,0.5,0.6989562415041074,0.7916847198695522,42
Bach#Prelude#bwv_875#HONG04M.44,,,success,,0.7476635514018692,0.9615384615384616,0.43636363636363634,0.97275,0.5,0.7236631298607935,0.7954880032350827,44
Bach#Prelude#bwv_875#HONG04M.45,,,success,,0.6763285024154588,1.0,0.4968944099378882,0.9713770491803279,0.5,0.728919992306735,0.7869263878989466,45
Bach#Prelude#bwv_875#HONG04M.46,,,success,,0.7608695652173912,0.8484848484848485,0.5660377358490566,0.9404025157232705,0.5,0.7231589330549133,0.7624392323563776,46
Bach#Prelude#bwv_875#HONG04M.48,,,success,,0.67,0.8083333333333332,0.5157232704402517,0.9898775510204083,0.5,0.6967868309587987,0.7420527210884353,48
Bach#Prelude#bwv_875#HONG04M.49,,,success,,0.736842105263158,0.7666666666666666,0.5660377358490566,0.9879024390243902,0.5,0.7114897893606542,0.7478528027385537,49
Bach#Prelude#bwv_875#HONG04M.5,,,success,,0.8315789473684211,0.9090909090909091,0.44025157232704404,0.9755294117647059,0.5,0.731290168110216,0.804049817056009,5
Bach#Prelude#bwv_875#HONG04M.50,,,success,,0.78125,0.7746478873239435,0.6163522012578617,1.0,0.5,0.734450017716361,0.7639744718309859,50
Bach#Prelude#bwv_875#HONG04M.52,,,success,,0.8214285714285714,0.7611940298507462,0.6163522012578617,0.94,0.5,0.7277949605074359,0.7556556503198294,52
Bach#Prelude#bwv_875#HONG04M.53,,,success,,0.8571428571428572,0.7546296296296297,0.6666666666666666,0.9473684210526315,0.5,0.745161514898357,0.7647852269562796,53
Bach#Prelude#bwv_875#HONG04M.55,,,success,,0.673170731707317,0.6775956284153005,0.38150289017341044,0.9126,0.5,0.6289738500592056,0.6908415900306544,55
Bach#Prelude#bwv_875#HONG04M.6,,,success,,0.8529411764705882,0.8604651162790697,0.578616352201258,0.9772054794520548,0.5,0.7538456248805941,0.7976529430504282,6
Bach#Prelude#bwv_875#HONG04M.8,,,success,,0.8985507246376813,0.9010989010989011,0.6666666666666666,1.0,0.5,0.7932632584806498,0.8249124064341455,8
Bach#Prelude#bwv_875#HONG04M.9,,,success,,0.8640776699029126,0.9310344827586207,0.6666666666666666,1.0,0.5,0.79235576386564,0.8237780381653833,9
Bach#Prelude#bwv_891#BLINOV04M.10,,,success,,0.8133333333333334,0.8113207547169812,0.3023255813953488,0.9787234042553191,0.0,0.5811406147401965,0.6508443730764084,10
Bach#Prelude#bwv_891#BLINOV04M.11,,,conversion_error,conversion_error,0,0,0,0,0,0,0,11
Bach#Prelude#bwv_891#BLINOV04M.12,,,success,,0.6845637583892618,0.7740740740740741,0.2558139534883721,0.9527027027027027,0.0,0.5334308977308821,0.6028351337915097,12
Bach#Prelude#bwv_891#BLINOV04M.13,,,success,,0.8211920529801324,0.8606060606060606,0.3023255813953488,1.0,0.0,0.5968247389963084,0.6704495283965483,13
Bach#Prelude#bwv_891#BLINOV04M.2,,,success,,0.9150326797385621,0.875,0.3023255813953488,1.0,0.5,0.7184716522267822,0.8225081699346405,2
Bach#Prelude#bwv_891#BLINOV04M.20,,,success,,0.906474820143885,0.7853107344632767,0.3023255813953488,1.0,0.0,0.5988222272005022,0.6729463886517905,20
Bach#Prelude#bwv_891#BLINOV04M.21,,,success,,0.7941176470588235,0.8533333333333332,0.2528735632183908,0.9886363636363636,0.0,0.5777921814493822,0.65902183600713,21
Bach#Prelude#bwv_891#BLINOV04M.22,,,success,,0.8707482993197277,0.7837920489296637,0.3023255813953488,1.0,0.0,0.591373185928948,0.6636350870623479,22
Bach#Prelude#bwv_891#BLINOV04M.23,,,success,,0.8391608391608391,0.8303030303030302,0.2674418604651163,0.99,0.0,0.585381145985797,0.6648659673659674,23
Bach#Prelude#bwv_891#BLINOV04M.25,,,success,,0.7605633802816902,0.8152173913043479,0.6666666666666666,1.0,1.0,0.8484894876505409,0.8939451928965095,25
Bach#Prelude#bwv_891#BLINOV04M.26,,,success,,0.7919463087248322,0.7704081632653061,0.2558139534883721,0.9702380952380952,0.0,0.5576813041433211,0.6331481418070584,26
Bach#Prelude#bwv_891#BLINOV04M.27,,,success,,0.7346938775510204,0.811764705882353,0.24691358024691357,0.9825581395348837,0.5,0.6551860606430342,0.7572541807420643,27
Bach#Prelude#bwv_891#BLINOV04M.28,,,success,,0.8356164383561644,0.7592592592592592,0.35897435897435903,0.9883720930232558,0.0,0.5884444299226077,0.6458119476596699,28
Bach#Prelude#bwv_891#BLINOV04M.3,,,conversion_error,conversion_error,0,0,0,0,0,0,0,3
Bach#Prelude#bwv_891#BLINOV04M.30,,,success,,0.7919463087248322,0.6907051282051282,0.2413793103448276,0.9880952380952381,0.5,0.6424251970740051,0.7426866687562996,30
Bach#Prelude#bwv_891#BLINOV04M.31,,,success,,0.8157894736842104,0.861111111111111,0.2906976744186047,0.975,0.5,0.6885196518427852,0.7879751461988304,31
Bach#Prelude#bwv_891#BLINOV04M.32,,,success,,0.9102564102564102,0.8065476190476192,0.3023255813953488,1.0,0.5,0.7038259221398756,0.8042010073260073,32
Bach#Prelude#bwv_891#BLINOV04M.33,,,success,,0.7730061349693251,0.8244047619047619,0.3023255813953488,0.9897959183673469,0.5,0.6779064793273566,0.7718017038103585,33
Bach#Prelude#bwv_891#BLINOV04M.35,,,success,,0.7662337662337662,0.9290123456790124,0.3023255813953488,1.0,0.5,0.6995143386616255,0.7988115279781947,35
Bach#Prelude#bwv_891#BLINOV04M.42,,,success,,0.9054054054054055,0.9473684210526315,0.3023255813953488,1.0,0.0,0.6310198815706772,0.7131934566145093,42
Bach#Prelude#bwv_891#BLINOV04M.43,,,success,,0.912751677852349,0.9464285714285714,0.3023255813953488,1.0,0.0,0.6323011661352538,0.7147950623202302,43
Bach#Prelude#bwv_891#BLINOV04M.45,,,success,,0.8776978417266188,0.9622641509433962,0.27906976744186046,1.0,0.5,0.7238063520223751,0.8349904981675038,45
Bach#Prelude#bwv_891#BLINOV04M.46,,,success,,0.8840579710144928,0.962962962962963,0.27906976744186046,1.0,0.5,0.7252181402838633,0.836755233494364,46
Bach#Prelude#bwv_891#BLINOV04M.47,,,success,,0.8592592592592593,0.9818181818181818,0.3023255813953488,0.9905660377358491,0.5,0.7267938120417278,0.8329108697033225,47
Bach#Prelude#bwv_891#BLINOV04M.48,,,success,,0.8219178082191781,0.9197530864197532,0.3023255813953488,0.9901960784313726,0.0,0.6068385108931306,0.682966743267576,48
Bach#Prelude#bwv_891#BLINOV04M.5,,,success,,0.8904109589041096,0.8742690058479533,0.3023255813953488,0.9886792452830189,0.5,0.7111369582860861,0.8133398025087704,5
Bach#Prelude#bwv_891#BLINOV04M.50,,,success,,0.6832298136645962,0.8594771241830066,0.29885057471264365,1.0,0.0,0.5683115025120493,0.6356767344619008,50
Bach#Prelude#bwv_891#BLINOV04M.51,,,success,,0.7596899224806202,0.7481481481481481,0.2674418604651163,1.0,0.0,0.5550559862187769,0.626959517657192,51
Bach#Prelude#bwv_891#BLINOV04M.52,,,success,,0.7031250000000001,0.7984496124031009,0.18390804597701152,0.9852941176470589,0.5,0.6341553552054343,0.7467171825125399,52
Bach#Prelude#bwv_891#BLINOV04M.53,,,conversion_error,conversion_error,0,0,0,0,0,0,0,53
Bach#Prelude#bwv_891#BLINOV04M.55,,,conversion_error,conversion_error,0,0,0,0,0,0,0,55
Bach#Prelude#bwv_891#BLINOV04M.56,,,success,,0.6797385620915033,0.8829787234042553,0.5,1.0,0.5,0.7125434570991518,0.7656793213739397,56
Bach#Prelude#bwv_891#BLINOV04M.57,,,success,,0.8888888888888887,0.9367816091954022,0.2696629213483146,0.9833333333333333,0.5,0.7157333505531878,0.827250957854406,57
Bach#Prelude#bwv_891#BLINOV04M.58,,,success,,0.8489208633093526,0.9025157232704402,0.3783783783783784,0.9897959183673469,0.5,0.7239221766651036,0.8103081262367849,58
Bach#Prelude#bwv_891#BLINOV04M.6,,,conversion_error,conversion_error,0,0,0,0,0,0,0,6
Bach#Prelude#bwv_891#BLINOV04M.60,,,success,,0.846153846153846,0.8518518518518517,0.29885057471264365,1.0,0.0,0.5993712545436682,0.6745014245014245,60
Bach#Prelude#bwv_891#BLINOV04M.61,,,success,,0.7453416149068323,0.8605442176870748,0.2413793103448276,1.0,0.0,0.5694530285877469,0.6514714581484767,61
Bach#Prelude#bwv_891#BLINOV04M.7,,,success,,0.6867469879518071,0.7750000000000001,0.29213483146067415,0.9880952380952381,0.0,0.5483954115015439,0.6124605565117613,7
Bach#Prelude#bwv_891#BLINOV04M.75,,,success,,0.8322981366459627,0.9181286549707602,0.29213483146067415,1.0,0.0,0.6085123246154793,0.6876066979041807,75
Bach#Prelude#bwv_891#BLINOV04M.76,,,conversion_error,conversion_error,0,0,0,0,0,0,0,76
Bach#Prelude#bwv_891#BLINOV04M.77,,,success,,0.5211267605633804,1.0,0.13953488372093023,1.0,0.0,0.5321323288568621,0.6302816901408451,77
Bach#Prelude#bwv_891#BLINOV04M.8,,,success,,0.8481012658227848,0.7923976608187135,0.3023255813953488,0.9803921568627451,0.0,0.5846433329799184,0.6552227708760608,8
Bach#Prelude#bwv_891#Duepree06M.10,,,success,,0.9115646258503401,0.8727272727272727,0.3023255813953488,1.0,0.0,0.6173234959945924,0.6960729746444032,10
Bach#Prelude#bwv_891#Duepree06M.11,,,success,,0.7448275862068966,0.8555555555555556,0.3023255813953488,1.0,0.0,0.5805417446315603,0.6500957854406131,11
Bach#Prelude#bwv_891#Duepree06M.12,,,conversion_error,conversion_error,0,0,0,0,0,0,0,12
Bach#Prelude#bwv_891#Duepree06M.13,,,success,,0.7832167832167832,0.84640522875817,0.3023255813953488,1.0,0.0,0.5863895186740604,0.6574055029937383,13
Bach#Prelude#bwv_891#Duepree06M.2,,,success,,0.8104575163398693,0.8981481481481481,0.29213483146067415,1.0,0.0,0.6001480991897383,0.6771514161220044,2
Bach#Prelude#bwv_891#Duepree06M.20,,,success,,0.8085106382978723,0.8484848484848485,0.3023255813953488,0.9891304347826086,0.0,0.5896903005921356,0.6615314803913324,20
Bach#Prelude#bwv_891#Duepree06M.21,,,success,,0.8082191780821918,0.6845238095238095,0.2674418604651163,1.0,0.0,0.5520369696142235,0.6231857469015003,21
Bach#Prelude#bwv_891#Duepree06M.22,,,success,,0.8611111111111112,0.7324159021406728,0.2674418604651163,0.9893617021276596,0.0,0.570066115168912,0.6457221788448609,22
Bach#Prelude#bwv_891#Duepree06M.23,,,success,,0.6582278481012659,0.6507575757575759,0.1149425287356322,1.0,0.0,0.4847855905188948,0.5772463559647104,23
Bach#Prelude#bwv_891#Duepree06M.25,,,success,,0.6490066225165563,0.6888888888888888,0.2247191011235955,1.0,1.0,0.7125229225058082,0.8344738778513613,25
Bach#Prelude#bwv_891#Duepree06M.26,,,conversion_error,conversion_error,0,0,0,0,0,0,0,26
Bach#Prelude#bwv_891#Duepree06M.27,,,success,,0.7066666666666668,0.7108843537414965,0.23913043478260868,0.9220370370370371,0.0,0.5157436984455618,0.5848970143613,27
Bach#Prelude#bwv_891#Duepree06M.28,,,conversion_error,conversion_error,0,0,0,0,0,0,0,28
Bach#Prelude#bwv_891#Duepree06M.3,,,success,,0.6797385620915033,0.8977272727272727,0.29885057471264365,1.0,0.0,0.575263281906284,0.644366458704694,3
Bach#Prelude#bwv_891#Duepree06M.30,,,success,,0.630952380952381,0.6269841269841271,0.1264367816091954,0.9802631578947368,0.0,0.47292728948808804,0.5595499164578113,30
Bach#Prelude#bwv_891#Duepree06M.31,,,success,,0.7125,0.6533333333333333,0.3023255813953488,1.0,0.0,0.5336317829457364,0.5914583333333333,31
Bach#Prelude#bwv_891#Duepree06M.32,,,success,,0.7607361963190183,0.7767295597484277,0.2209302325581395,0.9777777777777777,0.0,0.5472347532806727,0.628810883461306,32
Bach#Prelude#bwv_891#Duepree06M.33,,,success,,0.5859872611464968,0.8952380952380953,0.1724137931034483,1.0,0.5,0.630727829897608,0.7453063390961481,33
Bach#Prelude#bwv_891#Duepree06M.35,,,success,,0.7123287671232877,0.9693877551020408,0.1264367816091954,1.0,0.5,0.6616306607669047,0.7954291305563321,35
Bach#Prelude#bwv_891#Duepree06M.42,,,success,,0.5945945945945945,0.9736842105263158,0.20689655172413793,0.942625,0.0,0.5435600713690096,0.6277259512802276,42
Bach#Prelude#bwv_891#Duepree06M.43,,,success,,0.8843537414965986,0.9722222222222222,0.3023255813953488,1.0,0.0,0.6317803090228339,0.7141439909297052,43
Bach#Prelude#bwv_891#Duepree06M.45,,,success,,0.6521739130434783,0.875,0.1264367816091954,1.0,0.5,0.6307221389305347,0.7567934782608696,45
Bach#Prelude#bwv_891#Duepree06M.46,,,conversion_error,conversion_error,0,0,0,0,0,0,0,46
Bach#Prelude#bwv_891#Duepree06M.47,,,success,,0.9402985074626865,0.9473684210526316,0.3023255813953488,1.0,0.5,0.7379985019821335,0.8469167321288296,47
Bach#Prelude#bwv_891#Duepree06M.48,,,success,,0.8507462686567164,0.9455128205128204,0.3023255813953488,1.0,0.0,0.6197169341129771,0.6990647722923842,48
Bach#Prelude#bwv_891#Duepree06M.5,,,conversion_error,conversion_error,0,0,0,0,0,0,0,5
Bach#Prelude#bwv_891#Duepree06M.50,,,success,,0.8513513513513513,0.8742138364779873,0.2413793103448276,1.0,0.0,0.5933888996348333,0.6813912969573347,50
Bach#Prelude#bwv_891#Duepree06M.51,,,success,,0.8201438848920863,0.7730496453900709,0.3023255813953488,1.0,0.0,0.5791038223355012,0.6482983825705393,51
Bach#Prelude#bwv_891#Duepree06M.52,,,conversion_error,conversion_error,0,0,0,0,0,0,0,52
Bach#Prelude#bwv_891#Duepree06M.53,,,success,,0.864516129032258,0.8129251700680271,0.27906976744186046,0.9940357142857142,0.0,0.5901093561655719,0.6678692533464998,53
Bach#Prelude#bwv_891#Duepree06M.55,,,success,,0.8831168831168831,0.7733333333333334,0.3023255813953488,0.9901960784313726,0.5,0.6897943752553876,0.7866615737203972,55
Bach#Prelude#bwv_891#Duepree06M.56,,,success,,0.8366013071895425,0.9077380952380951,0.3023255813953488,0.9905660377358491,0.5,0.7074462043117671,0.8087263600408716,56
Bach#Prelude#bwv_891#Duepree06M.57,,,success,,0.7755102040816326,0.8888888888888887,0.2528735632183908,0.9886363636363636,0.0,0.5811818039650551,0.6632588641517213,57
Bach#Prelude#bwv_891#Duepree06M.58,,,success,,0.6853146853146853,0.884920634920635,0.18390804597701152,0.9652777777777778,0.0,0.5438842287980219,0.6338782745032745,58
Bach#Prelude#bwv_891#Duepree06M.6,,,conversion_error,conversion_error,0,0,0,0,0,0,0,6
Bach#Prelude#bwv_891#Duepree06M.60,,,success,,0.7152317880794701,0.9081632653061223,0.2298850574712644,0.9871794871794872,0.0,0.5680919196072688,0.6526436351412699,60
Bach#Prelude#bwv_891#Duepree06M.61,,,success,,0.8427672955974843,0.8994708994708994,0.3023255813953488,1.0,0.0,0.6089127552927465,0.6855595487670959,61
Bach#Prelude#bwv_891#Duepree06M.7,,,success,,0.8516129032258065,0.9166666666666666,0.3023255813953488,0.9888888888888888,0.0,0.6118988080353421,0.6892921146953405,7
Bach#Prelude#bwv_891#Duepree06M.75,,,success,,0.7898089171974522,0.845029239766082,0.29213483146067415,1.0,0.0,0.5853945976848417,0.6587095392408835,75
Bach#Prelude#bwv_891#Duepree06M.76,,,success,,0.7066666666666668,0.9183673469387755,0.2696629213483146,0.9924090909090908,0.0,0.5774212051725696,0.6543607761286333,76
Bach#Prelude#bwv_891#Duepree06M.77,,,zero_mv2h,zero_mv2h,0,0,0,0,0,0,0,77
Bach#Prelude#bwv_891#Duepree06M.8,,,success,,0.8441558441558442,0.8589743589743589,0.2558139534883721,0.9795918367346939,0.0,0.5877071986706538,0.6706805099662243,8
Beethoven#Piano_Sonatas#21-1_no_repeat#GonzalezJ06M.100,,,success,,0.6463878326996197,0.7738095238095238,0.6,1.0,0.0,0.6040394713018287,0.6050493391272859,100
Beethoven#Piano_Sonatas#21-1_no_repeat#GonzalezJ06M.102,,,success,,0.7131782945736435,0.9010989010989011,0.5980392156862745,0.9935584415584416,0.0,0.6411749705834521,0.6519589093077466,102
Beethoven#Piano_Sonatas#21-1_no_repeat#GonzalezJ06M.104,,,success,,0.9385964912280702,1.0,0.6666666666666666,0.9615384615384616,0.0,0.7133603238866397,0.725033738191633,104
Beethoven#Piano_Sonatas#21-1_no_repeat#GonzalezJ06M.106,,,success,,0.8660714285714286,1.0,0.5882352941176471,0.9734885683179096,1.0,0.885559058201397,0.9598899992223345,106
Beethoven#Piano_Sonatas#21-1_no_repeat#GonzalezJ06M.108,,,success,,0.7169811320754716,1.0,0.3142857142857143,0.9291445794584097,1.0,0.7920822851639191,0.9115314278834703,108
Beethoven#Piano_Sonatas#21-1_no_repeat#GonzalezJ06M.11,,,success,,0.7314814814814815,0.678082191780822,0.4017857142857143,0.81678125,1.0,0.7256261275096036,0.8065862308155759,11
Beethoven#Piano_Sonatas#21-1_no_repeat#GonzalezJ06M.121,,,success,,0.5583756345177665,0.9811320754716981,0.0,0.9607626851560039,0.0,0.5000540790290937,0.6250675987863671,121
Beethoven#Piano_Sonatas#21-1_no_repeat#GonzalezJ06M.123,,,success,,0.5538461538461538,1.0,0.014925373134328356,0.9446472907842851,0.5,0.6026837635529534,0.7496233611576097,123
Beethoven#Piano_Sonatas#21-1_no_repeat#GonzalezJ06M.124,,,success,,0.5108695652173914,1.0,0.0,0.9658330398027474,0.0,0.49534052100402776,0.6191756512550347,124
Beethoven#Piano_Sonatas#21-1_no_repeat#GonzalezJ06M.126,,,success,,0.4731182795698925,1.0,0.0,0.9667664670658683,0.5,0.5879769493271522,0.7349711866589402,126
Beethoven#Piano_Sonatas#21-1_no_repeat#GonzalezJ06M.127,,,success,,0.5656565656565656,0.9259259259259259,0.0547945205479452,0.9884417212087453,1.0,0.7069637466678363,0.8700060531978092,127
Beethoven#Piano_Sonatas#21-1_no_repeat#GonzalezJ06M.129,,,success,,0.5728643216080401,0.9107142857142857,0.019999999999999997,0.8935849463862973,0.0,0.47943271074172455,0.5942908884271558,129
Beethoven#Piano_Sonatas#21-1_no_repeat#GonzalezJ06M.130,,,success,,0.6120218579234972,0.9215686274509804,0.019607843137254905,0.9114818898787791,0.0,0.4929360436781023,0.6112680938133142,130
Beethoven#Piano_Sonatas#21-1_no_repeat#GonzalezJ06M.141,,,success,,0.5959595959595959,0.8362573099415205,0.4411764705882353,0.9382857142857142,0.5,0.6623358181550131,0.7176256550467076,141
Beethoven#Piano_Sonatas#21-1_no_repeat#GonzalezJ06M.143,,,success,,0.5321100917431193,0.8392857142857143,0.49019607843137264,0.963111111111111,0.5,0.6649405991142634,0.7086267292849862,143
Beethoven#Piano_Sonatas#21-1_no_repeat#GonzalezJ06M.145,,,success,,0.5291479820627802,1.0,0.45098039215686286,1.0,0.5,0.6960256748439286,0.7572869955156951,145
Beethoven#Piano_Sonatas#21-1_no_repeat#GonzalezJ06M.147,,,conversion_error,conversion_error,0,0,0,0,0,0,0,147
Beethoven#Piano_Sonatas#21-1_no_repeat#GonzalezJ06M.149,,,success,,0.5777777777777778,1.0,0.5,0.9137872340425532,1.0,0.7983130023640662,0.8728912529550827,149
Beethoven#Piano_Sonatas#21-1_no_repeat#GonzalezJ06M.165,,,success,,0.7272727272727273,0.8296296296296295,0.3181818181818182,0.6190476190476191,1.0,0.6988263588263588,0.793987493987494,165
Beethoven#Piano_Sonatas#21-1_no_repeat#GonzalezJ06M.166,,,success,,0.7948717948717948,0.7811594202898551,0.3563218390804597,0.47058823529411764,0.0,0.48058825790724546,0.5116548626139419,166
Beethoven#Piano_Sonatas#21-1_no_repeat#GonzalezJ06M.167,,,success,,0.7142857142857143,1.0,0.26666666666666666,0.7264090909090909,0.0,0.5414722943722944,0.6101737012987013,167
Beethoven#Piano_Sonatas#21-1_no_repeat#GonzalezJ06M.168,,,success,,0.6851851851851852,0.8823529411764706,0.5048543689320389,0.5379999999999999,0.0,0.5220784990587389,0.5263845315904139,168
Beethoven#Piano_Sonatas#21-1_no_repeat#GonzalezJ06M.170,,,success,,0.7982062780269059,0.6744186046511628,0.6470588235294118,0.7962962962962963,1.0,0.7831960005007553,0.8172302947435912,170
Beethoven#Piano_Sonatas#21-1_no_repeat#GonzalezJ06M.183,,,success,,0.8846153846153846,0.9779411764705882,0.6666666666666666,1.0,1.0,0.905844645550528,0.9656391402714932,183
Beethoven#Piano_Sonatas#21-1_no_repeat#GonzalezJ06M.185,,,success,,0.8648648648648649,0.9585253456221199,0.5490196078431372,0.9796545454545454,1.0,0.8704128727569336,0.9507611889853825,185
Beethoven#Piano_Sonatas#21-1_no_repeat#GonzalezJ06M.187,,,success,,0.7982062780269057,0.9162790697674418,0.20289855072463767,0.992705882352941,1.0,0.7820179561743852,0.9267978075368221,187
Beethoven#Piano_Sonatas#21-1_no_repeat#GonzalezJ06M.189,,,success,,0.6490066225165563,0.75,0.08571428571428572,0.96032,1.0,0.6890081816461684,0.8398316556291391,189
Beethoven#Piano_Sonatas#21-1_no_repeat#GonzalezJ06M.190,,,success,,0.5606060606060606,0.9428571428571428,0.4803921568627451,0.9583333333333334,1.0,0.7884377387318564,0.8654491341991342,190
Beethoven#Piano_Sonatas#21-1_no_repeat#GonzalezJ06M.192,,,success,,0.4897959183673469,1.0,0.36792452830188677,0.9409565217391304,1.0,0.7597353936816729,0.8576881100266194,192
Beethoven#Piano_Sonatas#21-1_no_repeat#GonzalezJ06M.193,,,success,,0.5030674846625767,0.9266666666666667,0.29126213592233013,0.8833333333333333,1.0,0.7208659241169814,0.8282668711656442,193
Beethoven#Piano_Sonatas#21-1_no_repeat#GonzalezJ06M.203,,,success,,0.5971563981042654,0.875,0.04901960784313726,0.9409363091997822,1.0,0.692422463029437,0.8532731768260119,203
Beethoven#Piano_Sonatas#21-1_no_repeat#GonzalezJ06M.211,,,success,,0.6358974358974359,1.0,0.0,0.959414504324684,1.0,0.719062388044424,0.89882798505553,211
Beethoven#Piano_Sonatas#21-1_no_repeat#GonzalezJ06M.212,,,success,,0.7942583732057417,1.0,0.04040404040404041,0.9423854992717269,1.0,0.7554095825763018,0.9341609681193671,212
Beethoven#Piano_Sonatas#21-1_no_repeat#GonzalezJ06M.213,,,success,,0.7698744769874477,1.0,0.06862745098039215,0.9201306771845971,1.0,0.7517265210304874,0.9225012885430112,213
Beethoven#Piano_Sonatas#21-1_no_repeat#GonzalezJ06M.215,,,success,,0.8014184397163121,0.972972972972973,0.2647058823529412,0.9633673828812962,1.0,0.8004929355847045,0.9344396988926453,215
Beethoven#Piano_Sonatas#21-1_no_repeat#GonzalezJ06M.216,,,success,,0.865771812080537,0.9763779527559056,0.35294117647058826,0.9817914939352065,1.0,0.8353764870484476,0.9559853146929123,216
Beethoven#Piano_Sonatas#21-1_no_repeat#GonzalezJ06M.217,,,success,,0.8516129032258065,0.9769230769230769,0.5784313725490197,0.9859179945194357,1.0,0.8785770694434678,0.9536134936670798,217
Beethoven#Piano_Sonatas#21-1_no_repeat#GonzalezJ06M.219,,,success,,0.8726114649681529,1.0,0.5196078431372549,0.9730769230769231,1.0,0.8730592462364661,0.961422097011269,219
Beethoven#Piano_Sonatas#21-1_no_repeat#GonzalezJ06M.220,,,success,,0.4879518072289157,1.0,0.5980392156862745,0.9930555555555556,1.0,0.8158093156941492,0.8702518406961178,220
Beethoven#Piano_Sonatas#21-1_no_repeat#GonzalezJ06M.222,,,success,,0.7885714285714286,1.0,0.6666666666666666,1.0,1.0,0.8910476190476191,0.9471428571428572,222
Beethoven#Piano_Sonatas#21-1_no_repeat#GonzalezJ06M.224,,,success,,0.6474358974358975,0.9642857142857143,0.5196078431372549,0.9566933333333333,1.0,0.81760455763844,0.8921037362637363,224
Beethoven#Piano_Sonatas#21-1_no_repeat#GonzalezJ06M.226,,,success,,0.7782101167315175,0.9450757575757577,0.5,0.9719550561797753,1.0,0.8390481860974102,0.9238102326217627,226
Beethoven#Piano_Sonatas#21-1_no_repeat#GonzalezJ06M.227,,,success,,0.6502057613168725,0.9041095890410958,0.5588235294117647,0.9792142857142857,1.0,0.8184706330968037,0.8833824090180635,227
Beethoven#Piano_Sonatas#21-1_no_repeat#GonzalezJ06M.23,,,success,,0.9487179487179489,1.0,0.6666666666666666,1.0,0.5,0.823076923076923,0.8621794871794872,23
Beethoven#Piano_Sonatas#21-1_no_repeat#GonzalezJ06M.25,,,success,,0.9185185185185185,0.9500000000000001,0.5196078431372549,0.9907289719626168,0.5,0.7757710667236781,0.8398118726202839,25
Beethoven#Piano_Sonatas#21-1_no_repeat#GonzalezJ06M.254,,,success,,0.6622516556291391,1.0,0.36893203883495146,0.8423225806451613,1.0,0.7747012550218504,0.8761435590685751,254
Beethoven#Piano_Sonatas#21-1_no_repeat#GonzalezJ06M.256,,,success,,0.5993690851735017,0.8782051282051283,0.2314814814814815,0.82865,1.0,0.7075411389720223,0.8265560533446575,256
Beethoven#Piano_Sonatas#21-1_no_repeat#GonzalezJ06M.257,,,success,,0.6141078838174274,0.8508611955420466,0.37142857142857144,0.9398518518518519,1.0,0.7552499005279796,0.8512052328028314,257
Beethoven#Piano_Sonatas#21-1_no_repeat#GonzalezJ06M.27,,,success,,0.839779005524862,0.8591549295774648,0.3,0.9906415094339623,0.5,0.6979150889072578,0.7973938611340723,27
Beethoven#Piano_Sonatas#21-1_no_repeat#GonzalezJ06M.274,,,timeout,timeout,0,0,0,0,0,0,0,274
Beethoven#Piano_Sonatas#21-1_no_repeat#GonzalezJ06M.276,,,success,,0.5909090909090908,0.9010416666666666,0.4313725490196078,0.9600384615384615,1.0,0.7766723536267653,0.8629973047785547,276
Beethoven#Piano_Sonatas#21-1_no_repeat#GonzalezJ06M.29,,,conversion_error,conversion_error,0,0,0,0,0,0,0,29
Beethoven#Piano_Sonatas#21-1_no_repeat#GonzalezJ06M.294,,,success,,0.6510067114093959,0.9755555555555557,0.40952380952380946,0.9681348314606741,1.0,0.800844181589887,0.8986742746064065,294
Beethoven#Piano_Sonatas#21-1_no_repeat#GonzalezJ06M.295,,,success,,0.6771653543307086,1.0,0.43979057591623033,0.9342631578947369,1.0,0.8102438176283352,0.9028571280563613,295
Beethoven#Piano_Sonatas#21-1_no_repeat#GonzalezJ06M.30,,,success,,0.6031746031746033,0.9142857142857143,0.5142857142857142,0.9047619047619048,0.0,0.5873015873015872,0.6055555555555555,30
Beethoven#Piano_Sonatas#21-1_no_repeat#GonzalezJ06M.49,,,success,,0.7314285714285714,1.0,0.07142857142857144,0.9078104560110548,0.0,0.5421335197736395,0.6598097568599065,49
Beethoven#Piano_Sonatas#21-1_no_repeat#GonzalezJ06M.51,,,success,,0.6696035242290749,1.0,0.01438848920863309,0.8730694341122219,0.0,0.511412289509986,0.6356682395853241,51
Beethoven#Piano_Sonatas#21-1_no_repeat#GonzalezJ06M.52,,,success,,0.5950413223140496,1.0,0.02857142857142857,0.8686719060906559,0.0,0.49845693139522684,0.6159283071011764,52
Beethoven#Piano_Sonatas#21-1_no_repeat#GonzalezJ06M.54,,,success,,0.8158844765342961,0.972972972972973,0.29411764705882354,0.9570939753146769,0.0,0.608013814376154,0.6864878562054865,54
Beethoven#Piano_Sonatas#21-1_no_repeat#GonzalezJ06M.56,,,success,,0.8758169934640523,0.9772727272727273,0.5098039215686274,0.9867768595041323,1.0,0.8699341003619079,0.959966645060228,56
Beethoven#Piano_Sonatas#21-1_no_repeat#GonzalezJ06M.58,,,success,,0.7405063291139241,1.0,0.4411764705882353,0.9375,1.0,0.8238365599404318,0.919501582278481,58
Beethoven#Piano_Sonatas#21-1_no_repeat#GonzalezJ06M.60,,,success,,0.6927710843373495,1.0,0.49019607843137264,1.0,1.0,0.8365934325537445,0.9231927710843374,60
Beethoven#Piano_Sonatas#21-1_no_repeat#GonzalezJ06M.62,,,success,,0.5822784810126582,1.0,0.4077669902912621,0.8949538461538462,1.0,0.7769998634915533,0.8693080817916261,62
Beethoven#Piano_Sonatas#21-1_no_repeat#GonzalezJ06M.64,,,success,,0.5925925925925926,0.96,0.36792452830188677,0.9681764705882353,1.0,0.777738718296543,0.8801922657952069,64
Beethoven#Piano_Sonatas#21-1_no_repeat#GonzalezJ06M.66,,,success,,0.7982062780269057,0.9647058823529412,0.6666666666666666,1.0,1.0,0.8859157654093026,0.9407280400949617,66
Beethoven#Piano_Sonatas#21-1_no_repeat#GonzalezJ06M.82,,,success,,0.631578947368421,0.91005291005291,0.5392156862745098,0.9224137931034483,0.0,0.6006522673598578,0.6160114126311949,82
Beethoven#Piano_Sonatas#21-1_no_repeat#GonzalezJ06M.83,,,success,,0.7205882352941176,0.8863636363636364,0.5980392156862745,0.9541999999999999,0.0,0.6318382174688058,0.6402879679144384,83
Beethoven#Piano_Sonatas#21-1_no_repeat#GonzalezJ06M.84,,,success,,0.5871559633027522,0.7857142857142858,0.4421052631578947,0.8958999999999999,0.0,0.5421751024349865,0.5671925622542595,84
Beethoven#Piano_Sonatas#21-1_no_repeat#GonzalezJ06M.9,,,success,,0.7593582887700535,0.7994791666666666,0.5196078431372549,0.8790882352941176,1.0,0.7915067067736186,0.8594814226827094,9
Beethoven#Piano_Sonatas#21-1_no_repeat#GonzalezJ06M.95,,,success,,0.648,0.8375,0.6071428571428571,1.0,0.0,0.6185285714285714,0.621375,95
Beethoven#Piano_Sonatas#21-1_no_repeat#GonzalezJ06M.97,,,success,,0.6035087719298246,0.5176470588235295,0.5803571428571429,0.9793488372093023,0.0,0.5361723621639598,0.5251261669906641,97
Beethoven#Piano_Sonatas#21-1_no_repeat#GonzalezJ06M.99,,,success,,0.6,0.759493670886076,0.6415094339622641,1.0,0.0,0.600200620969668,0.589873417721519,99
Beethoven#Piano_Sonatas#21-1_no_repeat#KimSY02M.100,,,success,,0.7196652719665272,1.0,0.5980392156862745,0.9932972972972973,0.0,0.6622003569900198,0.6782406423159562,100
Beethoven#Piano_Sonatas#21-1_no_repeat#KimSY02M.102,,,success,,0.7932489451476793,0.967391304347826,0.6470588235294118,0.9815308641975308,0.0,0.6778459874444895,0.6855427784232591,102
Beethoven#Piano_Sonatas#21-1_no_repeat#KimSY02M.104,,,success,,0.8088888888888889,1.0,0.6666666666666666,0.9814814814814815,0.0,0.6914074074074074,0.6975925925925925,104
Beethoven#Piano_Sonatas#21-1_no_repeat#KimSY02M.106,,,success,,0.8161434977578476,1.0,0.5882352941176471,0.9956923076923078,1.0,0.8800142199135605,0.9529589513625388,106
Beethoven#Piano_Sonatas#21-1_no_repeat#KimSY02M.108,,,success,,0.7793427230046949,1.0,0.4019607843137255,0.9638982903757701,1.0,0.829040359538838,0.9358102533451162,108
Beethoven#Piano_Sonatas#21-1_no_repeat#KimSY02M.11,,,zero_mv2h,zero_mv2h,0,0,0,0,0,0,0,11
Beethoven#Piano_Sonatas#21-1_no_repeat#KimSY02M.121,,,success,,0.5628140703517588,1.0,0.009389671361502348,0.8991282788522281,0.0,0.49426640411309786,0.6154855873009968,121
Beethoven#Piano_Sonatas#21-1_no_repeat#KimSY02M.123,,,success,,0.5380710659898478,1.0,0.0,0.8869798054493424,0.5,0.5850101742878381,0.7312627178597976,123
Beethoven#Piano_Sonatas#21-1_no_repeat#KimSY02M.124,,,success,,0.6117647058823529,1.0,0.09999999999999999,0.9429473684210524,0.0,0.5309424148606812,0.6386780185758514,124
Beethoven#Piano_Sonatas#21-1_no_repeat#KimSY02M.126,,,success,,0.6153846153846153,1.0,0.014492753623188406,0.9180395894957075,0.5,0.6095833917007023,0.7583560512200808,126
Beethoven#Piano_Sonatas#21-1_no_repeat#KimSY02M.127,,,success,,0.7058823529411765,1.0,0.07142857142857144,0.946893099047806,1.0,0.7448408046835108,0.9131938629972457,127
Beethoven#Piano_Sonatas#21-1_no_repeat#KimSY02M.129,,,success,,0.6321243523316061,1.0,0.04040404040404041,0.9327227897146884,1.0,0.7210502364900669,0.8912117855115737,129
Beethoven#Piano_Sonatas#21-1_no_repeat#KimSY02M.130,,,success,,0.6666666666666667,1.0,0.02,0.9419983562287191,1.0,0.7257330045790772,0.9021662557238465,130
Beethoven#Piano_Sonatas#21-1_no_repeat#KimSY02M.141,,,success,,0.49473684210526314,0.8043478260869565,0.10784313725490195,0.9751999999999998,0.5,0.5764255610894243,0.6935711670480549,141
Beethoven#Piano_Sonatas#21-1_no_repeat#KimSY02M.143,,,success,,0.41592920353982293,0.9481481481481482,0.3119266055045871,0.9075388235294117,0.5,0.616708556144394,0.6929040438043457,143
Beethoven#Piano_Sonatas#21-1_no_repeat#KimSY02M.145,,,timeout,timeout,0,0,0,0,0,0,0,145
Beethoven#Piano_Sonatas#21-1_no_repeat#KimSY02M.147,,,conversion_error,conversion_error,0,0,0,0,0,0,0,147
Beethoven#Piano_Sonatas#21-1_no_repeat#KimSY02M.149,,,timeout,timeout,0,0,0,0,0,0,0,149
Beethoven#Piano_Sonatas#21-1_no_repeat#KimSY02M.165,,,success,,0.6896551724137931,0.88,0.42696629213483145,0.7894736842105263,1.0,0.7572190297518302,0.8397822141560798,165
Beethoven#Piano_Sonatas#21-1_no_repeat#KimSY02M.166,,,success,,0.6666666666666667,0.6856060606060606,0.6565656565656566,0.47058823529411764,0.0,0.49588532382650036,0.4557152406417112,166
Beethoven#Piano_Sonatas#21-1_no_repeat#KimSY02M.167,,,zero_mv2h,zero_mv2h,0,0,0,0,0,0,0,167
Beethoven#Piano_Sonatas#21-1_no_repeat#KimSY02M.168,,,success,,0.8130081300813008,0.9148936170212766,0.6666666666666666,0.725,1.0,0.8239136827538488,0.8632254367756443,168
Beethoven#Piano_Sonatas#21-1_no_repeat#KimSY02M.170,,,success,,0.8584070796460177,0.8617021276595744,0.6666666666666666,0.8719512195121951,1.0,0.8517454186968909,0.8980151067044468,170
Beethoven#Piano_Sonatas#21-1_no_repeat#KimSY02M.183,,,success,,0.9166666666666666,1.0,0.6666666666666666,1.0,1.0,0.9166666666666666,0.9791666666666666,183
Beethoven#Piano_Sonatas#21-1_no_repeat#KimSY02M.185,,,success,,0.9797297297297298,1.0,0.6666666666666666,1.0,1.0,0.9292792792792792,0.9949324324324325,185
Beethoven#Piano_Sonatas#21-1_no_repeat#KimSY02M.187,,,success,,0.8395061728395061,0.9076479076479076,0.49019607843137264,0.9960941176470589,1.0,0.8466888553131691,0.9358120495336182,187
Beethoven#Piano_Sonatas#21-1_no_repeat#KimSY02M.189,,,success,,0.7883211678832117,0.8367346938775511,0.6666666666666666,1.0,1.0,0.8583445056854859,0.9062639654401907,189
Beethoven#Piano_Sonatas#21-1_no_repeat#KimSY02M.190,,,success,,0.6369426751592356,0.7624113475177304,0.5145631067961165,0.9193548387096774,1.0,0.766654393636552,0.8296772153466608,190
Beethoven#Piano_Sonatas#21-1_no_repeat#KimSY02M.192,,,success,,0.5290322580645163,1.0,0.3235294117647059,0.856,1.0,0.7417123339658445,0.8462580645161291,192
Beethoven#Piano_Sonatas#21-1_no_repeat#KimSY02M.193,,,success,,0.6276595744680851,0.9375,0.37254901960784315,0.7346938775510204,1.0,0.7344804943253898,0.8249633630047764,193
Beethoven#Piano_Sonatas#21-1_no_repeat#KimSY02M.203,,,success,,0.5420560747663551,0.9171428571428573,0.0101010101010101,0.9501164670658684,1.0,0.6838832818152182,0.8523288497437702,203
Beethoven#Piano_Sonatas#21-1_no_repeat#KimSY02M.211,,,success,,0.8,0.958904109589041,0.07843137254901962,0.9462949101796407,1.0,0.7567260784635403,0.9262997549421705,211
Beethoven#Piano_Sonatas#21-1_no_repeat#KimSY02M.212,,,success,,0.6877828054298643,1.0,0.09,0.9369808769557659,1.0,0.742952736477126,0.9061909205964076,212
Beethoven#Piano_Sonatas#21-1_no_repeat#KimSY02M.213,,,success,,0.7136929460580913,0.9779116465863454,0.07843137254901962,0.9210236071840473,1.0,0.7382119144755007,0.903157049957121,213
Beethoven#Piano_Sonatas#21-1_no_repeat#KimSY02M.215,,,success,,0.657243816254417,1.0,0.19417475728155337,0.9233688323075814,1.0,0.7549574811687103,0.8951531621404996,215
Beethoven#Piano_Sonatas#21-1_no_repeat#KimSY02M.216,,,success,,0.7986577181208053,0.9743589743589743,0.4313725490196078,0.968581951019185,1.0,0.8345942385037144,0.9353996608747411,216
Beethoven#Piano_Sonatas#21-1_no_repeat#KimSY02M.217,,,success,,0.549520766773163,0.9642857142857143,0.2843137254901961,0.9689593785402169,1.0,0.7534159170178581,0.8706914648997736,217
Beethoven#Piano_Sonatas#21-1_no_repeat#KimSY02M.219,,,success,,0.7210031347962383,1.0,0.44954128440366964,0.9766274509803922,1.0,0.8294343740360599,0.9244076464441576,219
Beethoven#Piano_Sonatas#21-1_no_repeat#KimSY02M.220,,,success,,0.7294117647058822,1.0,0.4077669902912621,0.9560363636363637,1.0,0.8186430237267016,0.9213620320855614,220
Beethoven#Piano_Sonatas#21-1_no_repeat#KimSY02M.222,,,success,,0.6415094339622642,1.0,0.5490196078431372,0.912621359223301,1.0,0.8206300802057406,0.8885326982963913,222
Beethoven#Piano_Sonatas#21-1_no_repeat#KimSY02M.224,,,success,,0.6055045871559633,1.0,0.42156862745098034,0.97915,1.0,0.8012446429213886,0.8961636467889909,224
Beethoven#Piano_Sonatas#21-1_no_repeat#KimSY02M.226,,,success,,0.7636363636363636,0.9340659340659341,0.6190476190476191,0.9659090909090909,1.0,0.8565318015318015,0.9159028471528471,226
Beethoven#Piano_Sonatas#21-1_no_repeat#KimSY02M.227,,,success,,0.6827309236947792,0.7974683544303798,0.6095238095238095,0.9180327868852459,1.0,0.8015511749068429,0.8495580162526012,227
Beethoven#Piano_Sonatas#21-1_no_repeat#KimSY02M.23,,,success,,0.9875,1.0,0.6666666666666666,1.0,0.5,0.8308333333333333,0.871875,23
Beethoven#Piano_Sonatas#21-1_no_repeat#KimSY02M.25,,,success,,0.9253731343283583,0.9500000000000001,0.5047619047619047,0.9919279279279279,0.5,0.7744125934036382,0.8418252655640716,25
Beethoven#Piano_Sonatas#21-1_no_repeat#KimSY02M.254,,,success,,0.45847176079734225,0.903954802259887,0.1904761904761905,0.9412549019607843,1.0,0.6988315310988409,0.8259203662545034,254
Beethoven#Piano_Sonatas#21-1_no_repeat#KimSY02M.256,,,success,,0.6959706959706959,0.9735632183908046,0.3142857142857143,0.9276091954022988,1.0,0.7822857648099028,0.8992857774409498,256
Beethoven#Piano_Sonatas#21-1_no_repeat#KimSY02M.257,,,success,,0.7148014440433211,0.9064327485380117,0.37254901960784315,0.9667764705882353,1.0,0.7921119365554823,0.8970026657923921,257
Beethoven#Piano_Sonatas#21-1_no_repeat#KimSY02M.27,,,success,,0.8068181818181818,0.9552238805970149,0.4803921568627451,1.0,0.0,0.6484868438555884,0.6905105156037992,27
Beethoven#Piano_Sonatas#21-1_no_repeat#KimSY02M.274,,,success,,0.6138613861386139,0.8688524590163934,0.3113207547169811,0.9822222222222223,1.0,0.7552513644188421,0.8662340168443075,274
Beethoven#Piano_Sonatas#21-1_no_repeat#KimSY02M.276,,,success,,0.5520361990950226,0.85,0.3137254901960785,0.9710232558139534,1.0,0.7373569890210109,0.843264863727244,276
Beethoven#Piano_Sonatas#21-1_no_repeat#KimSY02M.29,,,success,,0.618421052631579,0.8674242424242425,0.45714285714285713,0.9375714285714285,0.0,0.5761119161540214,0.6058541809068125,29
Beethoven#Piano_Sonatas#21-1_no_repeat#KimSY02M.294,,,success,,0.7739938080495357,0.8973646723646723,0.6213592233009708,0.9867256637168141,1.0,0.8558886734863986,0.9145210360327556,294
Beethoven#Piano_Sonatas#21-1_no_repeat#KimSY02M.295,,,success,,0.7259786476868327,0.9143897996357013,0.40677966101694923,0.9111555555555555,1.0,0.7916607327790078,0.8878810007195224,295
Beethoven#Piano_Sonatas#21-1_no_repeat#KimSY02M.30,,,success,,0.676470588235294,0.8423423423423423,0.5619047619047619,0.967741935483871,0.0,0.6096919255932539,0.6216387165153768,30
Beethoven#Piano_Sonatas#21-1_no_repeat#KimSY02M.49,,,success,,0.7314285714285714,1.0,0.05797101449275362,0.9171891511095457,0.0,0.5413177474061741,0.6621544306345293,49
Beethoven#Piano_Sonatas#21-1_no_repeat#KimSY02M.51,,,timeout,timeout,0,0,0,0,0,0,0,51
Beethoven#Piano_Sonatas#21-1_no_repeat#KimSY02M.52,,,success,,0.5021645021645021,1.0,0.04285714285714286,0.9478475856442813,0.0,0.49857384613318523,0.6125030219521959,52
Beethoven#Piano_Sonatas#21-1_no_repeat#KimSY02M.54,,,success,,0.7561837455830389,1.0,0.34313725490196073,0.9580838323353292,1.0,0.8114809665640659,0.9285668944795921,54
Beethoven#Piano_Sonatas#21-1_no_repeat#KimSY02M.56,,,success,,0.8910891089108911,1.0,0.5490196078431372,0.9864689226198765,1.0,0.885315527874781,0.9693895078826918,56
Beethoven#Piano_Sonatas#21-1_no_repeat#KimSY02M.58,,,success,,0.8875,1.0,0.6666666666666666,0.9962962962962963,1.0,0.9100925925925927,0.970949074074074,58
Beethoven#Piano_Sonatas#21-1_no_repeat#KimSY02M.60,,,success,,0.7071823204419889,1.0,0.4705882352941177,0.9182692307692307,1.0,0.8192079573010675,0.9063628878028049,60
Beethoven#Piano_Sonatas#21-1_no_repeat#KimSY02M.62,,,success,,0.8385269121813032,1.0,0.6666666666666666,0.9924242424242424,1.0,0.8995235642544424,0.9577377886513865,62
Beethoven#Piano_Sonatas#21-1_no_repeat#KimSY02M.64,,,success,,0.8333333333333333,0.88659793814433,0.5,0.9694678899082568,1.0,0.8378798322771839,0.92234979034648,64
Beethoven#Piano_Sonatas#21-1_no_repeat#KimSY02M.66,,,success,,0.7203389830508474,0.8607594936708861,0.14705882352941177,0.9571428571428572,1.0,0.7370600314788005,0.8845603334661477,66
Beethoven#Piano_Sonatas#21-1_no_repeat#KimSY02M.82,,,success,,0.8160000000000001,0.9268292682926831,0.6476190476190475,0.9702380952380952,1.0,0.8721372822299653,0.9282668408826946,82
Beethoven#Piano_Sonatas#21-1_no_repeat#KimSY02M.83,,,success,,0.6821705426356589,0.8379629629629629,0.6190476190476191,0.9833333333333333,0.0,0.6245028915959148,0.6258667097329887,83
Beethoven#Piano_Sonatas#21-1_no_repeat#KimSY02M.84,,,success,,0.4912280701754386,0.9347826086956522,0.4019607843137255,0.9736842105263158,0.0,0.5603311347422265,0.5999237223493517,84
Beethoven#Piano_Sonatas#21-1_no_repeat#KimSY02M.9,,,success,,0.7157894736842104,0.9791666666666669,0.5294117647058824,0.8813559322033898,1.0,0.8211447674520299,0.8940780181385668,9
Beethoven#Piano_Sonatas#21-1_no_repeat#KimSY02M.95,,,success,,0.807843137254902,0.9306930693069307,0.6476190476190475,0.9915730337078652,0.0,0.6755456575777491,0.6825273100674245,95
Beethoven#Piano_Sonatas#21-1_no_repeat#KimSY02M.97,,,success,,0.6183206106870229,0.6125,0.6238532110091742,1.0,0.0,0.5709347643392395,0.5577051526717558,97
Beethoven#Piano_Sonatas#21-1_no_repeat#KimSY02M.99,,,success,,0.744,0.8901098901098901,0.6666666666666666,1.0,0.0,0.6601553113553114,0.6585274725274726,99
Beethoven#Piano_Sonatas#21-1_no_repeat#LeeN02M.100,,,success,,0.7836734693877551,0.968421052631579,0.6666666666666666,0.9854651162790697,0.0,0.6808452609930141,0.6843899095746009,100
Beethoven#Piano_Sonatas#21-1_no_repeat#LeeN02M.102,,,success,,0.7099567099567101,0.9135802469135802,0.5980392156862745,1.0,0.0,0.644315234511313,0.6558842392175726,102
Beethoven#Piano_Sonatas#21-1_no_repeat#LeeN02M.104,,,success,,0.7678571428571429,0.9642857142857143,0.5588235294117647,0.9795068493150684,0.0,0.6540946471739381,0.6779124266144814,104
Beethoven#Piano_Sonatas#21-1_no_repeat#LeeN02M.106,,,success,,0.5887850467289719,0.9508196721311475,0.4705882352941177,0.9681488087654478,1.0,0.795668352583937,0.8769383819063918,106
Beethoven#Piano_Sonatas#21-1_no_repeat#LeeN02M.108,,,success,,0.766990291262136,1.0,0.3904761904761905,0.948617470940472,1.0,0.8212167905357596,0.928901940550652,108
Beethoven#Piano_Sonatas#21-1_no_repeat#LeeN02M.11,,,success,,0.7142857142857143,0.721111111111111,0.37254901960784315,0.8742169811320755,1.0,0.7364325652273488,0.8274034516322253,11
Beethoven#Piano_Sonatas#21-1_no_repeat#LeeN02M.121,,,conversion_error,conversion_error,0,0,0,0,0,0,0,121
Beethoven#Piano_Sonatas#21-1_no_repeat#LeeN02M.123,,,success,,0.5671641791044776,1.0,0.04285714285714286,0.9118870692350239,0.5,0.6043816782393289,0.7447628120848754,123
Beethoven#Piano_Sonatas#21-1_no_repeat#LeeN02M.124,,,success,,0.5813953488372092,0.9375,0.09589041095890412,0.9199315654405475,0.5,0.6069434650473322,0.7347067285694392,124
Beethoven#Piano_Sonatas#21-1_no_repeat#LeeN02M.126,,,success,,0.6923076923076924,1.0,0.04285714285714286,0.9159694841087057,0.5,0.6302268638547083,0.7770692941040995,126
Beethoven#Piano_Sonatas#21-1_no_repeat#LeeN02M.127,,,success,,0.6630434782608695,1.0,0.04901960784313726,0.9419161676646708,1.0,0.7307958507537355,0.9012399114813852,127
Beethoven#Piano_Sonatas#21-1_no_repeat#LeeN02M.129,,,success,,0.6270270270270271,1.0,0.056,0.9293765410355759,0.0,0.5224807136125206,0.6391008920156507,129
Beethoven#Piano_Sonatas#21-1_no_repeat#LeeN02M.130,,,success,,0.7071823204419889,1.0,0.06763285024154589,0.91849632809852,0.0,0.538662299756411,0.6564196621351273,130
Beethoven#Piano_Sonatas#21-1_no_repeat#LeeN02M.141,,,success,,0.7118644067796611,0.8225806451612904,0.009803921568627453,0.9876000000000001,0.5,0.6063697947019158,0.7555112629852379,141
Beethoven#Piano_Sonatas#21-1_no_repeat#LeeN02M.143,,,success,,0.5919282511210763,0.8385416666666667,0.17647058823529413,0.9209274169850131,0.5,0.6055735846016101,0.712849333693189,143
Beethoven#Piano_Sonatas#21-1_no_repeat#LeeN02M.145,,,timeout,timeout,0,0,0,0,0,0,0,145
Beethoven#Piano_Sonatas#21-1_no_repeat#LeeN02M.147,,,conversion_error,conversion_error,0,0,0,0,0,0,0,147
Beethoven#Piano_Sonatas#21-1_no_repeat#LeeN02M.149,,,success,,0.5767790262172284,1.0,0.3185840707964602,0.8842222222222221,1.0,0.7559170638471822,0.8652503121098627,149
Beethoven#Piano_Sonatas#21-1_no_repeat#LeeN02M.165,,,success,,0.6881720430107526,0.7980769230769231,0.4107142857142857,0.54525,1.0,0.6884426503603922,0.7578747415219189,165
Beethoven#Piano_Sonatas#21-1_no_repeat#LeeN02M.166,,,success,,0.7792207792207793,0.71875,0.23529411764705885,0.516675,0.0,0.4499879793735676,0.5036614448051948,166
Beethoven#Piano_Sonatas#21-1_no_repeat#LeeN02M.167,,,success,,0.8941176470588235,0.8434343434343435,0.6666666666666666,0.782258064516129,0.0,0.6372953443351925,0.629952513752324,167
Beethoven#Piano_Sonatas#21-1_no_repeat#LeeN02M.168,,,success,,0.909090909090909,0.9166666666666666,0.6666666666666666,0.7906976744186046,0.0,0.6566243833685694,0.6541138125440451,168
Beethoven#Piano_Sonatas#21-1_no_repeat#LeeN02M.170,,,success,,0.7537688442211055,0.821917808219178,0.49019607843137264,1.0,1.0,0.8131765461743313,0.8939216631100708,170
Beethoven#Piano_Sonatas#21-1_no_repeat#LeeN02M.183,,,success,,0.8488745980707395,1.0,0.5882352941176471,1.0,1.0,0.8874219784376773,0.9622186495176849,183
Beethoven#Piano_Sonatas#21-1_no_repeat#LeeN02M.185,,,success,,0.976271186440678,1.0,0.6666666666666666,1.0,1.0,0.9285875706214689,0.9940677966101695,185
Beethoven#Piano_Sonatas#21-1_no_repeat#LeeN02M.187,,,success,,0.8585365853658536,1.0,0.4803921568627451,1.0,1.0,0.8677857484457198,0.9646341463414634,187
Beethoven#Piano_Sonatas#21-1_no_repeat#LeeN02M.189,,,success,,0.8153846153846154,0.8979591836734694,0.5490196078431372,1.0,1.0,0.8524726813802443,0.9283359497645212,189
Beethoven#Piano_Sonatas#21-1_no_repeat#LeeN02M.190,,,success,,0.6906474820143884,0.9565217391304348,0.4705882352941177,0.9714285714285714,1.0,0.8178372055735025,0.9046494481433487,190
Beethoven#Piano_Sonatas#21-1_no_repeat#LeeN02M.192,,,success,,0.6887417218543045,1.0,0.4705882352941177,0.9311304347826087,1.0,0.8180920783862062,0.9049680391592283,192
Beethoven#Piano_Sonatas#21-1_no_repeat#LeeN02M.193,,,success,,0.6390532544378698,1.0,0.4563106796116505,0.9565217391304348,1.0,0.8103771346359909,0.8988937483920761,193
Beethoven#Piano_Sonatas#21-1_no_repeat#LeeN02M.203,,,success,,0.6111111111111112,0.968,0.03921568627450981,0.9195647167204053,1.0,0.7075783028212053,0.8746689569578792,203
Beethoven#Piano_Sonatas#21-1_no_repeat#LeeN02M.211,,,success,,0.776595744680851,1.0,0.030000000000000002,0.9427701973102974,1.0,0.7498731883982297,0.9298414854977871,211
Beethoven#Piano_Sonatas#21-1_no_repeat#LeeN02M.212,,,success,,0.7545454545454545,1.0,0.060000000000000005,0.9213869558180935,1.0,0.7471864820727097,0.918983102590887,212
Beethoven#Piano_Sonatas#21-1_no_repeat#LeeN02M.213,,,success,,0.7822222222222222,1.0,0.05050505050505051,0.9443335551119982,1.0,0.7554121655678542,0.9316389443335551,213
Beethoven#Piano_Sonatas#21-1_no_repeat#LeeN02M.215,,,success,,0.8469750889679715,0.9743589743589743,0.2549019607843137,0.9601795287928815,1.0,0.8072831105808282,0.9453783980299568,215
Beethoven#Piano_Sonatas#21-1_no_repeat#LeeN02M.216,,,success,,0.8689655172413793,0.9758064516129032,0.35294117647058826,0.9839649122807017,1.0,0.8363356115211145,0.9571842202837461,216
Beethoven#Piano_Sonatas#21-1_no_repeat#LeeN02M.217,,,success,,0.8729641693811074,0.9772727272727273,0.5098039215686274,0.9897637795275591,1.0,0.8699609195500042,0.9600001690453485,217
Beethoven#Piano_Sonatas#21-1_no_repeat#LeeN02M.219,,,success,,0.8397435897435898,1.0,0.6666666666666666,1.0,1.0,0.9012820512820513,0.9599358974358975,219
Beethoven#Piano_Sonatas#21-1_no_repeat#LeeN02M.220,,,success,,0.7914110429447853,1.0,0.6666666666666666,1.0,1.0,0.8916155419222903,0.9478527607361963,220
Beethoven#Piano_Sonatas#21-1_no_repeat#LeeN02M.222,,,success,,0.6477272727272727,1.0,0.5728155339805825,0.9676893203883496,1.0,0.837646425419241,0.9038541482789055,222
Beethoven#Piano_Sonatas#21-1_no_repeat#LeeN02M.224,,,success,,0.7863777089783281,1.0,0.6666666666666666,1.0,1.0,0.8906088751289989,0.9465944272445821,224
Beethoven#Piano_Sonatas#21-1_no_repeat#LeeN02M.226,,,success,,0.8914728682170543,0.9693877551020408,0.6666666666666666,1.0,1.0,0.9055054579971523,0.9652151558297738,226
Beethoven#Piano_Sonatas#21-1_no_repeat#LeeN02M.227,,,success,,0.8869565217391304,1.0,0.6666666666666666,1.0,1.0,0.9107246376811595,0.9717391304347827,227
Beethoven#Piano_Sonatas#21-1_no_repeat#LeeN02M.23,,,success,,0.9875,1.0,0.6666666666666666,1.0,0.5,0.8308333333333333,0.871875,23
Beethoven#Piano_Sonatas#21-1_no_repeat#LeeN02M.25,,,success,,0.9545454545454546,0.9512195121951219,0.6470588235294118,1.0,0.5,0.8105647580539976,0.8514412416851441,25
Beethoven#Piano_Sonatas#21-1_no_repeat#LeeN02M.254,,,success,,0.7306273062730627,1.0,0.5588235294117647,0.9945652173913043,1.0,0.8568032106152262,0.9312981309160917,254
Beethoven#Piano_Sonatas#21-1_no_repeat#LeeN02M.256,,,success,,0.7940074906367042,0.9523809523809524,0.5392156862745098,0.984375,1.0,0.8539958258584333,0.9326908607544142,256
Beethoven#Piano_Sonatas#21-1_no_repeat#LeeN02M.257,,,success,,0.8150943396226416,0.9026881720430108,0.4411764705882353,0.9685306122448979,1.0,0.825497918899757,0.9215782809776375,257
Beethoven#Piano_Sonatas#21-1_no_repeat#LeeN02M.27,,,success,,0.9017341040462428,0.918918918918919,0.6176470588235295,1.0,0.5,0.7876600163577383,0.8301632557412905,27
Beethoven#Piano_Sonatas#21-1_no_repeat#LeeN02M.274,,,success,,0.6086956521739131,0.9444444444444444,0.23000000000000004,0.9526196213425129,1.0,0.7471519435921741,0.8764399294902177,274
Beethoven#Piano_Sonatas#21-1_no_repeat#LeeN02M.276,,,success,,0.6729857819905214,0.9420289855072463,0.45098039215686286,0.9872307692307692,1.0,0.81064518577708,0.9005613841821343,276
Beethoven#Piano_Sonatas#21-1_no_repeat#LeeN02M.29,,,success,,0.5555555555555556,0.9090909090909091,0.42718446601941745,1.0,0.0,0.5783661861331764,0.6161616161616161,29
Beethoven#Piano_Sonatas#21-1_no_repeat#LeeN02M.294,,,success,,0.7702265372168285,0.8878600823045267,0.6078431372549019,0.9904761904761905,1.0,0.8512811894504896,0.9121407024993864,294
Beethoven#Piano_Sonatas#21-1_no_repeat#LeeN02M.295,,,success,,0.704119850187266,0.9718137254901961,0.44324324324324316,0.9702380952380952,1.0,0.81788298283176,0.9115429177288893,295
Beethoven#Piano_Sonatas#21-1_no_repeat#LeeN02M.30,,,success,,0.8292682926829269,0.8981481481481481,0.6666666666666666,0.9634146341463414,0.0,0.6714995483288166,0.6727077687443541,30
Beethoven#Piano_Sonatas#21-1_no_repeat#LeeN02M.49,,,conversion_error,conversion_error,0,0,0,0,0,0,0,49
Beethoven#Piano_Sonatas#21-1_no_repeat#LeeN02M.51,,,success,,0.6261682242990654,1.0,0.1111111111111111,0.9451872104846911,0.0,0.5364933091789735,0.6428388586959392,51
Beethoven#Piano_Sonatas#21-1_no_repeat#LeeN02M.52,,,conversion_error,conversion_error,0,0,0,0,0,0,0,52
Beethoven#Piano_Sonatas#21-1_no_repeat#LeeN02M.54,,,success,,0.7681660899653979,1.0,0.3235294117647059,0.9505389221556888,1.0,0.8084468847771585,0.9296762530302717,54
Beethoven#Piano_Sonatas#21-1_no_repeat#LeeN02M.56,,,success,,0.8013029315960912,0.9836065573770492,0.42156862745098034,0.988036036036036,1.0,0.8389028304920313,0.9432363812522941,56
Beethoven#Piano_Sonatas#21-1_no_repeat#LeeN02M.58,,,success,,0.8895705521472392,1.0,0.627450980392157,0.9706176470588237,1.0,0.8975278359196441,0.9650470498015158,58
Beethoven#Piano_Sonatas#21-1_no_repeat#LeeN02M.60,,,success,,0.46198830409356717,1.0,0.12745098039215685,1.0,1.0,0.7178878568971447,0.8654970760233918,60
Beethoven#Piano_Sonatas#21-1_no_repeat#LeeN02M.62,,,success,,0.7810650887573964,1.0,0.6666666666666666,1.0,1.0,0.8895463510848126,0.9452662721893491,62
Beethoven#Piano_Sonatas#21-1_no_repeat#LeeN02M.64,,,success,,0.8447653429602888,1.0,0.6666666666666666,1.0,1.0,0.9022864019253911,0.9611913357400722,64
Beethoven#Piano_Sonatas#21-1_no_repeat#LeeN02M.66,,,success,,0.8545454545454545,0.9655172413793104,0.6666666666666666,1.0,1.0,0.8973458725182862,0.9550156739811912,66
Beethoven#Piano_Sonatas#21-1_no_repeat#LeeN02M.82,,,success,,0.5384615384615384,0.7307692307692306,0.3796296296296296,0.9246666666666666,1.0,0.7147054131054131,0.7984743589743589,82
Beethoven#Piano_Sonatas#21-1_no_repeat#LeeN02M.83,,,success,,0.7761194029850745,0.7480620155038762,0.5142857142857142,0.9662162162162162,1.0,0.8009366697981761,0.8725994086762917,83
Beethoven#Piano_Sonatas#21-1_no_repeat#LeeN02M.84,,,success,,0.7894736842105263,0.875,0.6666666666666666,0.9696969696969697,0.0,0.6601674641148325,0.6585426634768741,84
Beethoven#Piano_Sonatas#21-1_no_repeat#LeeN02M.9,,,success,,0.7537688442211055,0.7500000000000001,0.5196078431372549,0.8364811320754717,1.0,0.7719715638867664,0.8350624940741442,9
Beethoven#Piano_Sonatas#21-1_no_repeat#LeeN02M.95,,,success,,0.8629032258064516,1.0,0.6666666666666666,1.0,0.0,0.7059139784946236,0.7157258064516129,95
Beethoven#Piano_Sonatas#21-1_no_repeat#LeeN02M.97,,,success,,0.8915662650602411,1.0,0.6666666666666666,1.0,0.0,0.7116465863453815,0.7228915662650602,97
Beethoven#Piano_Sonatas#21-1_no_repeat#LeeN02M.99,,,success,,0.778688524590164,1.0,0.6470588235294118,0.9881428571428572,0.0,0.6827780410524866,0.6917078454332553,99
Beethoven#Piano_Sonatas#21-1_no_repeat#RichardsonC02M.100,,,success,,0.8200836820083681,1.0,0.6601941747572816,1.0,0.0,0.6960555713531299,0.7050209205020921,100
Beethoven#Piano_Sonatas#21-1_no_repeat#RichardsonC02M.102,,,success,,0.8170212765957446,1.0,0.5980392156862745,0.9744772727272728,0.0,0.6779075530018585,0.6978746373307543,102
Beethoven#Piano_Sonatas#21-1_no_repeat#RichardsonC02M.104,,,success,,0.9333333333333332,0.970873786407767,0.6666666666666666,0.9896907216494846,0.0,0.7121129016114502,0.7234744603476462,104
Beethoven#Piano_Sonatas#21-1_no_repeat#RichardsonC02M.106,,,success,,0.8401826484018264,1.0,0.6078431372549019,0.9567531603459748,1.0,0.8809557892005406,0.9492339521869503,106
Beethoven#Piano_Sonatas#21-1_no_repeat#RichardsonC02M.108,,,success,,0.7570093457943925,1.0,0.4117647058823529,0.948469258665767,1.0,0.8234486620685025,0.9263696511150399,108
Beethoven#Piano_Sonatas#21-1_no_repeat#RichardsonC02M.11,,,success,,0.8241206030150753,0.922077922077922,0.5728155339805825,0.847476923076923,1.0,0.8332981964301005,0.89841886204248,11
Beethoven#Piano_Sonatas#21-1_no_repeat#RichardsonC02M.121,,,success,,0.5989847715736041,1.0,0.03947368421052632,0.8862275449101796,0.0,0.504937200138862,0.621303079120946,121
Beethoven#Piano_Sonatas#21-1_no_repeat#RichardsonC02M.123,,,success,,0.5621621621621621,1.0,0.12328767123287672,0.9614616920006142,0.5,0.6293823050791306,0.7559059635406941,123
Beethoven#Piano_Sonatas#21-1_no_repeat#RichardsonC02M.124,,,success,,0.6304347826086957,1.0,0.029197080291970802,0.9237484252995399,0.0,0.5166760576400413,0.6385458019770589,124
Beethoven#Piano_Sonatas#21-1_no_repeat#RichardsonC02M.126,,,success,,0.6629834254143646,1.0,0.014492753623188404,0.9307922616305851,0.5,0.6216536881336276,0.7734439217612374,126
Beethoven#Piano_Sonatas#21-1_no_repeat#RichardsonC02M.127,,,success,,0.6632653061224489,1.0,0.04040404040404041,0.9328208466925861,1.0,0.7272980386438151,0.8990215382037587,127
Beethoven#Piano_Sonatas#21-1_no_repeat#RichardsonC02M.129,,,success,,0.6486486486486487,0.9827586206896551,0.04040404040404041,0.9665668662674651,1.0,0.727675635201962,0.8994935339014423,129
Beethoven#Piano_Sonatas#21-1_no_repeat#RichardsonC02M.130,,,success,,0.656084656084656,1.0,0.0,0.9286881201288346,1.0,0.7169545552426981,0.8961931940533727,130
Beethoven#Piano_Sonatas#21-1_no_repeat#RichardsonC02M.141,,,success,,0.634920634920635,0.824858757062147,0.009852216748768473,0.9862222222222223,0.5,0.5911707661907546,0.736500403551251,141
Beethoven#Piano_Sonatas#21-1_no_repeat#RichardsonC02M.143,,,success,,0.5633802816901408,0.8620689655172413,0.038834951456310676,0.9225142857142856,0.5,0.5773596968755956,0.7119908832304169,143
Beethoven#Piano_Sonatas#21-1_no_repeat#RichardsonC02M.145,,,timeout,timeout,0,0,0,0,0,0,0,145
Beethoven#Piano_Sonatas#21-1_no_repeat#RichardsonC02M.147,,,success,,0.47773279352226716,1.0,0.08290155440414507,0.8845930388219546,1.0,0.6890454773496734,0.8405814580860554,147
Beethoven#Piano_Sonatas#21-1_no_repeat#RichardsonC02M.149,,,timeout,timeout,0,0,0,0,0,0,0,149
Beethoven#Piano_Sonatas#21-1_no_repeat#RichardsonC02M.165,,,success,,0.7032967032967034,0.7980769230769231,0.4848484848484848,0.5869166666666666,1.0,0.7146277555777556,0.7720725732600733,165
Beethoven#Piano_Sonatas#21-1_no_repeat#RichardsonC02M.166,,,success,,0.7435897435897435,0.6992753623188406,0.42156862745098034,0.3888888888888889,0.0,0.45066452444969063,0.4579384986993682,166
Beethoven#Piano_Sonatas#21-1_no_repeat#RichardsonC02M.167,,,success,,0.7551020408163265,0.8166666666666667,0.37142857142857144,0.6206666666666666,0.0,0.5127727891156463,0.548108843537415,167
Beethoven#Piano_Sonatas#21-1_no_repeat#RichardsonC02M.168,,,success,,0.8672566371681415,0.8695652173913043,0.6078431372549019,0.6141052631578947,0.0,0.5917540509944486,0.5877317794293351,168
Beethoven#Piano_Sonatas#21-1_no_repeat#RichardsonC02M.170,,,success,,0.7704918032786886,0.7111111111111111,0.5686274509803922,0.9727272727272728,0.0,0.6045915276194929,0.6135825467792682,170
Beethoven#Piano_Sonatas#21-1_no_repeat#RichardsonC02M.183,,,success,,0.8141025641025641,1.0,0.6666666666666666,1.0,1.0,0.8961538461538462,0.953525641025641,183
Beethoven#Piano_Sonatas#21-1_no_repeat#RichardsonC02M.185,,,success,,0.9455782312925171,1.0,0.6666666666666666,1.0,1.0,0.9224489795918366,0.9863945578231292,185
Beethoven#Piano_Sonatas#21-1_no_repeat#RichardsonC02M.187,,,success,,0.897196261682243,0.967741935483871,0.4886363636363636,1.0,1.0,0.8707149121604957,0.9662345492915285,187
Beethoven#Piano_Sonatas#21-1_no_repeat#RichardsonC02M.189,,,success,,0.8,0.8163265306122449,0.5784313725490197,1.0,1.0,0.8389515806322528,0.9040816326530612,189
Beethoven#Piano_Sonatas#21-1_no_repeat#RichardsonC02M.190,,,success,,0.6099290780141844,0.9512195121951219,0.5533980582524273,0.9333333333333333,1.0,0.8095759963590133,0.8736204808856599,190
Beethoven#Piano_Sonatas#21-1_no_repeat#RichardsonC02M.192,,,success,,0.7088607594936709,0.9832589285714286,0.5784313725490197,0.8255813953488372,1.0,0.8192264911925914,0.8794252708534842,192
Beethoven#Piano_Sonatas#21-1_no_repeat#RichardsonC02M.193,,,success,,0.5698324022346368,1.0,0.42156862745098034,0.9125,1.0,0.7807802059371235,0.8705831005586592,193
Beethoven#Piano_Sonatas#21-1_no_repeat#RichardsonC02M.203,,,success,,0.5687203791469194,0.8172458172458174,0.03921568627450981,0.9539382772915709,1.0,0.6758240319917636,0.8349761184210769,203
Beethoven#Piano_Sonatas#21-1_no_repeat#RichardsonC02M.211,,,success,,0.6701030927835052,1.0,0.0,0.955823047781987,1.0,0.7251852281130985,0.9064815351413731,211
Beethoven#Piano_Sonatas#21-1_no_repeat#RichardsonC02M.212,,,success,,0.7373271889400923,0.987012987012987,0.05882352941176471,0.9081543565566613,1.0,0.7382636123843012,0.9081236331274352,212
Beethoven#Piano_Sonatas#21-1_no_repeat#RichardsonC02M.213,,,success,,0.7341772151898734,1.0,0.060000000000000005,0.9391215982745984,1.0,0.7466597626928944,0.9183247033661179,213
Beethoven#Piano_Sonatas#21-1_no_repeat#RichardsonC02M.215,,,success,,0.759581881533101,1.0,0.2549019607843137,0.9805655300397653,1.0,0.799009874471436,0.9350368528932166,215
Beethoven#Piano_Sonatas#21-1_no_repeat#RichardsonC02M.216,,,success,,0.7891156462585034,1.0,0.3137254901960785,0.9779591006665914,1.0,0.8161600474242346,0.9417686867312737,216
Beethoven#Piano_Sonatas#21-1_no_repeat#RichardsonC02M.217,,,success,,0.9061488673139159,1.0,0.5490196078431372,0.9904934656234976,1.0,0.8891323881561102,0.9741605832343534,217
Beethoven#Piano_Sonatas#21-1_no_repeat#RichardsonC02M.219,,,success,,0.860759493670886,1.0,0.6666666666666666,0.9961240310077519,1.0,0.9047100382690608,0.9642208811696595,219
Beethoven#Piano_Sonatas#21-1_no_repeat#RichardsonC02M.220,,,success,,0.8214285714285714,1.0,0.6666666666666666,0.9960629921259843,1.0,0.8968316460442445,0.9543728908886389,220
Beethoven#Piano_Sonatas#21-1_no_repeat#RichardsonC02M.222,,,success,,0.7492957746478873,1.0,0.6176470588235295,0.9958319327731093,1.0,0.8725549532489051,0.9362819268552491,222
Beethoven#Piano_Sonatas#21-1_no_repeat#RichardsonC02M.224,,,success,,0.7283950617283951,1.0,0.5588235294117647,0.9952761904761905,1.0,0.85649895632327,0.9309178130511464,224
Beethoven#Piano_Sonatas#21-1_no_repeat#RichardsonC02M.226,,,success,,0.9249011857707511,0.9702970297029703,0.6666666666666666,1.0,1.0,0.9123729764280775,0.9737995538684303,226
Beethoven#Piano_Sonatas#21-1_no_repeat#RichardsonC02M.227,,,success,,0.8782608695652174,1.0,0.6666666666666666,1.0,1.0,0.9089855072463768,0.9695652173913043,227
Beethoven#Piano_Sonatas#21-1_no_repeat#RichardsonC02M.23,,,success,,0.89375,1.0,0.6666666666666666,1.0,0.5,0.8120833333333334,0.8484375,23
Beethoven#Piano_Sonatas#21-1_no_repeat#RichardsonC02M.25,,,success,,0.9163346613545816,0.9821428571428571,0.6304347826086956,1.0,0.5,0.8057824602212268,0.8496193796243596,25
Beethoven#Piano_Sonatas#21-1_no_repeat#RichardsonC02M.254,,,success,,0.878048780487805,1.0,0.6666666666666666,0.983739837398374,1.0,0.9056910569105693,0.9654471544715447,254
Beethoven#Piano_Sonatas#21-1_no_repeat#RichardsonC02M.256,,,success,,0.7578947368421054,0.9627118644067796,0.4757281553398059,0.98989898989899,1.0,0.8372467492975362,0.9276263977869688,256
Beethoven#Piano_Sonatas#21-1_no_repeat#RichardsonC02M.257,,,success,,0.7235772357723578,0.91328320802005,0.4476190476190476,0.9583684210526314,1.0,0.8085695824928173,0.8988072162112598,257
Beethoven#Piano_Sonatas#21-1_no_repeat#RichardsonC02M.27,,,success,,0.8220858895705521,0.9523809523809523,0.31578947368421056,1.0,0.0,0.618051263127143,0.6936167104878761,27
Beethoven#Piano_Sonatas#21-1_no_repeat#RichardsonC02M.274,,,success,,0.5933014354066986,0.9016393442622952,0.11650485436893206,0.9887272727272727,1.0,0.7200345813530398,0.8709170130990667,274
Beethoven#Piano_Sonatas#21-1_no_repeat#RichardsonC02M.276,,,success,,0.5619834710743802,0.9545454545454546,0.38834951456310673,0.9653333333333333,1.0,0.7740423547032549,0.870465564738292,276
Beethoven#Piano_Sonatas#21-1_no_repeat#RichardsonC02M.29,,,success,,0.7538461538461539,0.8079710144927537,0.5242718446601942,0.9333333333333333,0.0,0.6038844692664871,0.6237876254180603,29
Beethoven#Piano_Sonatas#21-1_no_repeat#RichardsonC02M.294,,,success,,0.6457680250783698,0.8287671232876712,0.30097087378640774,0.9506046511627908,1.0,0.7452221346630479,0.856284949882208,294
Beethoven#Piano_Sonatas#21-1_no_repeat#RichardsonC02M.295,,,success,,0.6498194945848375,0.9137962962962962,0.36065573770491804,0.969609756097561,1.0,0.7787762569367225,0.8833063867446737,295
Beethoven#Piano_Sonatas#21-1_no_repeat#RichardsonC02M.30,,,success,,0.5599999999999999,0.9269662921348315,0.5631067961165048,1.0,0.0,0.6100146176502672,0.6217415730337079,30
Beethoven#Piano_Sonatas#21-1_no_repeat#RichardsonC02M.49,,,success,,0.6467065868263472,1.0,0.17142857142857143,0.9472515445160224,0.0,0.5530773405541882,0.6484895328355924,49
Beethoven#Piano_Sonatas#21-1_no_repeat#RichardsonC02M.51,,,success,,0.7843137254901961,0.9743589743589743,0.24285714285714285,1.0,0.0,0.6003059685412626,0.6896681749622926,51
Beethoven#Piano_Sonatas#21-1_no_repeat#RichardsonC02M.52,,,timeout,timeout,0,0,0,0,0,0,0,52
Beethoven#Piano_Sonatas#21-1_no_repeat#RichardsonC02M.54,,,timeout,timeout,0,0,0,0,0,0,0,54
Beethoven#Piano_Sonatas#21-1_no_repeat#RichardsonC02M.56,,,success,,0.922077922077922,1.0,0.5098039215686274,0.9940298507462686,1.0,0.8851823388785636,0.9790269432060477,56
Beethoven#Piano_Sonatas#21-1_no_repeat#RichardsonC02M.58,,,success,,0.9141104294478528,1.0,0.6666666666666666,1.0,1.0,0.9161554192229039,0.9785276073619632,58
Beethoven#Piano_Sonatas#21-1_no_repeat#RichardsonC02M.60,,,success,,0.7743732590529248,1.0,0.6666666666666666,1.0,1.0,0.8882079851439183,0.9435933147632312,60
Beethoven#Piano_Sonatas#21-1_no_repeat#RichardsonC02M.62,,,success,,0.809116809116809,0.9680851063829787,0.6078431372549019,0.9680320000000001,1.0,0.870615410550938,0.936308478874947,62
Beethoven#Piano_Sonatas#21-1_no_repeat#RichardsonC02M.64,,,success,,0.6714285714285714,1.0,0.4313725490196078,0.9911466666666666,1.0,0.8187895574229691,0.9156438095238095,64
Beethoven#Piano_Sonatas#21-1_no_repeat#RichardsonC02M.66,,,success,,0.8430493273542601,0.9651162790697675,0.6666666666666666,1.0,1.0,0.8949664546181388,0.9520414016060069,66
Beethoven#Piano_Sonatas#21-1_no_repeat#RichardsonC02M.82,,,success,,0.7460317460317459,0.8648648648648649,0.5833333333333334,0.9357142857142857,1.0,0.825988845988846,0.8866527241527242,82
Beethoven#Piano_Sonatas#21-1_no_repeat#RichardsonC02M.83,,,conversion_error,conversion_error,0,0,0,0,0,0,0,83
Beethoven#Piano_Sonatas#21-1_no_repeat#RichardsonC02M.84,,,conversion_error,conversion_error,0,0,0,0,0,0,0,84
Beethoven#Piano_Sonatas#21-1_no_repeat#RichardsonC02M.9,,,success,,0.7395833333333333,0.8615384615384615,0.4607843137254902,0.7798596491228071,1.0,0.7683531515440184,0.8452453609986504,9
Beethoven#Piano_Sonatas#21-1_no_repeat#RichardsonC02M.95,,,success,,0.8278688524590164,1.0,0.6666666666666666,0.9842105263157894,0.0,0.6957492090882944,0.7030198446937015,95
Beethoven#Piano_Sonatas#21-1_no_repeat#RichardsonC02M.97,,,success,,0.8099173553719008,0.96875,0.4803921568627451,0.9732142857142857,0.0,0.6464547595897863,0.6879704102715466,97
Beethoven#Piano_Sonatas#21-1_no_repeat#RichardsonC02M.99,,,success,,0.7053941908713692,1.0,0.6601941747572816,1.0,0.0,0.6731176731257301,0.6763485477178424,99
Beethoven#Piano_Sonatas#21-1_no_repeat#Shychko02M.100,,,success,,0.8888888888888888,1.0,0.6666666666666666,0.9801980198019802,0.0,0.7071507150715071,0.7172717271727173,100
Beethoven#Piano_Sonatas#21-1_no_repeat#Shychko02M.102,,,success,,0.8448275862068967,0.96875,0.5980392156862745,0.9814814814814815,0.0,0.6786196566749305,0.6987647669220945,102
Beethoven#Piano_Sonatas#21-1_no_repeat#Shychko02M.104,,,success,,0.8138528138528137,0.9139784946236559,0.5686274509803922,0.9931506849315068,0.0,0.6579218888776737,0.6802454983519941,104
Beethoven#Piano_Sonatas#21-1_no_repeat#Shychko02M.106,,,success,,0.6839826839826839,0.961038961038961,0.49019607843137264,0.9562372881355933,1.0,0.8182910023177221,0.9003147332893096,106
Beethoven#Piano_Sonatas#21-1_no_repeat#Shychko02M.108,,,success,,0.6434782608695652,0.9166666666666666,0.34313725490196073,0.922588002566296,1.0,0.7651740370008977,0.870683232525632,108
Beethoven#Piano_Sonatas#21-1_no_repeat#Shychko02M.11,,,success,,0.7428571428571428,0.39726027397260266,0.6078431372549019,0.581,1.0,0.6657921108169295,0.6802793542074363,11
Beethoven#Piano_Sonatas#21-1_no_repeat#Shychko02M.121,,,success,,0.6310679611650486,0.9841269841269841,0.019607843137254905,0.9328908611510783,0.0,0.5135387299160732,0.6370214516107777,121
Beethoven#Piano_Sonatas#21-1_no_repeat#Shychko02M.123,,,success,,0.4854368932038835,0.9583333333333334,0.18181818181818182,0.9715141146278872,0.5,0.6194205045966571,0.728821085291276,123
Beethoven#Piano_Sonatas#21-1_no_repeat#Shychko02M.124,,,success,,0.6994535519125684,1.0,0.02857142857142857,0.9124571856898823,0.0,0.5280964332347758,0.6529776844006127,124
Beethoven#Piano_Sonatas#21-1_no_repeat#Shychko02M.126,,,timeout,timeout,0,0,0,0,0,0,0,126
Beethoven#Piano_Sonatas#21-1_no_repeat#Shychko02M.127,,,success,,0.6948356807511737,0.9444444444444444,0.0303030303030303,0.908142075224551,1.0,0.71554504614464,0.8868555501050424,127
Beethoven#Piano_Sonatas#21-1_no_repeat#Shychko02M.129,,,success,,0.6666666666666667,0.9833333333333333,0.04901960784313726,0.9337803643048574,1.0,0.7265599944295988,0.8959450910762143,129
Beethoven#Piano_Sonatas#21-1_no_repeat#Shychko02M.130,,,success,,0.6559139784946236,0.9830508474576272,0.028985507246376812,0.932679640718563,1.0,0.7201259947834381,0.8929111166677034,130
Beethoven#Piano_Sonatas#21-1_no_repeat#Shychko02M.141,,,success,,0.53125,0.86,0.19607843137254904,0.9744615384615384,0.5,0.6123579939668174,0.7164278846153845,141
Beethoven#Piano_Sonatas#21-1_no_repeat#Shychko02M.143,,,timeout,timeout,0,0,0,0,0,0,0,143
Beethoven#Piano_Sonatas#21-1_no_repeat#Shychko02M.145,,,conversion_error,conversion_error,0,0,0,0,0,0,0,145
Beethoven#Piano_Sonatas#21-1_no_repeat#Shychko02M.147,,,conversion_error,conversion_error,0,0,0,0,0,0,0,147
Beethoven#Piano_Sonatas#21-1_no_repeat#Shychko02M.149,,,success,,0.518796992481203,1.0,0.25,0.9520888888888888,1.0,0.7441771762740184,0.8677214703425229,149
Beethoven#Piano_Sonatas#21-1_no_repeat#Shychko02M.165,,,success,,0.7727272727272727,0.8910256410256411,0.5869565217391304,0.51344,1.0,0.7528298870984089,0.7942982284382285,165
Beethoven#Piano_Sonatas#21-1_no_repeat#Shychko02M.166,,,success,,0.8235294117647058,0.7438271604938271,0.6666666666666666,0.3333333333333333,0.0,0.5134713144517067,0.47517247639796656,166
Beethoven#Piano_Sonatas#21-1_no_repeat#Shychko02M.167,,,success,,0.7999999999999999,0.8333333333333334,0.5098039215686274,0.7103448275862069,0.0,0.5706964164976335,0.585919540229885,167
Beethoven#Piano_Sonatas#21-1_no_repeat#Shychko02M.168,,,success,,0.8688524590163935,0.9215686274509803,0.6666666666666666,0.6739130434782609,0.0,0.6262001593224602,0.6160835324864087,168
Beethoven#Piano_Sonatas#21-1_no_repeat#Shychko02M.170,,,success,,0.8347826086956522,0.7102272727272727,0.6078431372549019,0.8468387096774194,1.0,0.7999383456710493,0.847962147775086,170
Beethoven#Piano_Sonatas#21-1_no_repeat#Shychko02M.183,,,success,,0.9807692307692307,1.0,0.6666666666666666,1.0,1.0,0.9294871794871795,0.9951923076923077,183
Beethoven#Piano_Sonatas#21-1_no_repeat#Shychko02M.185,,,success,,0.9662162162162162,1.0,0.6666666666666666,1.0,1.0,0.9265765765765765,0.9915540540540541,185
Beethoven#Piano_Sonatas#21-1_no_repeat#Shychko02M.187,,,success,,0.9259259259259259,0.9473684210526315,0.6470588235294118,0.994024096385542,1.0,0.9028754533787022,0.9668296108410248,187
Beethoven#Piano_Sonatas#21-1_no_repeat#Shychko02M.189,,,success,,0.759124087591241,0.8936170212765957,0.6666666666666666,1.0,1.0,0.8638815551069007,0.9131852772169592,189
Beethoven#Piano_Sonatas#21-1_no_repeat#Shychko02M.190,,,success,,0.6370370370370371,0.9186991869918699,0.4951456310679612,0.98,1.0,0.8061763710193738,0.8839340560072267,190
Beethoven#Piano_Sonatas#21-1_no_repeat#Shychko02M.192,,,success,,0.5578231292517007,0.8148148148148148,0.4099999999999999,0.8583999999999999,1.0,0.728207588813303,0.8077594860166288,192
Beethoven#Piano_Sonatas#21-1_no_repeat#Shychko02M.193,,,success,,0.627906976744186,0.9375,0.5048543689320389,0.8370000000000002,1.0,0.781452269135245,0.8506017441860465,193
Beethoven#Piano_Sonatas#21-1_no_repeat#Shychko02M.203,,,conversion_error,conversion_error,0,0,0,0,0,0,0,203
Beethoven#Piano_Sonatas#21-1_no_repeat#Shychko02M.211,,,success,,0.6494845360824741,1.0,0.0,0.9128269156302592,1.0,0.7124622903425466,0.8905778629281833,211
Beethoven#Piano_Sonatas#21-1_no_repeat#Shychko02M.212,,,success,,0.7230046948356808,1.0,0.029411764705882356,0.924888314196445,1.0,0.7354609547476016,0.9119732522580315,212
Beethoven#Piano_Sonatas#21-1_no_repeat#Shychko02M.213,,,success,,0.6583333333333333,1.0,0.04901960784313726,0.913956701980654,1.0,0.7242619286314249,0.8930725088284968,213
Beethoven#Piano_Sonatas#21-1_no_repeat#Shychko02M.215,,,success,,0.6690909090909091,1.0,0.3137254901960785,0.976962741184298,1.0,0.7919558280942571,0.9115134125688018,215
Beethoven#Piano_Sonatas#21-1_no_repeat#Shychko02M.216,,,success,,0.7972972972972973,1.0,0.4019607843137255,0.9743167131084367,1.0,0.8347149589438919,0.9429035026014335,216
Beethoven#Piano_Sonatas#21-1_no_repeat#Shychko02M.217,,,success,,0.8918032786885246,1.0,0.5098039215686274,0.9833333333333334,1.0,0.8769881067180971,0.9687841530054645,217
Beethoven#Piano_Sonatas#21-1_no_repeat#Shychko02M.219,,,success,,0.9068322981366461,1.0,0.6666666666666666,0.9964285714285714,1.0,0.9139855072463767,0.9758152173913044,219
Beethoven#Piano_Sonatas#21-1_no_repeat#Shychko02M.220,,,success,,0.8404907975460123,1.0,0.6666666666666666,0.9807692307692307,1.0,0.897585338996382,0.9553150070788108,220
Beethoven#Piano_Sonatas#21-1_no_repeat#Shychko02M.222,,,success,,0.7915407854984895,1.0,0.6666666666666666,1.0,1.0,0.8916414904330313,0.9478851963746224,222
Beethoven#Piano_Sonatas#21-1_no_repeat#Shychko02M.224,,,success,,0.7795527156549521,1.0,0.6666666666666666,0.9722222222222222,1.0,0.883688320908768,0.9379437344692936,224
Beethoven#Piano_Sonatas#21-1_no_repeat#Shychko02M.226,,,success,,0.7940074906367043,0.8829787234042553,0.5196078431372549,0.927090909090909,1.0,0.8247369932538247,0.9010192807829671,226
Beethoven#Piano_Sonatas#21-1_no_repeat#Shychko02M.227,,,success,,0.817391304347826,0.7586206896551724,0.6666666666666666,1.0,1.0,0.8485357321339329,0.8940029985007496,227
Beethoven#Piano_Sonatas#21-1_no_repeat#Shychko02M.23,,,success,,0.975,1.0,0.6666666666666666,1.0,0.5,0.8283333333333334,0.86875,23
Beethoven#Piano_Sonatas#21-1_no_repeat#Shychko02M.25,,,success,,0.8837209302325582,0.9727272727272728,0.5196078431372549,1.0,0.5,0.7752112092194172,0.8391120507399578,25
Beethoven#Piano_Sonatas#21-1_no_repeat#Shychko02M.254,,,success,,0.7333333333333334,0.961038961038961,0.627450980392157,0.9149999999999998,1.0,0.8473646549528903,0.9023430735930735,254
Beethoven#Piano_Sonatas#21-1_no_repeat#Shychko02M.256,,,success,,0.7549668874172185,0.953125,0.6601941747572816,0.9882075471698113,1.0,0.8712987218688623,0.9240748586467574,256
Beethoven#Piano_Sonatas#21-1_no_repeat#Shychko02M.257,,,success,,0.7925925925925926,0.9266666666666667,0.5882352941176471,0.9947916666666666,1.0,0.8604572440087146,0.9285127314814815,257
Beethoven#Piano_Sonatas#21-1_no_repeat#Shychko02M.27,,,success,,0.8323699421965319,0.9264705882352942,0.4563106796116505,0.9819636363636364,0.0,0.6394229692814226,0.6852010416988656,27
Beethoven#Piano_Sonatas#21-1_no_repeat#Shychko02M.274,,,success,,0.6534653465346535,0.8153846153846154,0.18867924528301885,0.9846938775510204,1.0,0.7284446169506615,0.8633859598675723,274
Beethoven#Piano_Sonatas#21-1_no_repeat#Shychko02M.276,,,success,,0.5263157894736842,0.8333333333333334,0.21904761904761907,0.9296969696969696,1.0,0.7016787423103212,0.8223365231259968,276
Beethoven#Piano_Sonatas#21-1_no_repeat#Shychko02M.29,,,success,,0.640625,0.8717948717948718,0.39999999999999997,0.88,0.0,0.5584839743589743,0.5981049679487179,29
Beethoven#Piano_Sonatas#21-1_no_repeat#Shychko02M.294,,,success,,0.8434504792332267,0.8962962962962965,0.5686274509803922,0.9760338983050848,1.0,0.856881624963,0.9289451684586519,294
Beethoven#Piano_Sonatas#21-1_no_repeat#Shychko02M.295,,,success,,0.710344827586207,0.9215686274509804,0.5026178010471204,0.9561855670103093,1.0,0.8181433646189233,0.8970247555118742,295
Beethoven#Piano_Sonatas#21-1_no_repeat#Shychko02M.30,,,success,,0.5984251968503937,0.9270833333333333,0.41509433962264153,0.97328,0.0,0.5827765739612737,0.6246971325459317,30
Beethoven#Piano_Sonatas#21-1_no_repeat#Shychko02M.49,,,success,,0.7083333333333334,1.0,0.1857142857142857,0.957517645559944,0.0,0.5703130529215127,0.6664627447233193,49
Beethoven#Piano_Sonatas#21-1_no_repeat#Shychko02M.51,,,timeout,timeout,0,0,0,0,0,0,0,51
Beethoven#Piano_Sonatas#21-1_no_repeat#Shychko02M.52,,,timeout,timeout,0,0,0,0,0,0,0,52
Beethoven#Piano_Sonatas#21-1_no_repeat#Shychko02M.54,,,success,,0.8181818181818182,0.9739130434782609,0.35294117647058826,0.9357699694949723,0.0,0.6161612015251279,0.6819662077887628,54
Beethoven#Piano_Sonatas#21-1_no_repeat#Shychko02M.56,,,success,,0.8896103896103896,1.0,0.5686274509803922,0.9764722523457022,1.0,0.8869420185872968,0.966520660489023,56
Beethoven#Piano_Sonatas#21-1_no_repeat#Shychko02M.58,,,success,,0.8291139240506329,1.0,0.6666666666666666,0.9690265486725663,1.0,0.8929614278779731,0.9495351181807998,58
Beethoven#Piano_Sonatas#21-1_no_repeat#Shychko02M.60,,,success,,0.7291666666666666,1.0,0.6666666666666666,0.905982905982906,1.0,0.8603632478632477,0.9087873931623931,60
Beethoven#Piano_Sonatas#21-1_no_repeat#Shychko02M.62,,,success,,0.7433628318584072,1.0,0.6116504854368932,0.9932929292929292,1.0,0.869661249317646,0.9341639402878341,62
Beethoven#Piano_Sonatas#21-1_no_repeat#Shychko02M.64,,,success,,0.8106312292358805,0.9387755102040817,0.6666666666666666,0.9901960784313726,1.0,0.8812538969076001,0.9349007044678337,64
Beethoven#Piano_Sonatas#21-1_no_repeat#Shychko02M.66,,,success,,0.8593155893536122,0.8942307692307693,0.6078431372549019,0.9418989898989898,1.0,0.8606576971476546,0.9238613371208428,66
Beethoven#Piano_Sonatas#21-1_no_repeat#Shychko02M.82,,,success,,0.823529411764706,0.9045045045045044,0.6666666666666666,0.95625,1.0,0.8701901165871753,0.9210709790673026,82
Beethoven#Piano_Sonatas#21-1_no_repeat#Shychko02M.83,,,success,,0.5511811023622047,0.9,0.46226415094339623,0.967391304347826,1.0,0.7761673115306854,0.8546431016775077,83
Beethoven#Piano_Sonatas#21-1_no_repeat#Shychko02M.84,,,success,,0.5043478260869565,0.8866666666666666,0.5523809523809524,0.9605263157894737,0.0,0.5807843521848098,0.5878852021357741,84
Beethoven#Piano_Sonatas#21-1_no_repeat#Shychko02M.9,,,success,,0.7765957446808511,0.696969696969697,0.6078431372549019,0.8213617021276594,1.0,0.7805540562066218,0.8237317859445519,9
Beethoven#Piano_Sonatas#21-1_no_repeat#Shychko02M.95,,,success,,0.7529411764705882,1.0,0.6476190476190475,0.9861111111111112,0.0,0.6773342670401494,0.6847630718954248,95
Beethoven#Piano_Sonatas#21-1_no_repeat#Shychko02M.97,,,success,,0.8449612403100776,0.8130841121495327,0.6666666666666666,0.9798850574712644,0.0,0.6609194153195083,0.6594826024827187,97
Beethoven#Piano_Sonatas#21-1_no_repeat#Shychko02M.99,,,success,,0.6693227091633466,1.0,0.6019417475728155,0.9903846153846154,0.0,0.6523298144241555,0.6649268311369905,99
Beethoven#Piano_Sonatas#21-1_no_repeat#Sladek02M.100,,,success,,0.8559322033898306,0.9696969696969697,0.6666666666666666,0.9864130434782609,0.0,0.6957417766463455,0.7030105541412652,100
Beethoven#Piano_Sonatas#21-1_no_repeat#Sladek02M.102,,,success,,0.8717948717948718,1.0,0.6666666666666666,0.9813829787234043,0.0,0.7039689034369886,0.713294462629569,102
Beethoven#Piano_Sonatas#21-1_no_repeat#Sladek02M.104,,,success,,0.8256880733944955,0.9659090909090909,0.6666666666666666,0.99375,0.0,0.6904027661940506,0.6963367910758966,104
Beethoven#Piano_Sonatas#21-1_no_repeat#Sladek02M.106,,,success,,0.7102803738317757,1.0,0.5882352941176471,0.9426229508196722,1.0,0.8482277237538189,0.913225831162862,106
Beethoven#Piano_Sonatas#21-1_no_repeat#Sladek02M.108,,,success,,0.6926829268292684,1.0,0.29411764705882354,0.9692982456140351,1.0,0.7912197639004255,0.9154952931108259,108
Beethoven#Piano_Sonatas#21-1_no_repeat#Sladek02M.11,,,success,,0.7850467289719626,0.8130341880341881,0.45714285714285713,0.7859047619047619,1.0,0.7682257072107539,0.8459964197277281,11
Beethoven#Piano_Sonatas#21-1_no_repeat#Sladek02M.121,,,success,,0.5794392523364487,0.9827586206896551,0.05319148936170212,0.8941242031572453,0.0,0.5019027131090101,0.6140805190458373,121
Beethoven#Piano_Sonatas#21-1_no_repeat#Sladek02M.123,,,success,,0.6185567010309279,1.0,0.07142857142857144,0.9302395209580839,0.5,0.6240449586835166,0.762199055497253,123
Beethoven#Piano_Sonatas#21-1_no_repeat#Sladek02M.124,,,success,,0.6629213483146067,1.0,0.02857142857142857,0.9185410323930453,0.0,0.5220067618558162,0.645365595176913,124
Beethoven#Piano_Sonatas#21-1_no_repeat#Sladek02M.126,,,success,,0.6994535519125684,1.0,0.08571428571428572,0.9124309586506848,0.5,0.6395197592555077,0.7779711276408133,126
Beethoven#Piano_Sonatas#21-1_no_repeat#Sladek02M.127,,,success,,0.6113989637305701,1.0,0.07792207792207792,0.9304044971281926,0.0,0.5239451077561681,0.6354508652146906,127
Beethoven#Piano_Sonatas#21-1_no_repeat#Sladek02M.129,,,success,,0.656084656084656,0.9666666666666667,0.019801980198019802,0.9153359946773121,0.0,0.5115778595253309,0.6345218293571586,129
Beethoven#Piano_Sonatas#21-1_no_repeat#Sladek02M.130,,,success,,0.7195767195767195,0.9677419354838709,0.03864734299516908,0.9606807996909408,0.0,0.53732935954934,0.6619998636878828,130
Beethoven#Piano_Sonatas#21-1_no_repeat#Sladek02M.141,,,success,,0.5668449197860964,0.826923076923077,0.2843137254901961,0.9525714285714286,0.5,0.6261306301541596,0.7115848563201506,141
Beethoven#Piano_Sonatas#21-1_no_repeat#Sladek02M.143,,,success,,0.5913043478260869,0.9040404040404042,0.34313725490196073,0.9002499999999999,0.5,0.6477464013536903,0.7238986879666227,143
Beethoven#Piano_Sonatas#21-1_no_repeat#Sladek02M.145,,,conversion_error,conversion_error,0,0,0,0,0,0,0,145
Beethoven#Piano_Sonatas#21-1_no_repeat#Sladek02M.147,,,conversion_error,conversion_error,0,0,0,0,0,0,0,147
Beethoven#Piano_Sonatas#21-1_no_repeat#Sladek02M.149,,,timeout,timeout,0,0,0,0,0,0,0,149
Beethoven#Piano_Sonatas#21-1_no_repeat#Sladek02M.165,,,success,,0.764705882352941,0.9252873563218391,0.45263157894736844,0.45690000000000003,1.0,0.7199049635244298,0.7867233096686951,165
Beethoven#Piano_Sonatas#21-1_no_repeat#Sladek02M.166,,,success,,0.7999999999999999,0.7654320987654321,0.6666666666666666,0.46153846153846156,0.0,0.5387274453941121,0.5067426400759734,166
Beethoven#Piano_Sonatas#21-1_no_repeat#Sladek02M.167,,,success,,0.7999999999999999,0.8611111111111112,0.49019607843137264,0.711,0.0,0.5724614379084967,0.5930277777777777,167
Beethoven#Piano_Sonatas#21-1_no_repeat#Sladek02M.168,,,success,,0.8264462809917354,0.9148148148148147,0.5196078431372549,0.65,1.0,0.782173787788761,0.8478152739516376,168
Beethoven#Piano_Sonatas#21-1_no_repeat#Sladek02M.170,,,success,,0.7961165048543688,0.9109589041095891,0.5490196078431372,0.8468387096774194,1.0,0.8205867452969029,0.8884785296603444,170
Beethoven#Piano_Sonatas#21-1_no_repeat#Sladek02M.183,,,success,,0.9743589743589743,1.0,0.6666666666666666,1.0,1.0,0.9282051282051281,0.9935897435897436,183
Beethoven#Piano_Sonatas#21-1_no_repeat#Sladek02M.185,,,success,,0.8896103896103895,1.0,0.6666666666666666,0.9942307692307693,1.0,0.910101565101565,0.9709602897102897,185
Beethoven#Piano_Sonatas#21-1_no_repeat#Sladek02M.187,,,success,,0.7330677290836652,0.9010989010989011,0.49019607843137264,0.9678933333333333,1.0,0.8184512083894544,0.9005149908789749,187
Beethoven#Piano_Sonatas#21-1_no_repeat#Sladek02M.189,,,success,,0.725925925925926,0.8913043478260869,0.6372549019607844,0.9848484848484849,1.0,0.8478667321122565,0.9005196896501244,189
Beethoven#Piano_Sonatas#21-1_no_repeat#Sladek02M.190,,,timeout,timeout,0,0,0,0,0,0,0,190
Beethoven#Piano_Sonatas#21-1_no_repeat#Sladek02M.192,,,success,,0.5655172413793104,0.9345238095238096,0.4660194174757282,0.8000000000000002,1.0,0.7532120936757696,0.82501026272578,192
Beethoven#Piano_Sonatas#21-1_no_repeat#Sladek02M.193,,,success,,0.5443786982248521,0.798992673992674,0.30476190476190473,0.9230769230769231,1.0,0.7142420400112708,0.8166120738236122,193
Beethoven#Piano_Sonatas#21-1_no_repeat#Sladek02M.203,,,success,,0.5887850467289719,0.9846153846153847,0.04901960784313726,0.9528002817893625,1.0,0.7150440641953713,0.8815501782834297,203
Beethoven#Piano_Sonatas#21-1_no_repeat#Sladek02M.211,,,success,,0.7272727272727272,1.0,0.060000000000000005,0.920337895637297,1.0,0.7415221245820047,0.9119026557275061,211
Beethoven#Piano_Sonatas#21-1_no_repeat#Sladek02M.212,,,success,,0.6666666666666667,1.0,0.060000000000000005,0.9278976470466984,1.0,0.7309128627426731,0.8986410784283413,212
Beethoven#Piano_Sonatas#21-1_no_repeat#Sladek02M.213,,,success,,0.5388127853881278,1.0,0.033707865168539325,0.9871794871794872,1.0,0.7119400275472308,0.8814980681419038,213
Beethoven#Piano_Sonatas#21-1_no_repeat#Sladek02M.215,,,success,,0.5928571428571429,1.0,0.2745098039215686,0.9643691910499139,1.0,0.766347227565725,0.8893065834767642,215
Beethoven#Piano_Sonatas#21-1_no_repeat#Sladek02M.216,,,success,,0.7430555555555556,1.0,0.40952380952380946,0.9861765830042043,1.0,0.8277511896167139,0.9323080346399399,216
Beethoven#Piano_Sonatas#21-1_no_repeat#Sladek02M.217,,,success,,0.8729641693811074,1.0,0.5490196078431372,0.986146754110826,1.0,0.881626106267014,0.9647777308729834,217
Beethoven#Piano_Sonatas#21-1_no_repeat#Sladek02M.219,,,success,,0.8087774294670846,1.0,0.49000000000000005,0.9959349593495935,1.0,0.8589424777633358,0.9511780972041696,219
Beethoven#Piano_Sonatas#21-1_no_repeat#Sladek02M.220,,,success,,0.8260869565217391,1.0,0.6666666666666666,0.9959349593495935,1.0,0.8977377165075999,0.9555054789678332,220
Beethoven#Piano_Sonatas#21-1_no_repeat#Sladek02M.222,,,success,,0.7209302325581395,1.0,0.6666666666666666,1.0,1.0,0.8775193798449612,0.9302325581395349,222
Beethoven#Piano_Sonatas#21-1_no_repeat#Sladek02M.224,,,success,,0.5730337078651686,1.0,0.5196078431372549,0.881047619047619,1.0,0.7947378340100085,0.8635203317281969,224
Beethoven#Piano_Sonatas#21-1_no_repeat#Sladek02M.226,,,success,,0.7651515151515151,1.0,0.44999999999999996,0.9782608695652174,1.0,0.8386824769433463,0.9358530961791831,226
Beethoven#Piano_Sonatas#21-1_no_repeat#Sladek02M.227,,,success,,0.7083333333333333,0.8333333333333334,0.45098039215686286,0.96875,1.0,0.7922794117647058,0.8776041666666666,227
Beethoven#Piano_Sonatas#21-1_no_repeat#Sladek02M.23,,,success,,0.95625,1.0,0.6666666666666666,1.0,0.5,0.8245833333333333,0.8640625,23
Beethoven#Piano_Sonatas#21-1_no_repeat#Sladek02M.25,,,success,,0.7716535433070867,1.0,0.43434343434343436,0.9833658536585367,0.5,0.7378725662618115,0.8137548492414058,25
Beethoven#Piano_Sonatas#21-1_no_repeat#Sladek02M.254,,,success,,0.7619047619047618,1.0,0.4951456310679612,0.94624,1.0,0.8406580785945448,0.9270361904761905,254
Beethoven#Piano_Sonatas#21-1_no_repeat#Sladek02M.256,,,success,,0.7473309608540927,0.8782828282828282,0.4339622641509434,0.9788965517241379,1.0,0.8076945210024004,0.9011275852152647,256
Beethoven#Piano_Sonatas#21-1_no_repeat#Sladek02M.257,,,success,,0.6616541353383458,0.8630303030303029,0.3980582524271844,0.9756266666666666,1.0,0.7796738714924999,0.8750777762588289,257
Beethoven#Piano_Sonatas#21-1_no_repeat#Sladek02M.27,,,success,,0.7111111111111111,0.9166666666666666,0.4313725490196078,0.9747826086956523,0.5,0.7067865870986075,0.7756400966183575,27
Beethoven#Piano_Sonatas#21-1_no_repeat#Sladek02M.274,,,timeout,timeout,0,0,0,0,0,0,0,274
Beethoven#Piano_Sonatas#21-1_no_repeat#Sladek02M.276,,,success,,0.5045871559633028,0.9074074074074074,0.4019607843137255,0.9529189189189188,1.0,0.7533748533206709,0.8412283705724073,276
Beethoven#Piano_Sonatas#21-1_no_repeat#Sladek02M.29,,,success,,0.5735294117647058,0.9459459459459459,0.490566037735849,0.9016363636363636,0.0,0.5823355518165728,0.6052779303367538,29
Beethoven#Piano_Sonatas#21-1_no_repeat#Sladek02M.294,,,success,,0.5904761904761905,0.9206060606060605,0.48113207547169806,0.993421052631579,1.0,0.7971270758371056,0.8761258259284574,294
Beethoven#Piano_Sonatas#21-1_no_repeat#Sladek02M.295,,,success,,0.6312056737588653,0.9055555555555554,0.3654822335025381,0.92,1.0,0.7644486925633918,0.8641903073286051,295
Beethoven#Piano_Sonatas#21-1_no_repeat#Sladek02M.30,,,success,,0.5538461538461538,0.925287356321839,0.43809523809523815,0.8409090909090909,0.0,0.5516275678344644,0.5800106502692709,30
Beethoven#Piano_Sonatas#21-1_no_repeat#Sladek02M.49,,,success,,0.6629213483146066,1.0,0.014285714285714285,0.92041751497006,0.0,0.5195249155140761,0.6458347158211666,49
Beethoven#Piano_Sonatas#21-1_no_repeat#Sladek02M.51,,,timeout,timeout,0,0,0,0,0,0,0,51
Beethoven#Piano_Sonatas#21-1_no_repeat#Sladek02M.52,,,success,,0.530232558139535,1.0,0.22857142857142856,0.9675149700598803,0.0,0.5452637913541688,0.6244368820498538,52
Beethoven#Piano_Sonatas#21-1_no_repeat#Sladek02M.54,,,success,,0.7659574468085105,1.0,0.2647058823529412,0.9585807109185884,0.0,0.597848808016008,0.6811345394317747,54
Beethoven#Piano_Sonatas#21-1_no_repeat#Sladek02M.56,,,success,,0.9377049180327869,1.0,0.3333333333333333,0.9903065693430657,1.0,0.8522689641418373,0.9820028718439631,56
Beethoven#Piano_Sonatas#21-1_no_repeat#Sladek02M.58,,,success,,0.852760736196319,1.0,0.6666666666666666,0.9918032786885246,1.0,0.9022461363103019,0.9611410037212109,58
Beethoven#Piano_Sonatas#21-1_no_repeat#Sladek02M.60,,,success,,0.7377049180327869,1.0,0.5,0.9446371681415929,1.0,0.836468417234876,0.920585521543595,60
Beethoven#Piano_Sonatas#21-1_no_repeat#Sladek02M.62,,,success,,0.5793871866295265,1.0,0.5523809523809524,1.0,1.0,0.8263536278020958,0.8948467966573816,62
Beethoven#Piano_Sonatas#21-1_no_repeat#Sladek02M.64,,,zero_mv2h,zero_mv2h,0,0,0,0,0,0,0,64
Beethoven#Piano_Sonatas#21-1_no_repeat#Sladek02M.66,,,success,,0.7654320987654321,0.8941176470588236,0.5048543689320389,0.9797297297297297,1.0,0.8288267688972049,0.9098198688884963,66
Beethoven#Piano_Sonatas#21-1_no_repeat#Sladek02M.82,,,success,,0.59375,0.8750000000000001,0.5833333333333334,1.0,1.0,0.8104166666666668,0.8671875,82
Beethoven#Piano_Sonatas#21-1_no_repeat#Sladek02M.83,,,conversion_error,conversion_error,0,0,0,0,0,0,0,83
Beethoven#Piano_Sonatas#21-1_no_repeat#Sladek02M.84,,,success,,0.6141732283464566,0.803030303030303,0.42718446601941745,0.9283333333333335,0.0,0.5545442661459021,0.5863842161775232,84
Beethoven#Piano_Sonatas#21-1_no_repeat#Sladek02M.9,,,success,,0.6896551724137931,0.7777777777777778,0.5784313725490197,0.7777435897435898,1.0,0.7647215824968361,0.8112941349837901,9
Beethoven#Piano_Sonatas#21-1_no_repeat#Sladek02M.95,,,success,,0.6693548387096775,0.9629629629629629,0.6176470588235295,0.9928571428571429,0.0,0.6485644006706626,0.6562937361324458,95
Beethoven#Piano_Sonatas#21-1_no_repeat#Sladek02M.97,,,success,,0.9180327868852458,1.0,0.6666666666666666,0.9929906542056075,0.0,0.7155380215515039,0.7277558602727133,97
Beethoven#Piano_Sonatas#21-1_no_repeat#Sladek02M.99,,,success,,0.9061224489795918,0.9724770642201835,0.6666666666666666,1.0,0.0,0.7090532359732884,0.7196498782999439,99
Beethoven#Piano_Sonatas#21-1_no_repeat#Song03M.100,,,success,,0.8571428571428571,0.8490566037735849,0.6666666666666666,0.9887640449438202,0.0,0.6723260345053858,0.6737408764650656,100
Beethoven#Piano_Sonatas#21-1_no_repeat#Song03M.102,,,success,,0.8547008547008546,0.9090909090909091,0.6666666666666666,0.9761904761904762,0.0,0.6813297813297813,0.6849955599955599,102
Beethoven#Piano_Sonatas#21-1_no_repeat#Song03M.104,,,success,,0.8727272727272727,1.0,0.6666666666666666,0.9942528735632183,0.0,0.7067293625914315,0.7167450365726227,104
Beethoven#Piano_Sonatas#21-1_no_repeat#Song03M.106,,,success,,0.6728110599078341,1.0,0.5392156862745098,0.9838709677419355,1.0,0.8391795427848558,0.9141705069124424,106
Beethoven#Piano_Sonatas#21-1_no_repeat#Song03M.108,,,success,,0.543859649122807,0.9166666666666666,0.33980582524271846,0.9165508103750593,1.0,0.7433765902814503,0.8442692815411332,108
Beethoven#Piano_Sonatas#21-1_no_repeat#Song03M.11,,,success,,0.8059701492537313,0.9111111111111112,0.6190476190476191,0.8358260869565217,1.0,0.8343909932737967,0.888226836830341,11
Beethoven#Piano_Sonatas#21-1_no_repeat#Song03M.121,,,success,,0.6359447004608294,0.9701492537313432,0.009852216748768473,0.9197919949574536,0.0,0.5071476331796789,0.6314714872874065,121
Beethoven#Piano_Sonatas#21-1_no_repeat#Song03M.123,,,success,,0.6633165829145728,1.0,0.05714285714285714,0.9289421157684631,0.5,0.6298803111651786,0.773064674670759,123
Beethoven#Piano_Sonatas#21-1_no_repeat#Song03M.124,,,success,,0.6775956284153005,1.0,0.015037593984962407,0.9310362326195067,0.0,0.524733891003954,0.6521579652587017,124
Beethoven#Piano_Sonatas#21-1_no_repeat#Song03M.126,,,success,,0.6881720430107527,1.0,0.02631578947368421,0.9541572592519879,0.5,0.633729018347285,0.7855823255656852,126
Beethoven#Piano_Sonatas#21-1_no_repeat#Song03M.127,,,success,,0.6702127659574467,1.0,0.03980099502487562,0.9178785286569717,1.0,0.7255784579278588,0.8970228236536046,127
Beethoven#Piano_Sonatas#21-1_no_repeat#Song03M.129,,,success,,0.6145833333333333,0.9824561403508771,0.06862745098039215,0.940556387225549,1.0,0.7212446623780303,0.8843989652274399,129
Beethoven#Piano_Sonatas#21-1_no_repeat#Song03M.130,,,success,,0.6553672316384181,1.0,0.2801932367149758,0.9652569860279442,1.0,0.7801634908762677,0.9051560544165906,130
Beethoven#Piano_Sonatas#21-1_no_repeat#Song03M.141,,,timeout,timeout,0,0,0,0,0,0,0,141
Beethoven#Piano_Sonatas#21-1_no_repeat#Song03M.143,,,success,,0.576271186440678,0.8838383838383839,0.49019607843137264,0.9646808510638298,0.5,0.6829972999548529,0.731197605335723,143
Beethoven#Piano_Sonatas#21-1_no_repeat#Song03M.145,,,success,,0.5627376425855514,1.0,0.45098039215686286,0.9707602339181286,1.0,0.7968956537321086,0.88337446912592,145
Beethoven#Piano_Sonatas#21-1_no_repeat#Song03M.147,,,timeout,timeout,0,0,0,0,0,0,0,147
Beethoven#Piano_Sonatas#21-1_no_repeat#Song03M.149,,,success,,0.5087108013937283,1.0,0.24509803921568632,0.8330000000000001,1.0,0.7173617681218829,0.8354277003484321,149
Beethoven#Piano_Sonatas#21-1_no_repeat#Song03M.168,,,success,,0.7863247863247863,0.9090909090909091,0.6666666666666666,0.85,1.0,0.8424164724164724,0.8863539238539239,168
Beethoven#Piano_Sonatas#21-1_no_repeat#Song03M.170,,,success,,0.8732394366197184,0.782608695652174,0.6666666666666666,0.8357142857142857,0.0,0.631645816930569,0.6228906044965445,170
Beethoven#Piano_Sonatas#21-1_no_repeat#Song03M.183,,,success,,0.8544303797468354,0.9626865671641791,0.6666666666666666,1.0,1.0,0.8967567227155362,0.9542792367277536,183
Beethoven#Piano_Sonatas#21-1_no_repeat#Song03M.185,,,success,,0.8986486486486488,0.953125,0.6666666666666666,1.0,1.0,0.903688063063063,0.9629434121621622,185
Beethoven#Piano_Sonatas#21-1_no_repeat#Song03M.187,,,success,,0.5915492957746479,0.8360655737704918,0.5490196078431372,1.0,1.0,0.7953268954776553,0.8569037173862849,187
Beethoven#Piano_Sonatas#21-1_no_repeat#Song03M.189,,,success,,0.7462686567164178,0.8913043478260869,0.6666666666666666,1.0,1.0,0.8608479342418341,0.9093932511356262,189
Beethoven#Piano_Sonatas#21-1_no_repeat#Song03M.190,,,success,,0.6923076923076923,0.8604651162790697,0.5242718446601942,0.9423076923076923,1.0,0.8038704691109297,0.8737701252236136,190
Beethoven#Piano_Sonatas#21-1_no_repeat#Song03M.192,,,success,,0.6799999999999999,1.0,0.42156862745098034,0.9146341463414634,1.0,0.8032405547584887,0.8986585365853659,192
Beethoven#Piano_Sonatas#21-1_no_repeat#Song03M.193,,,success,,0.6033519553072626,0.9354838709677419,0.35922330097087385,0.8444444444444444,1.0,0.7485007143380645,0.8458200676798623,193
Beethoven#Piano_Sonatas#21-1_no_repeat#Song03M.203,,,success,,0.6188340807174889,0.8502857142857143,0.03921568627450981,0.9463295908183632,1.0,0.6909330144192153,0.8538623464553916,203
Beethoven#Piano_Sonatas#21-1_no_repeat#Song03M.211,,,success,,0.6256410256410256,1.0,0.029411764705882356,0.8868543856864585,1.0,0.7083814352066733,0.878123852831871,211
Beethoven#Piano_Sonatas#21-1_no_repeat#Song03M.212,,,success,,0.6296296296296297,0.9696969696969697,0.06862745098039215,0.913571185634632,1.0,0.7163050471883248,0.8782244462403079,212
Beethoven#Piano_Sonatas#21-1_no_repeat#Song03M.213,,,success,,0.672566371681416,1.0,0.06999999999999999,0.9215010626584083,1.0,0.7328134868679649,0.8985168585849561,213
Beethoven#Piano_Sonatas#21-1_no_repeat#Song03M.215,,,success,,0.7101449275362319,0.96875,0.2745098039215686,0.9722748156346727,1.0,0.7851359094184946,0.9127924357927262,215
Beethoven#Piano_Sonatas#21-1_no_repeat#Song03M.216,,,success,,0.7346938775510204,1.0,0.4411764705882353,0.9812632798918292,1.0,0.831426725606217,0.9289892893607123,216
Beethoven#Piano_Sonatas#21-1_no_repeat#Song03M.217,,,success,,0.8246753246753247,1.0,0.5588235294117647,0.9911769381590801,1.0,0.8749351584492338,0.9539630657086012,217
Beethoven#Piano_Sonatas#21-1_no_repeat#Song03M.219,,,success,,0.9182389937106917,1.0,0.6666666666666666,0.9748201438848921,1.0,0.91194516085245,0.973264784398896,219
Beethoven#Piano_Sonatas#21-1_no_repeat#Song03M.220,,,conversion_error,conversion_error,0,0,0,0,0,0,0,220
Beethoven#Piano_Sonatas#21-1_no_repeat#Song03M.222,,,success,,0.7443181818181819,1.0,0.6666666666666666,1.0,1.0,0.8821969696969697,0.9360795454545454,222
Beethoven#Piano_Sonatas#21-1_no_repeat#Song03M.224,,,success,,0.5203252032520326,1.0,0.13333333333333333,0.8322631578947369,1.0,0.6971843388960206,0.8381470902866924,224
Beethoven#Piano_Sonatas#21-1_no_repeat#Song03M.226,,,success,,0.7812500000000001,0.8837209302325582,0.5392156862745098,0.93545,1.0,0.8279273233014136,0.9001052325581396,226
Beethoven#Piano_Sonatas#21-1_no_repeat#Song03M.227,,,success,,0.6585365853658537,0.8666666666666667,0.49019607843137264,0.8568421052631578,1.0,0.7744482871454101,0.8455113393239195,227
Beethoven#Piano_Sonatas#21-1_no_repeat#Song03M.23,,,success,,0.94375,1.0,0.6666666666666666,1.0,0.5,0.8220833333333333,0.8609375,23
Beethoven#Piano_Sonatas#21-1_no_repeat#Song03M.25,,,success,,0.8571428571428572,0.9719626168224299,0.5098039215686274,0.9946666666666666,0.5,0.7667152124401163,0.8309430351579885,25
Beethoven#Piano_Sonatas#21-1_no_repeat#Song03M.254,,,success,,0.49681528662420377,0.967741935483871,0.30392156862745096,0.9471111111111111,1.0,0.7431179803693274,0.8529170833047964,254
Beethoven#Piano_Sonatas#21-1_no_repeat#Song03M.256,,,success,,0.7225806451612903,0.8939393939393939,0.5242718446601942,0.9711632653061224,1.0,0.8223910298134001,0.8969208261017017,256
Beethoven#Piano_Sonatas#21-1_no_repeat#Song03M.257,,,success,,0.6571428571428573,0.8444444444444443,0.17142857142857143,0.9071111111111112,1.0,0.7160253968253969,0.8521746031746031,257
Beethoven#Piano_Sonatas#21-1_no_repeat#Song03M.27,,,success,,0.6163522012578616,1.0,0.2571428571428571,0.9816296296296295,0.0,0.5710249376060696,0.6494954577218728,27
Beethoven#Piano_Sonatas#21-1_no_repeat#Song03M.274,,,success,,0.5714285714285714,0.8333333333333334,0.03809523809523809,0.9746679023787457,1.0,0.6835050090471777,0.8448574517851626,274
Beethoven#Piano_Sonatas#21-1_no_repeat#Song03M.276,,,success,,0.6161137440758293,0.8697916666666666,0.5784313725490197,1.0,1.0,0.8128673566583032,0.871476352685624,276
Beethoven#Piano_Sonatas#21-1_no_repeat#Song03M.29,,,success,,0.6466165413533834,0.8095238095238095,0.5922330097087379,1.0,0.0,0.6096746721171862,0.6140350877192983,29
Beethoven#Piano_Sonatas#21-1_no_repeat#Song03M.294,,,success,,0.7044025157232704,0.9144444444444445,0.4660194174757282,0.9571428571428572,1.0,0.8084018469572601,0.893997454327643,294
Beethoven#Piano_Sonatas#21-1_no_repeat#Song03M.295,,,success,,0.7117437722419929,0.9072580645161291,0.5759162303664922,0.9831460674157303,1.0,0.8356128269080688,0.900536976043463,295
Beethoven#Piano_Sonatas#21-1_no_repeat#Song03M.30,,,success,,0.6176470588235293,0.8369369369369369,0.4245283018867924,0.7879999999999999,0.0,0.5334224595294518,0.5606459989401166,30
Beethoven#Piano_Sonatas#21-1_no_repeat#Song03M.49,,,success,,0.5798816568047337,1.0,0.0684931506849315,0.9857998289136014,0.0,0.5268349272806534,0.6414203714295837,49
Beethoven#Piano_Sonatas#21-1_no_repeat#Song03M.51,,,success,,0.6504854368932039,1.0,0.15714285714285717,0.9429963602207351,0.0,0.5501249308513593,0.6483704492784848,51
Beethoven#Piano_Sonatas#21-1_no_repeat#Song03M.52,,,success,,0.7428571428571428,0.9662921348314607,0.04285714285714286,0.9364701076518406,0.0,0.5376953056395174,0.661404846335111,52
Beethoven#Piano_Sonatas#21-1_no_repeat#Song03M.54,,,success,,0.7560137457044674,1.0,0.2843137254901961,0.9419114250505923,1.0,0.7964477792490511,0.9244812926887649,54
Beethoven#Piano_Sonatas#21-1_no_repeat#Song03M.56,,,success,,0.8403908794788274,1.0,0.42156862745098034,0.9835371900826446,1.0,0.8490993394024905,0.9559820173903679,56
Beethoven#Piano_Sonatas#21-1_no_repeat#Song03M.58,,,success,,0.8633540372670807,1.0,0.6372549019607844,0.9877377049180329,1.0,0.8976693288291795,0.9627729355462784,58
Beethoven#Piano_Sonatas#21-1_no_repeat#Song03M.60,,,success,,0.7298050139275766,1.0,0.6666666666666666,0.9557522123893806,1.0,0.8704447785967246,0.9213893065792393,60
Beethoven#Piano_Sonatas#21-1_no_repeat#Song03M.62,,,success,,0.6130952380952381,1.0,0.6,0.9477272727272728,1.0,0.8321645021645022,0.8902056277056277,62
Beethoven#Piano_Sonatas#21-1_no_repeat#Song03M.64,,,success,,0.584717607973422,0.9382716049382716,0.4174757281553398,0.9653888888888889,1.0,0.7811707659911844,0.8720945254501455,64
Beethoven#Piano_Sonatas#21-1_no_repeat#Song03M.66,,,success,,0.7634854771784233,0.9647058823529412,0.5619047619047619,1.0,1.0,0.8580192242872252,0.9320478398828411,66
Beethoven#Piano_Sonatas#21-1_no_repeat#Song03M.82,,,success,,0.6829268292682927,0.9393939393939394,0.6190476190476191,0.9621212121212122,1.0,0.8406979199662127,0.8961104951958612,82
Beethoven#Piano_Sonatas#21-1_no_repeat#Song03M.83,,,success,,0.732824427480916,0.8289473684210527,0.5,0.9545454545454546,1.0,0.8032634500894847,0.8790793126118558,83
Beethoven#Piano_Sonatas#21-1_no_repeat#Song03M.84,,,success,,0.6608695652173913,0.9193548387096775,0.42592592592592593,0.9423461538461537,0.0,0.5896992967398297,0.6306426394433056,84
Beethoven#Piano_Sonatas#21-1_no_repeat#Song03M.9,,,success,,0.7976878612716762,0.9624999999999999,0.5784313725490197,0.8525862068965517,1.0,0.8382410881434496,0.903193517042057,9
Beethoven#Piano_Sonatas#21-1_no_repeat#Song03M.95,,,success,,0.8408163265306122,1.0,0.4951456310679612,0.9767311827956989,0.0,0.6625386280788546,0.7043868773315778,95
Beethoven#Piano_Sonatas#21-1_no_repeat#Song03M.97,,,success,,0.7567567567567567,0.8645833333333333,0.5047619047619047,0.9915949367088608,0.0,0.6235393863121711,0.6532337566997377,97
Beethoven#Piano_Sonatas#21-1_no_repeat#Song03M.99,,,success,,0.7953667953667953,0.9411764705882353,0.6019417475728155,1.0,0.0,0.6676970027055692,0.6841358164887577,99
Beethoven#Piano_Sonatas#21-1_no_repeat#SunY02M.100,,,success,,0.6719367588932806,0.9761904761904762,0.5871559633027523,0.9893658536585366,0.0,0.6449298104090091,0.6593732721855734,100
Beethoven#Piano_Sonatas#21-1_no_repeat#SunY02M.102,,,success,,0.8951612903225807,0.8623853211009176,0.6666666666666666,0.9811827956989247,0.0,0.681079214757818,0.6846823517806058,102
Beethoven#Piano_Sonatas#21-1_no_repeat#SunY02M.104,,,success,,0.865546218487395,0.9816666666666667,0.5980392156862745,0.9768453608247423,0.0,0.6844194923330157,0.706014561494701,104
Beethoven#Piano_Sonatas#21-1_no_repeat#SunY02M.106,,,success,,0.875,0.96875,0.5686274509803922,0.9681011908766737,1.0,0.8760957283714133,0.9529627977191684,106
Beethoven#Piano_Sonatas#21-1_no_repeat#SunY02M.108,,,success,,0.7782805429864253,1.0,0.30392156862745096,0.9063048682794012,1.0,0.7977013959786554,0.9211463528164566,108
Beethoven#Piano_Sonatas#21-1_no_repeat#SunY02M.11,,,success,,0.8219178082191781,0.732905982905983,0.6116504854368932,0.80078125,1.0,0.7934511053124108,0.8389012602812903,11
Beethoven#Piano_Sonatas#21-1_no_repeat#SunY02M.121,,,conversion_error,conversion_error,0,0,0,0,0,0,0,121
Beethoven#Piano_Sonatas#21-1_no_repeat#SunY02M.123,,,success,,0.603960396039604,1.0,0.04285714285714286,0.8988632566460386,0.5,0.6091361591085571,0.7507059131714107,123
Beethoven#Piano_Sonatas#21-1_no_repeat#SunY02M.124,,,success,,0.6031746031746031,1.0,0.01438848920863309,0.9183467341196633,0.0,0.5071819653005799,0.6303803343235667,124
Beethoven#Piano_Sonatas#21-1_no_repeat#SunY02M.126,,,success,,0.6171428571428572,1.0,0.09999999999999999,0.9888888888888889,0.5,0.6412063492063492,0.7765079365079366,126
Beethoven#Piano_Sonatas#21-1_no_repeat#SunY02M.127,,,success,,0.6524064171122994,1.0,0.025974025974025976,0.9321265041150132,1.0,0.7221013894402677,0.8961332303068281,127
Beethoven#Piano_Sonatas#21-1_no_repeat#SunY02M.129,,,success,,0.6770833333333333,0.9841269841269841,0.04901960784313726,0.9517631403858949,0.0,0.5323986131378698,0.6532433644615531,129
Beethoven#Piano_Sonatas#21-1_no_repeat#SunY02M.130,,,success,,0.7303370786516854,1.0,0.03980099502487562,0.9473839206832239,0.0,0.543504398871957,0.6694302498337273,130
Beethoven#Piano_Sonatas#21-1_no_repeat#SunY02M.141,,,success,,0.6130653266331659,0.8531073446327684,0.16666666666666666,0.9881904761904763,0.5,0.6242059628246155,0.7385907868641026,141
Beethoven#Piano_Sonatas#21-1_no_repeat#SunY02M.143,,,success,,0.6086956521739131,0.926470588235294,0.3137254901960785,0.98,0.5,0.665778346121057,0.7537915601023017,143
Beethoven#Piano_Sonatas#21-1_no_repeat#SunY02M.145,,,conversion_error,conversion_error,0,0,0,0,0,0,0,145
Beethoven#Piano_Sonatas#21-1_no_repeat#SunY02M.147,,,timeout,timeout,0,0,0,0,0,0,0,147
Beethoven#Piano_Sonatas#21-1_no_repeat#SunY02M.149,,,success,,0.4915824915824916,1.0,0.2156862745098039,0.9315833333333333,1.0,0.7277704198851257,0.8557914562289562,149
Beethoven#Piano_Sonatas#21-1_no_repeat#SunY02M.165,,,conversion_error,conversion_error,0,0,0,0,0,0,0,165
Beethoven#Piano_Sonatas#21-1_no_repeat#SunY02M.166,,,conversion_error,conversion_error,0,0,0,0,0,0,0,166
Beethoven#Piano_Sonatas#21-1_no_repeat#SunY02M.167,,,success,,0.702127659574468,0.9137931034482759,0.4537037037037038,0.7783333333333334,0.0,0.5695915600119562,0.5985635240890194,167
Beethoven#Piano_Sonatas#21-1_no_repeat#SunY02M.168,,,success,,0.7096774193548386,0.975609756097561,0.21904761904761907,0.8537236842105262,0.0,0.551611695742109,0.6347527149157315,168
Beethoven#Piano_Sonatas#21-1_no_repeat#SunY02M.170,,,success,,0.7870370370370371,0.9329268292682927,0.6176470588235295,0.8506206896551723,1.0,0.8376463229568063,0.8926461389901256,170
Beethoven#Piano_Sonatas#21-1_no_repeat#SunY02M.183,,,success,,0.9230769230769231,1.0,0.6666666666666666,1.0,1.0,0.9179487179487179,0.9807692307692308,183
Beethoven#Piano_Sonatas#21-1_no_repeat#SunY02M.185,,,success,,0.976271186440678,1.0,0.6666666666666666,1.0,1.0,0.9285875706214689,0.9940677966101695,185
Beethoven#Piano_Sonatas#21-1_no_repeat#SunY02M.187,,,success,,0.9345794392523366,0.9270833333333334,0.6666666666666666,1.0,1.0,0.9056658878504674,0.9654156931464175,187
Beethoven#Piano_Sonatas#21-1_no_repeat#SunY02M.189,,,success,,0.7462686567164178,0.8913043478260869,0.5904761904761904,1.0,1.0,0.845609839003739,0.9093932511356262,189
Beethoven#Piano_Sonatas#21-1_no_repeat#SunY02M.190,,,success,,0.5333333333333332,0.8235294117647058,0.17924528301886794,0.953,1.0,0.6978216056233814,0.8274656862745098,190
Beethoven#Piano_Sonatas#21-1_no_repeat#SunY02M.192,,,success,,0.6143790849673201,1.0,0.3786407766990291,0.857107142857143,1.0,0.7700254009046985,0.8678715569561157,192
Beethoven#Piano_Sonatas#21-1_no_repeat#SunY02M.193,,,success,,0.6170212765957447,0.78125,0.4951456310679612,0.9615384615384616,1.0,0.7709910738404335,0.8399524345335516,193
Beethoven#Piano_Sonatas#21-1_no_repeat#SunY02M.203,,,success,,0.5771144278606964,0.9595015576323987,0.04040404040404041,0.9210727481207797,1.0,0.699618554803583,0.8644221834034687,203
Beethoven#Piano_Sonatas#21-1_no_repeat#SunY02M.211,,,success,,0.7346938775510204,1.0,0.0,0.968824256249406,1.0,0.7407036267600853,0.9258795334501067,211
Beethoven#Piano_Sonatas#21-1_no_repeat#SunY02M.212,,,success,,0.7850467289719627,1.0,0.030000000000000002,0.9488146993683865,1.0,0.7527722856680699,0.9334653570850873,212
Beethoven#Piano_Sonatas#21-1_no_repeat#SunY02M.213,,,success,,0.881057268722467,1.0,0.04,0.9268690828868578,1.0,0.769585270321865,0.9519815879023312,213
Beethoven#Piano_Sonatas#21-1_no_repeat#SunY02M.215,,,success,,0.7163120567375887,0.9696969696969697,0.3235294117647059,0.9532794875365549,1.0,0.7925635851471639,0.9098221284927783,215
Beethoven#Piano_Sonatas#21-1_no_repeat#SunY02M.216,,,success,,0.8255033557046981,1.0,0.2647058823529412,0.9735939581953289,1.0,0.8127606392505935,0.9497743284750068,216
Beethoven#Piano_Sonatas#21-1_no_repeat#SunY02M.217,,,success,,0.8571428571428572,0.9769230769230769,0.2745098039215686,0.9899597357010117,1.0,0.8197070947377029,0.9560064174417364,217
Beethoven#Piano_Sonatas#21-1_no_repeat#SunY02M.219,,,success,,0.5587301587301587,1.0,0.08,0.993111111111111,1.0,0.726368253968254,0.8879603174603174,219
Beethoven#Piano_Sonatas#21-1_no_repeat#SunY02M.220,,,success,,0.5416666666666666,1.0,0.060000000000000005,0.8759999999999999,1.0,0.6955333333333333,0.8544166666666666,220
Beethoven#Piano_Sonatas#21-1_no_repeat#SunY02M.222,,,success,,0.7049180327868854,1.0,0.5339805825242718,0.9727272727272728,1.0,0.842325177607686,0.9194113263785395,222
Beethoven#Piano_Sonatas#21-1_no_repeat#SunY02M.224,,,success,,0.6511627906976745,1.0,0.6666666666666666,0.9484536082474226,1.0,0.8532566131223527,0.8999040997362743,224
Beethoven#Piano_Sonatas#21-1_no_repeat#SunY02M.226,,,success,,0.8923076923076924,1.0,0.6476190476190475,0.9819819819819819,1.0,0.9043817443817443,0.9685724185724185,226
Beethoven#Piano_Sonatas#21-1_no_repeat#SunY02M.227,,,success,,0.8608695652173913,0.9456521739130435,0.6666666666666666,1.0,1.0,0.8946376811594202,0.9516304347826087,227
Beethoven#Piano_Sonatas#21-1_no_repeat#SunY02M.23,,,success,,0.98125,1.0,0.6666666666666666,1.0,0.5,0.8295833333333335,0.8703125,23
Beethoven#Piano_Sonatas#21-1_no_repeat#SunY02M.25,,,success,,0.9049429657794676,0.9652173913043478,0.6470588235294118,0.9952761904761904,0.5,0.8024990742178837,0.8413591368900015,25
Beethoven#Piano_Sonatas#21-1_no_repeat#SunY02M.254,,,success,,0.7915194346289753,0.9490740740740742,0.6078431372549019,0.9642200000000001,1.0,0.8625313291915904,0.9262033771757624,254
Beethoven#Piano_Sonatas#21-1_no_repeat#SunY02M.256,,,success,,0.75,0.9046825396825399,0.5242718446601942,0.9948333333333333,1.0,0.8347575435352134,0.9123789682539682,256
Beethoven#Piano_Sonatas#21-1_no_repeat#SunY02M.257,,,success,,0.7651515151515151,0.8646825396825397,0.46226415094339623,0.9731494252873562,1.0,0.8130495262129613,0.9007458700303528,257
Beethoven#Piano_Sonatas#21-1_no_repeat#SunY02M.27,,,success,,0.8705882352941177,0.9285714285714286,0.5294117647058824,1.0,0.5,0.7657142857142858,0.8247899159663865,27
Beethoven#Piano_Sonatas#21-1_no_repeat#SunY02M.274,,,success,,0.6037735849056604,0.9516129032258065,0.45098039215686286,0.984375,1.0,0.798148376057666,0.8849403720328667,274
Beethoven#Piano_Sonatas#21-1_no_repeat#SunY02M.276,,,success,,0.48,0.9038461538461539,0.3921568627450981,0.9325945945945946,1.0,0.7417195222371692,0.8291101871101871,276
Beethoven#Piano_Sonatas#21-1_no_repeat#SunY02M.29,,,success,,0.696969696969697,0.8636363636363636,0.5238095238095238,0.98,0.0,0.6128831168831168,0.6351515151515151,29
Beethoven#Piano_Sonatas#21-1_no_repeat#SunY02M.294,,,success,,0.673015873015873,0.9223744292237442,0.38235294117647056,0.9614315789473684,1.0,0.7878349644726912,0.8892054702967465,294
Beethoven#Piano_Sonatas#21-1_no_repeat#SunY02M.295,,,success,,0.629757785467128,0.902020202020202,0.30150753768844224,0.9434782608695653,1.0,0.7553527572090675,0.8688140620892238,295
Beethoven#Piano_Sonatas#21-1_no_repeat#SunY02M.30,,,success,,0.578125,0.7759562841530054,0.42592592592592593,1.0,0.0,0.5560014420157863,0.5885203210382514,30
Beethoven#Piano_Sonatas#21-1_no_repeat#SunY02M.49,,,success,,0.632183908045977,1.0,0.03896103896103896,0.925277341517151,0.0,0.5192844577048333,0.639365312390782,49
Beethoven#Piano_Sonatas#21-1_no_repeat#SunY02M.51,,,success,,0.5555555555555555,0.9655172413793104,0.02564102564102564,0.9036873542072481,0.0,0.4900802353566279,0.6061900377855285,51
Beethoven#Piano_Sonatas#21-1_no_repeat#SunY02M.52,,,success,,0.4935064935064935,0.9454545454545454,0.04285714285714286,0.9432932328114854,0.0,0.48502228292593347,0.595563567943131,52
Beethoven#Piano_Sonatas#21-1_no_repeat#SunY02M.54,,,success,,0.8439716312056739,0.9743589743589743,0.2745098039215686,0.9781600435492652,0.0,0.6142000906070963,0.6991226622784783,54
Beethoven#Piano_Sonatas#21-1_no_repeat#SunY02M.56,,,success,,0.877887788778878,1.0,0.3333333333333333,0.9854920634920634,1.0,0.839342637120855,0.9658449630677354,56
Beethoven#Piano_Sonatas#21-1_no_repeat#SunY02M.58,,,success,,0.8380952380952381,1.0,0.5588235294117647,0.990990990990991,1.0,0.8775819516995987,0.9572715572715573,58
Beethoven#Piano_Sonatas#21-1_no_repeat#SunY02M.60,,,success,,0.7220630372492837,0.9746376811594202,0.6601941747572816,0.9942528735632183,1.0,0.8702295533458407,0.9227383979929806,60
Beethoven#Piano_Sonatas#21-1_no_repeat#SunY02M.62,,,success,,0.7678571428571429,1.0,0.6116504854368932,0.97,1.0,0.8699015256588071,0.9344642857142857,62
Beethoven#Piano_Sonatas#21-1_no_repeat#SunY02M.64,,,success,,0.7749077490774908,0.8539325842696629,0.6666666666666666,1.0,1.0,0.8591014000027641,0.9072100833367884,64
Beethoven#Piano_Sonatas#21-1_no_repeat#SunY02M.66,,,success,,0.8363636363636363,0.8705882352941176,0.5980392156862745,0.9800533333333332,1.0,0.8570088841354723,0.9217513012477718,66
Beethoven#Piano_Sonatas#21-1_no_repeat#SunY02M.82,,,success,,0.7049180327868854,0.8380952380952381,0.48148148148148157,0.9848484848484849,1.0,0.8018686474424179,0.8819654389326521,82
Beethoven#Piano_Sonatas#21-1_no_repeat#SunY02M.83,,,success,,0.6821705426356589,0.8796296296296297,0.45714285714285713,0.9277777777777777,0.0,0.5893441614371847,0.6223944875107665,83
Beethoven#Piano_Sonatas#21-1_no_repeat#SunY02M.84,,,success,,0.7479674796747967,0.7499999999999999,0.490566037735849,0.9318181818181818,0.0,0.5840703398457655,0.6074464153732446,84
Beethoven#Piano_Sonatas#21-1_no_repeat#SunY02M.9,,,success,,0.7149758454106279,0.8010752688172044,0.3921568627450981,0.7712788461538461,1.0,0.7358973646253553,0.8218324900954196,9
Beethoven#Piano_Sonatas#21-1_no_repeat#SunY02M.95,,,success,,0.803088803088803,0.8737864077669902,0.5904761904761904,0.9735764705882354,0.0,0.6481855743840438,0.6626129203610072,95
Beethoven#Piano_Sonatas#21-1_no_repeat#SunY02M.97,,,success,,0.7286821705426357,0.8064516129032258,0.6601941747572816,1.0,0.0,0.6390655916406287,0.6337834458614654,97
Beethoven#Piano_Sonatas#21-1_no_repeat#SunY02M.99,,,success,,0.748971193415638,0.9777777777777777,0.6078431372549019,0.9941647058823528,0.0,0.6657513628661341,0.6802284192689421,99
Beethoven#Piano_Sonatas#21-1_no_repeat#Tetzloff05M.100,,,success,,0.6488888888888888,0.9295774647887324,0.2745098039215686,0.9903103448275863,0.0,0.5686573004853551,0.6421941746263018,100
Beethoven#Piano_Sonatas#21-1_no_repeat#Tetzloff05M.102,,,success,,0.7423580786026202,0.963855421686747,0.4705882352941177,0.9531875,0.0,0.6259978471166969,0.6648502500723418,102
Beethoven#Piano_Sonatas#21-1_no_repeat#Tetzloff05M.104,,,success,,0.7818181818181819,0.9761904761904762,0.6470588235294118,0.9773333333333332,0.0,0.6764801629742806,0.6838354978354978,104
Beethoven#Piano_Sonatas#21-1_no_repeat#Tetzloff05M.106,,,success,,0.7022222222222222,1.0,0.5882352941176471,0.9112858093337135,1.0,0.8403486651347165,0.903377007888984,106
Beethoven#Piano_Sonatas#21-1_no_repeat#Tetzloff05M.108,,,success,,0.5688888888888889,1.0,0.34313725490196073,0.9114070525615435,1.0,0.7646866392704786,0.8700739853626082,108
Beethoven#Piano_Sonatas#21-1_no_repeat#Tetzloff05M.11,,,success,,0.5572139303482586,0.9281045751633987,0.375,0.8581621621621621,1.0,0.7436961335347638,0.8358701669184548,11
Beethoven#Piano_Sonatas#21-1_no_repeat#Tetzloff05M.121,,,success,,0.5365853658536585,0.9807692307692307,0.022222222222222223,0.9655383320762073,0.0,0.5010230301842638,0.6207232321747741,121
Beethoven#Piano_Sonatas#21-1_no_repeat#Tetzloff05M.123,,,success,,0.6192893401015229,0.9491525423728814,0.014285714285714285,0.9315418830399197,0.5,0.6028538959600076,0.7499959413785809,123
Beethoven#Piano_Sonatas#21-1_no_repeat#Tetzloff05M.124,,,success,,0.6073298429319371,0.9298245614035088,0.0,0.918991707261224,0.5,0.5912292223193341,0.7390365278991675,124
Beethoven#Piano_Sonatas#21-1_no_repeat#Tetzloff05M.126,,,success,,0.6631016042780747,0.8947368421052632,0.05714285714285714,0.9706920958083833,0.5,0.6171346798669157,0.7571326355479303,126
Beethoven#Piano_Sonatas#21-1_no_repeat#Tetzloff05M.127,,,success,,0.5918367346938775,0.9074074074074073,0.07142857142857144,0.9066325024369867,1.0,0.6954610431933685,0.8514691611345679,127
Beethoven#Piano_Sonatas#21-1_no_repeat#Tetzloff05M.129,,,success,,0.4821428571428572,0.8461538461538461,0.10344827586206896,0.9391694991907075,0.0,0.474182895669896,0.5668665506218528,129
Beethoven#Piano_Sonatas#21-1_no_repeat#Tetzloff05M.130,,,success,,0.583732057416268,0.8448275862068967,0.06703910614525138,0.9574417212087454,0.0,0.4906080941954323,0.5965003412079775,130
Beethoven#Piano_Sonatas#21-1_no_repeat#Tetzloff05M.141,,,success,,0.44,0.7984496124031009,0.16666666666666666,0.9077894736842106,0.5,0.5625811505507956,0.6615597715218279,141
Beethoven#Piano_Sonatas#21-1_no_repeat#Tetzloff05M.143,,,timeout,timeout,0,0,0,0,0,0,0,143
Beethoven#Piano_Sonatas#21-1_no_repeat#Tetzloff05M.145,,,conversion_error,conversion_error,0,0,0,0,0,0,0,145
Beethoven#Piano_Sonatas#21-1_no_repeat#Tetzloff05M.147,,,conversion_error,conversion_error,0,0,0,0,0,0,0,147
Beethoven#Piano_Sonatas#21-1_no_repeat#Tetzloff05M.149,,,success,,0.4393939393939394,1.0,0.22,0.8533846153846156,1.0,0.702555710955711,0.8231946386946387,149
Beethoven#Piano_Sonatas#21-1_no_repeat#Tetzloff05M.165,,,success,,0.4367816091954023,0.8235294117647058,0.1683168316831683,0.5964615384615385,1.0,0.605017878220963,0.7141931398554117,165
Beethoven#Piano_Sonatas#21-1_no_repeat#Tetzloff05M.166,,,success,,0.5454545454545454,0.5588235294117647,0.0,0.8,0.0,0.38085561497326204,0.47606951871657754,166
Beethoven#Piano_Sonatas#21-1_no_repeat#Tetzloff05M.167,,,success,,0.6262626262626263,0.8333333333333333,0.36111111111111105,0.84,0.0,0.532141414141414,0.5748989898989899,167
Beethoven#Piano_Sonatas#21-1_no_repeat#Tetzloff05M.168,,,conversion_error,conversion_error,0,0,0,0,0,0,0,168
Beethoven#Piano_Sonatas#21-1_no_repeat#Tetzloff05M.170,,,success,,0.7980295566502463,0.860730593607306,0.6176470588235295,0.8793103448275862,1.0,0.8311435107817335,0.8845176237712846,170
Beethoven#Piano_Sonatas#21-1_no_repeat#Tetzloff05M.183,,,success,,0.8417721518987342,1.0,0.6666666666666666,1.0,1.0,0.90168776371308,0.9604430379746836,183
Beethoven#Piano_Sonatas#21-1_no_repeat#Tetzloff05M.185,,,success,,0.8025477707006369,0.9836065573770492,0.5145631067961165,1.0,1.0,0.8601434869747605,0.9465385820194215,185
Beethoven#Piano_Sonatas#21-1_no_repeat#Tetzloff05M.187,,,success,,0.703125,0.8953488372093024,0.5098039215686274,0.936235294117647,1.0,0.8089026105791153,0.8836772828317374,187
Beethoven#Piano_Sonatas#21-1_no_repeat#Tetzloff05M.189,,,success,,0.6382978723404257,0.775,0.19999999999999998,0.9124705882352941,1.0,0.705153692115144,0.83144211514393,189
Beethoven#Piano_Sonatas#21-1_no_repeat#Tetzloff05M.190,,,success,,0.736842105263158,0.8936170212765957,0.43809523809523815,0.9063749999999999,1.0,0.7949858729269984,0.8842085316349384,190
Beethoven#Piano_Sonatas#21-1_no_repeat#Tetzloff05M.192,,,success,,0.5562913907284769,1.0,0.4476190476190476,0.85,1.0,0.770782087669505,0.8515728476821193,192
Beethoven#Piano_Sonatas#21-1_no_repeat#Tetzloff05M.193,,,success,,0.574585635359116,0.9333333333333333,0.37254901960784315,0.7975238095238094,1.0,0.7355983595648203,0.8263606945540647,193
Beethoven#Piano_Sonatas#21-1_no_repeat#Tetzloff05M.203,,,success,,0.5714285714285714,0.8443396226415093,0.07843137254901962,0.907632008709853,1.0,0.6803663150657907,0.8308500506949834,203
Beethoven#Piano_Sonatas#21-1_no_repeat#Tetzloff05M.211,,,success,,0.5233644859813084,1.0,0.04854368932038834,0.9282091202210961,1.0,0.7000234591045585,0.8628934015506011,211
Beethoven#Piano_Sonatas#21-1_no_repeat#Tetzloff05M.212,,,success,,0.5739910313901345,1.0,0.060000000000000005,0.906014058838844,1.0,0.7080010180457956,0.8700012725572446,212
Beethoven#Piano_Sonatas#21-1_no_repeat#Tetzloff05M.213,,,success,,0.6440677966101696,0.9733333333333334,0.03921568627450981,0.9223883558184836,1.0,0.7158010344072994,0.8849473714404966,213
Beethoven#Piano_Sonatas#21-1_no_repeat#Tetzloff05M.215,,,success,,0.625,0.963855421686747,0.2647058823529412,0.9336099493321051,1.0,0.7574342506743587,0.880616342754713,215
Beethoven#Piano_Sonatas#21-1_no_repeat#Tetzloff05M.216,,,success,,0.7303754266211604,1.0,0.39999999999999997,0.9717392800605685,1.0,0.8204229413363457,0.9255286766704323,216
Beethoven#Piano_Sonatas#21-1_no_repeat#Tetzloff05M.217,,,success,,0.7395498392282958,1.0,0.3627450980392157,0.9794947836286191,1.0,0.8163579441792261,0.9297611557142287,217
Beethoven#Piano_Sonatas#21-1_no_repeat#Tetzloff05M.219,,,success,,0.7333333333333334,1.0,0.5784313725490197,0.9664220183486238,1.0,0.8556373448461955,0.9249388379204893,219
Beethoven#Piano_Sonatas#21-1_no_repeat#Tetzloff05M.220,,,timeout,timeout,0,0,0,0,0,0,0,220
Beethoven#Piano_Sonatas#21-1_no_repeat#Tetzloff05M.222,,,success,,0.6647398843930635,1.0,0.4117647058823529,0.9422857142857142,1.0,0.8037580609122262,0.9017563996696945,222
Beethoven#Piano_Sonatas#21-1_no_repeat#Tetzloff05M.224,,,success,,0.5911949685534591,1.0,0.4313725490196078,0.8712000000000001,1.0,0.7787535035146134,0.8655987421383647,224
Beethoven#Piano_Sonatas#21-1_no_repeat#Tetzloff05M.226,,,success,,0.6036363636363636,0.8309859154929577,0.2843137254901961,0.9423846153846155,1.0,0.7322641240008266,0.8442517236284842,226
Beethoven#Piano_Sonatas#21-1_no_repeat#Tetzloff05M.227,,,success,,0.6491228070175438,0.7794117647058824,0.5588235294117647,0.9883720930232558,1.0,0.7951460388316893,0.8542266661866704,227
Beethoven#Piano_Sonatas#21-1_no_repeat#Tetzloff05M.23,,,timeout,timeout,0,0,0,0,0,0,0,23
Beethoven#Piano_Sonatas#21-1_no_repeat#Tetzloff05M.25,,,success,,0.7630522088353413,0.978494623655914,0.24242424242424243,0.9741298701298701,0.5,0.6916201890090735,0.8039191756552814,25
Beethoven#Piano_Sonatas#21-1_no_repeat#Tetzloff05M.254,,,success,,0.6096654275092936,1.0,0.20388349514563106,0.931753846153846,1.0,0.7490605537617541,0.8853548184157849,254
Beethoven#Piano_Sonatas#21-1_no_repeat#Tetzloff05M.256,,,success,,0.6209386281588447,0.8615384615384615,0.31000000000000005,0.9145882352941176,1.0,0.7414130649982849,0.849266331247856,256
Beethoven#Piano_Sonatas#21-1_no_repeat#Tetzloff05M.257,,,success,,0.6329113924050633,1.0,0.48543689320388345,0.9758709677419355,1.0,0.8188438506701765,0.9021955900367498,257
Beethoven#Piano_Sonatas#21-1_no_repeat#Tetzloff05M.27,,,success,,0.6918238993710693,0.9423076923076923,0.13888888888888887,0.9524571428571428,0.0,0.5450955246849587,0.6466471836339761,27
Beethoven#Piano_Sonatas#21-1_no_repeat#Tetzloff05M.274,,,timeout,timeout,0,0,0,0,0,0,0,274
Beethoven#Piano_Sonatas#21-1_no_repeat#Tetzloff05M.276,,,success,,0.46491228070175444,0.9038461538461539,0.44,0.9829743589743589,1.0,0.7583465587044534,0.8379331983805668,276
Beethoven#Piano_Sonatas#21-1_no_repeat#Tetzloff05M.29,,,success,,0.5,0.875,0.4245283018867924,0.9065,0.0,0.5412056603773585,0.570375,29
Beethoven#Piano_Sonatas#21-1_no_repeat#Tetzloff05M.294,,,conversion_error,conversion_error,0,0,0,0,0,0,0,294
Beethoven#Piano_Sonatas#21-1_no_repeat#Tetzloff05M.295,,,success,,0.5,0.9715447154471546,0.28272251308900526,0.8604651162790697,1.0,0.7229464689630459,0.833002457931556,295
Beethoven#Piano_Sonatas#21-1_no_repeat#Tetzloff05M.30,,,success,,0.45454545454545453,1.0,0.4036697247706422,0.9722222222222222,0.0,0.5660874803076638,0.6066919191919192,30
Beethoven#Piano_Sonatas#21-1_no_repeat#Tetzloff05M.49,,,success,,0.4835164835164835,0.8831908831908831,0.014492753623188406,0.9721385542168676,0.0,0.47066773490948455,0.5847114802310586,49
Beethoven#Piano_Sonatas#21-1_no_repeat#Tetzloff05M.51,,,success,,0.5213270142180094,1.0,0.05755395683453236,0.87874251497006,0.0,0.4915246972045203,0.6000173822970173,51
Beethoven#Piano_Sonatas#21-1_no_repeat#Tetzloff05M.52,,,success,,0.6224066390041493,0.958904109589041,0.11458333333333333,0.8799927034174277,0.0,0.5151773570687903,0.6153258630026546,52
Beethoven#Piano_Sonatas#21-1_no_repeat#Tetzloff05M.54,,,success,,0.6840148698884759,1.0,0.24509803921568632,0.9897846153846154,1.0,0.7837795048977555,0.9184498713182728,54
Beethoven#Piano_Sonatas#21-1_no_repeat#Tetzloff05M.56,,,success,,0.7572815533980581,0.9739130434782609,0.5,0.9796597824758645,1.0,0.8421708758704366,0.9277135948380458,56
Beethoven#Piano_Sonatas#21-1_no_repeat#Tetzloff05M.58,,,success,,0.6543209876543211,1.0,0.5882352941176471,0.974025974025974,1.0,0.8433164511595885,0.9070867404200738,58
Beethoven#Piano_Sonatas#21-1_no_repeat#Tetzloff05M.60,,,success,,0.6228571428571429,0.9651162790697674,0.5098039215686274,0.9157590361445782,1.0,0.8027072759280232,0.8759331145178721,60
Beethoven#Piano_Sonatas#21-1_no_repeat#Tetzloff05M.62,,,success,,0.5513196480938417,1.0,0.4019607843137255,0.8860759493670886,1.0,0.7678712763549311,0.8593488993652325,62
Beethoven#Piano_Sonatas#21-1_no_repeat#Tetzloff05M.64,,,success,,0.6086956521739131,0.9305555555555556,0.06862745098039215,0.9339047619047619,1.0,0.7083566841229245,0.8682889924085576,64
Beethoven#Piano_Sonatas#21-1_no_repeat#Tetzloff05M.66,,,success,,0.6893617021276596,0.8767123287671232,0.12745098039215685,0.906915254237288,1.0,0.7200880531048455,0.8682473212830177,66
Beethoven#Piano_Sonatas#21-1_no_repeat#Tetzloff05M.82,,,success,,0.6065573770491804,0.953125,0.42857142857142855,0.9551538461538461,1.0,0.788681530354891,0.8787090558007566,82
Beethoven#Piano_Sonatas#21-1_no_repeat#Tetzloff05M.83,,,success,,0.6330935251798561,0.8859649122807017,0.5490196078431372,0.9114193548387096,1.0,0.7958994800284809,0.8576194480748168,83
Beethoven#Piano_Sonatas#21-1_no_repeat#Tetzloff05M.84,,,success,,0.5950413223140496,0.9833333333333334,0.4757281553398059,0.9551282051282051,1.0,0.8018462032230789,0.883375715193897,84
Beethoven#Piano_Sonatas#21-1_no_repeat#Tetzloff05M.9,,,conversion_error,conversion_error,0,0,0,0,0,0,0,9
Beethoven#Piano_Sonatas#21-1_no_repeat#Tetzloff05M.95,,,conversion_error,conversion_error,0,0,0,0,0,0,0,95
Beethoven#Piano_Sonatas#21-1_no_repeat#Tetzloff05M.97,,,success,,0.6230769230769231,0.9367088607594937,0.5862068965517241,1.0,0.0,0.6291985360776282,0.6399464459591042,97
Beethoven#Piano_Sonatas#21-1_no_repeat#Tetzloff05M.99,,,timeout,timeout,0,0,0,0,0,0,0,99
Beethoven#Piano_Sonatas#21-1_no_repeat#ToA02M.100,,,success,,0.6454183266932271,0.8125,0.6601941747572816,1.0,0.0,0.6236225002901017,0.6144795816733067,100
Beethoven#Piano_Sonatas#21-1_no_repeat#ToA02M.102,,,success,,0.9437229437229439,1.0,0.6666666666666666,0.9857142857142858,0.0,0.7192207792207792,0.7323593073593074,102
Beethoven#Piano_Sonatas#21-1_no_repeat#ToA02M.104,,,success,,0.8310502283105022,1.0,0.6470588235294118,0.9938765432098766,0.0,0.6943971190099582,0.7062316928800947,104
Beethoven#Piano_Sonatas#21-1_no_repeat#ToA02M.106,,,success,,0.789237668161435,0.9651162790697675,0.5339805825242718,0.9547784431137724,1.0,0.8486225945738493,0.9272830975862437,106
Beethoven#Piano_Sonatas#21-1_no_repeat#ToA02M.108,,,success,,0.7123287671232877,1.0,0.37,0.9453066248455471,1.0,0.805527078393767,0.9144088479922088,108
Beethoven#Piano_Sonatas#21-1_no_repeat#ToA02M.11,,,success,,0.7619047619047619,0.9722222222222222,0.5142857142857142,0.8176176470588234,1.0,0.8132060690943044,0.887936157796452,11
Beethoven#Piano_Sonatas#21-1_no_repeat#ToA02M.121,,,success,,0.6372549019607844,1.0,0.01851851851851852,0.9122293539767476,0.0,0.51360055489121,0.637371063984383,121
Beethoven#Piano_Sonatas#21-1_no_repeat#ToA02M.123,,,conversion_error,conversion_error,0,0,0,0,0,0,0,123
Beethoven#Piano_Sonatas#21-1_no_repeat#ToA02M.124,,,success,,0.6041666666666667,1.0,0.0,0.9122818193400433,0.0,0.503289697201342,0.6291121215016775,124
Beethoven#Piano_Sonatas#21-1_no_repeat#ToA02M.126,,,success,,0.7150837988826816,0.9836065573770492,0.02857142857142857,0.9465495560602932,0.5,0.6347622681782905,0.786309978080006,126
Beethoven#Piano_Sonatas#21-1_no_repeat#ToA02M.127,,,success,,0.6594594594594595,1.0,0.09999999999999999,0.9697209354875156,0.0,0.545836078989395,0.6572950987367437,127
Beethoven#Piano_Sonatas#21-1_no_repeat#ToA02M.129,,,success,,0.6772486772486772,1.0,0.11764705882352942,0.9326863514350611,0.0,0.5455164175014535,0.6524837571709345,129
Beethoven#Piano_Sonatas#21-1_no_repeat#ToA02M.130,,,success,,0.6703296703296703,1.0,0.06763285024154589,0.9194786464806237,0.0,0.531488233410368,0.6474520792025735,130
Beethoven#Piano_Sonatas#21-1_no_repeat#ToA02M.141,,,success,,0.6483516483516483,0.9310344827586206,0.1372549019607843,0.9884651162790697,0.5,0.6410212298700245,0.7669628118473346,141
Beethoven#Piano_Sonatas#21-1_no_repeat#ToA02M.143,,,success,,0.5806451612903226,0.9453551912568307,0.11764705882352942,0.9629767441860465,0.5,0.6213248311113458,0.7472442741833,143
Beethoven#Piano_Sonatas#21-1_no_repeat#ToA02M.145,,,conversion_error,conversion_error,0,0,0,0,0,0,0,145
Beethoven#Piano_Sonatas#21-1_no_repeat#ToA02M.147,,,timeout,timeout,0,0,0,0,0,0,0,147
Beethoven#Piano_Sonatas#21-1_no_repeat#ToA02M.149,,,success,,0.4320557491289199,1.0,0.19999999999999998,0.87105,1.0,0.7006211498257839,0.8257764372822299,149
Beethoven#Piano_Sonatas#21-1_no_repeat#ToA02M.165,,,success,,0.780952380952381,0.7786458333333333,0.4411764705882353,0.59765625,1.0,0.7196861869747899,0.7893136160714286,165
Beethoven#Piano_Sonatas#21-1_no_repeat#ToA02M.166,,,success,,0.8809523809523809,0.8103448275862069,0.6666666666666666,0.3467741935483871,1.0,0.7409476137507283,0.7595178505217437,166
Beethoven#Piano_Sonatas#21-1_no_repeat#ToA02M.167,,,success,,0.7526881720430109,0.7722222222222224,0.5922330097087379,0.8,0.0,0.5834286807947942,0.5812275985663082,167
Beethoven#Piano_Sonatas#21-1_no_repeat#ToA02M.168,,,success,,0.8813559322033898,0.8627450980392157,0.5882352941176471,0.6904761904761905,0.0,0.6045625029672885,0.608644305179699,168
Beethoven#Piano_Sonatas#21-1_no_repeat#ToA02M.170,,,success,,0.8545454545454546,0.9239130434782609,0.5392156862745098,0.9240506329113924,1.0,0.8483449634419236,0.925627282733777,170
Beethoven#Piano_Sonatas#21-1_no_repeat#ToA02M.183,,,success,,0.9871794871794872,1.0,0.6666666666666666,1.0,1.0,0.9307692307692307,0.9967948717948718,183
Beethoven#Piano_Sonatas#21-1_no_repeat#ToA02M.185,,,success,,0.9797297297297298,1.0,0.6666666666666666,1.0,1.0,0.9292792792792792,0.9949324324324325,185
Beethoven#Piano_Sonatas#21-1_no_repeat#ToA02M.187,,,success,,0.9029126213592233,1.0,0.5980392156862745,0.9876543209876543,1.0,0.8977212316066303,0.9726417355867194,187
Beethoven#Piano_Sonatas#21-1_no_repeat#ToA02M.189,,,success,,0.8057553956834532,0.9019607843137255,0.627450980392157,1.0,1.0,0.8670334320778672,0.9269290449992946,189
Beethoven#Piano_Sonatas#21-1_no_repeat#ToA02M.190,,,success,,0.5942028985507246,0.8974358974358975,0.5533980582524273,0.9166666666666666,1.0,0.7923407041811432,0.8520763656633221,190
Beethoven#Piano_Sonatas#21-1_no_repeat#ToA02M.192,,,success,,0.5882352941176471,1.0,0.36190476190476184,0.7516129032258065,1.0,0.7403505918496431,0.8349620493358634,192
Beethoven#Piano_Sonatas#21-1_no_repeat#ToA02M.193,,,success,,0.6256983240223464,0.9310344827586207,0.39,0.8598181818181818,1.0,0.7613101977198298,0.8541377471497873,193
Beethoven#Piano_Sonatas#21-1_no_repeat#ToA02M.203,,,success,,0.6000000000000001,0.9821428571428571,0.04901960784313726,0.954530697640863,1.0,0.7171386325253716,0.8841683886959301,203
Beethoven#Piano_Sonatas#21-1_no_repeat#ToA02M.211,,,success,,0.7731958762886598,1.0,0.019607843137254905,0.9212602435101449,1.0,0.7428127925872119,0.9236140299497011,211
Beethoven#Piano_Sonatas#21-1_no_repeat#ToA02M.212,,,success,,0.6422018348623854,1.0,0.0,0.9385118651585719,1.0,0.7161427400041915,0.8951784250052394,212
Beethoven#Piano_Sonatas#21-1_no_repeat#ToA02M.213,,,success,,0.5555555555555556,1.0,0.0,0.9811885662636991,1.0,0.7073488243638509,0.8841860304548137,213
Beethoven#Piano_Sonatas#21-1_no_repeat#ToA02M.215,,,success,,0.8315412186379928,1.0,0.2647058823529412,0.9735784646922372,1.0,0.8139651131366342,0.9512799208325575,215
Beethoven#Piano_Sonatas#21-1_no_repeat#ToA02M.216,,,success,,0.5618729096989966,1.0,0.04901960784313726,0.984,1.0,0.7189785035084268,0.8864682274247492,216
Beethoven#Piano_Sonatas#21-1_no_repeat#ToA02M.217,,,success,,0.9190938511326862,1.0,0.49019607843137264,0.985,1.0,0.8788579859128116,0.9760234627831715,217
Beethoven#Piano_Sonatas#21-1_no_repeat#ToA02M.219,,,success,,0.9158878504672897,1.0,0.6666666666666666,0.9964285714285714,1.0,0.9157966177125054,0.9780791054739653,219
Beethoven#Piano_Sonatas#21-1_no_repeat#ToA02M.220,,,success,,0.8319088319088318,1.0,0.6078431372549019,0.9647591240875915,1.0,0.8809022186502651,0.9491669889991059,220
Beethoven#Piano_Sonatas#21-1_no_repeat#ToA02M.222,,,success,,0.7713498622589532,1.0,0.6666666666666666,1.0,1.0,0.887603305785124,0.9428374655647382,222
Beethoven#Piano_Sonatas#21-1_no_repeat#ToA02M.224,,,success,,0.657608695652174,1.0,0.5145631067961165,0.945009708737864,1.0,0.8234363022372311,0.9006546010975095,224
Beethoven#Piano_Sonatas#21-1_no_repeat#ToA02M.226,,,success,,0.8537549407114625,0.8617021276595744,0.6666666666666666,1.0,1.0,0.8764247470075407,0.9288642670927593,226
Beethoven#Piano_Sonatas#21-1_no_repeat#ToA02M.227,,,success,,0.7723577235772356,0.7007575757575757,0.6666666666666666,0.9318181818181818,1.0,0.8143200295639319,0.8512333702882483,227
Beethoven#Piano_Sonatas#21-1_no_repeat#ToA02M.23,,,success,,0.975,1.0,0.6666666666666666,1.0,0.5,0.8283333333333334,0.86875,23
Beethoven#Piano_Sonatas#21-1_no_repeat#ToA02M.25,,,success,,0.9393939393939394,0.9583333333333334,0.6666666666666666,1.0,0.5,0.8128787878787879,0.8494318181818182,25
Beethoven#Piano_Sonatas#21-1_no_repeat#ToA02M.254,,,success,,0.7272727272727273,0.9387387387387388,0.48543689320388345,0.9495247524752477,1.0,0.8201946223381194,0.9038840546216784,254
Beethoven#Piano_Sonatas#21-1_no_repeat#ToA02M.256,,,success,,0.6993006993006993,0.8714285714285714,0.17924528301886794,0.953753086419753,1.0,0.7407455280335784,0.8811205892872559,256
Beethoven#Piano_Sonatas#21-1_no_repeat#ToA02M.257,,,success,,0.8164794007490637,0.9627118644067796,0.4368932038834952,0.9881188118811881,1.0,0.8408406561841053,0.9418275192592578,257
Beethoven#Piano_Sonatas#21-1_no_repeat#ToA02M.27,,,success,,0.9028571428571429,0.9078947368421053,0.5047619047619047,0.9812258064516128,0.0,0.6593479181825532,0.6979944215377153,27
Beethoven#Piano_Sonatas#21-1_no_repeat#ToA02M.274,,,success,,0.6206896551724137,0.8387096774193549,0.21904761904761907,0.9705416666666666,1.0,0.7297977236612109,0.8574852498146088,274
Beethoven#Piano_Sonatas#21-1_no_repeat#ToA02M.276,,,success,,0.5622119815668203,0.9096045197740114,0.19417475728155337,0.9556444444444445,1.0,0.7243271406133658,0.856865236446319,276
Beethoven#Piano_Sonatas#21-1_no_repeat#ToA02M.29,,,success,,0.65625,0.825,0.5,0.9629629629629629,0.0,0.5888425925925926,0.6110532407407407,29
Beethoven#Piano_Sonatas#21-1_no_repeat#ToA02M.294,,,success,,0.6483516483516484,0.8698312236286919,0.5092592592592592,0.9904761904761905,1.0,0.803583664343158,0.8771647656141327,294
Beethoven#Piano_Sonatas#21-1_no_repeat#ToA02M.295,,,success,,0.6738351254480287,0.9054597701149425,0.49180327868852464,0.9611428571428569,1.0,0.8064482062788706,0.885109438176457,295
Beethoven#Piano_Sonatas#21-1_no_repeat#ToA02M.30,,,success,,0.5547445255474452,0.8083333333333333,0.3490566037735849,0.8782608695652175,0.0,0.5180790664439162,0.5603346821114991,30
Beethoven#Piano_Sonatas#21-1_no_repeat#ToA02M.49,,,success,,0.7650273224043717,0.9545454545454546,0.04285714285714286,0.9087046789954228,0.0,0.5342269197604784,0.6570693639863122,49
Beethoven#Piano_Sonatas#21-1_no_repeat#ToA02M.51,,,success,,0.7410714285714286,1.0,0.01438848920863309,0.9376523058301068,0.0,0.5386224447220337,0.6696809336003838,51
Beethoven#Piano_Sonatas#21-1_no_repeat#ToA02M.52,,,success,,0.6175115207373272,1.0,0.17142857142857143,0.9631263788213048,0.0,0.5504132941974407,0.645159474889658,52
Beethoven#Piano_Sonatas#21-1_no_repeat#ToA02M.54,,,success,,0.7659574468085105,1.0,0.2745098039215686,0.9849236415658813,0.0,0.6050781784591921,0.687720272093598,54
Beethoven#Piano_Sonatas#21-1_no_repeat#ToA02M.56,,,success,,0.9061488673139159,1.0,0.5098039215686274,0.9843283582089553,1.0,0.8800562294182998,0.9726193063807178,56
Beethoven#Piano_Sonatas#21-1_no_repeat#ToA02M.58,,,success,,0.8825396825396825,1.0,0.6372549019607844,0.9909062500000001,1.0,0.9021401669000934,0.9683614831349207,58
Beethoven#Piano_Sonatas#21-1_no_repeat#ToA02M.60,,,success,,0.7920227920227921,1.0,0.6666666666666666,1.0,1.0,0.8917378917378918,0.948005698005698,60
Beethoven#Piano_Sonatas#21-1_no_repeat#ToA02M.62,,,success,,0.7800586510263929,1.0,0.627450980392157,0.981651376146789,1.0,0.8778322015130678,0.9404275067932955,62
Beethoven#Piano_Sonatas#21-1_no_repeat#ToA02M.64,,,success,,0.7188612099644128,0.8888888888888888,0.45098039215686286,0.9915180722891567,1.0,0.8100497126598644,0.8998170427856146,64
Beethoven#Piano_Sonatas#21-1_no_repeat#ToA02M.66,,,success,,0.8560606060606061,0.912621359223301,0.6078431372549019,0.9418989898989898,1.0,0.8636848184875598,0.9276452387957241,66
Beethoven#Piano_Sonatas#21-1_no_repeat#ToA02M.82,,,success,,0.7863247863247863,0.9133333333333332,0.5904761904761904,0.9191176470588235,1.0,0.8418503914386267,0.9046939416792358,82
Beethoven#Piano_Sonatas#21-1_no_repeat#ToA02M.83,,,success,,0.704,0.908675799086758,0.580952380952381,0.9635416666666666,1.0,0.8314339693411611,0.8940543664383561,83
Beethoven#Piano_Sonatas#21-1_no_repeat#ToA02M.84,,,success,,0.6050420168067226,0.9,0.4951456310679612,0.9469696969696969,0.0,0.5894314689688762,0.6130029284441049,84
Beethoven#Piano_Sonatas#21-1_no_repeat#ToA02M.9,,,success,,0.7980295566502462,0.7992424242424243,0.4705882352941177,0.802825,1.0,0.7741370432373575,0.8500242452231677,9
Beethoven#Piano_Sonatas#21-1_no_repeat#ToA02M.95,,,success,,0.6393442622950819,1.0,0.6666666666666666,1.0,0.0,0.6612021857923497,0.6598360655737705,95
Beethoven#Piano_Sonatas#21-1_no_repeat#ToA02M.97,,,success,,0.7171314741035857,1.0,0.6666666666666666,0.9887640449438202,0.0,0.6745124371428146,0.6764738797618515,97
Beethoven#Piano_Sonatas#21-1_no_repeat#ToA02M.99,,,success,,0.8790322580645161,0.9719626168224299,0.5686274509803922,0.9809375,0.0,0.6801119651734677,0.7079830937217365,99
Beethoven#Piano_Sonatas#21-1_no_repeat#TongB03M.100,,,success,,0.5758754863813229,0.8356164383561644,0.6310679611650486,1.0,0.0,0.6085119771805072,0.6028729811843718,100
Beethoven#Piano_Sonatas#21-1_no_repeat#TongB03M.102,,,success,,0.8,0.8958333333333334,0.6666666666666666,0.9722222222222222,0.0,0.6669444444444445,0.6670138888888889,102
Beethoven#Piano_Sonatas#21-1_no_repeat#TongB03M.104,,,success,,0.7421875000000001,0.8404255319148938,0.6190476190476191,0.9695945945945946,0.0,0.6342510491114215,0.6380519066273721,104
Beethoven#Piano_Sonatas#21-1_no_repeat#TongB03M.106,,,success,,0.7234042553191489,0.963855421686747,0.5145631067961165,0.957823901492789,1.0,0.8319293370589603,0.9112708946246713,106
Beethoven#Piano_Sonatas#21-1_no_repeat#TongB03M.108,,,success,,0.7678571428571429,0.9047619047619048,0.4019607843137255,0.9190696510234342,1.0,0.7987298965912415,0.8979221746606205,108
Beethoven#Piano_Sonatas#21-1_no_repeat#TongB03M.11,,,success,,0.8207547169811321,0.9759036144578314,0.6666666666666666,0.8518518518518519,1.0,0.8630353699914964,0.9121275458227038,11
Beethoven#Piano_Sonatas#21-1_no_repeat#TongB03M.121,,,success,,0.5816326530612245,0.9811320754716981,0.25,0.9787234042553191,0.0,0.5582976265576483,0.6353720331970604,121
Beethoven#Piano_Sonatas#21-1_no_repeat#TongB03M.123,,,success,,0.53125,1.0,0.0136986301369863,0.9518819503849443,0.5,0.5993661161043862,0.7457829875962361,123
Beethoven#Piano_Sonatas#21-1_no_repeat#TongB03M.124,,,success,,0.6304347826086957,1.0,0.02857142857142857,0.9744628390278267,0.0,0.5266938100415902,0.6512244054091306,124
Beethoven#Piano_Sonatas#21-1_no_repeat#TongB03M.126,,,conversion_error,conversion_error,0,0,0,0,0,0,0,126
Beethoven#Piano_Sonatas#21-1_no_repeat#TongB03M.127,,,success,,0.6185567010309277,1.0,0.13541666666666666,0.918579257148354,0.0,0.5345105249691897,0.6342839895448205,127
Beethoven#Piano_Sonatas#21-1_no_repeat#TongB03M.129,,,success,,0.6236559139784946,1.0,0.0,0.921850177196627,0.0,0.5091012182350243,0.6363765227937803,129
Beethoven#Piano_Sonatas#21-1_no_repeat#TongB03M.130,,,success,,0.572972972972973,0.9803921568627451,0.03524229074889868,0.9192665321530851,1.0,0.7015747905475405,0.8681579154972008,130
Beethoven#Piano_Sonatas#21-1_no_repeat#TongB03M.141,,,success,,0.6,0.8214285714285714,0.18627450980392157,1.0,0.5,0.6215406162464985,0.7303571428571428,141
Beethoven#Piano_Sonatas#21-1_no_repeat#TongB03M.143,,,success,,0.5876777251184834,0.9277777777777778,0.08035714285714286,0.9361860465116277,0.5,0.6063997384530063,0.7379103873519722,143
Beethoven#Piano_Sonatas#21-1_no_repeat#TongB03M.145,,,success,,0.5411764705882354,1.0,0.10714285714285716,0.913698567856331,1.0,0.7124035791174848,0.8637187596111415,145
Beethoven#Piano_Sonatas#21-1_no_repeat#TongB03M.147,,,success,,0.5966386554621849,1.0,0.32075471698113206,0.9637818181818182,1.0,0.776235038125027,0.8901051184110008,147
Beethoven#Piano_Sonatas#21-1_no_repeat#TongB03M.149,,,success,,0.5734265734265734,1.0,0.40952380952380946,0.9608235294117646,1.0,0.7887547824724295,0.8835625257095845,149
Beethoven#Piano_Sonatas#21-1_no_repeat#TongB03M.168,,,success,,0.7863247863247863,0.8604651162790697,0.5392156862745098,0.7941176470588235,0.0,0.5960246471874379,0.6102268874156699,168
Beethoven#Piano_Sonatas#21-1_no_repeat#TongB03M.170,,,success,,0.8679245283018867,1.0,0.6372549019607844,0.9074074074074074,1.0,0.8825173675340157,0.9438329839273235,170
Beethoven#Piano_Sonatas#21-1_no_repeat#TongB03M.183,,,success,,0.8782051282051282,0.9777777777777777,0.5098039215686274,0.9959008264462809,1.0,0.8723375307995628,0.9629709331072968,183
Beethoven#Piano_Sonatas#21-1_no_repeat#TongB03M.185,,,success,,0.8783783783783784,0.976,0.5686274509803922,1.0,1.0,0.8846011658717542,0.9635945945945946,185
Beethoven#Piano_Sonatas#21-1_no_repeat#TongB03M.187,,,success,,0.8715596330275229,0.9333333333333333,0.45454545454545453,0.9746835443037974,1.0,0.8468243930420216,0.9448941276661634,187
Beethoven#Piano_Sonatas#21-1_no_repeat#TongB03M.189,,,success,,0.7903225806451613,1.0,0.4705882352941177,0.9714285714285714,1.0,0.8464678774735701,0.9404377880184331,189
Beethoven#Piano_Sonatas#21-1_no_repeat#TongB03M.190,,,success,,0.6249999999999999,0.9534883720930233,0.45714285714285713,0.9166666666666666,1.0,0.7904595791805094,0.8737887596899224,190
Beethoven#Piano_Sonatas#21-1_no_repeat#TongB03M.192,,,success,,0.5276073619631902,1.0,0.537037037037037,0.8461538461538461,1.0,0.7821596490308147,0.8434403020292591,192
Beethoven#Piano_Sonatas#21-1_no_repeat#TongB03M.193,,,success,,0.53125,0.9259259259259259,0.4174757281553398,0.7635135135135135,1.0,0.7276330335189558,0.8051723598598599,193
Beethoven#Piano_Sonatas#21-1_no_repeat#TongB03M.203,,,success,,0.5497630331753555,0.9773462783171522,0.04901960784313726,0.8797811371086801,1.0,0.691182011288865,0.851722612150297,203
Beethoven#Piano_Sonatas#21-1_no_repeat#TongB03M.211,,,success,,0.7200000000000001,0.9571428571428572,0.009803921568627453,0.9388676190604295,1.0,0.7251628795543829,0.9040026190508217,211
Beethoven#Piano_Sonatas#21-1_no_repeat#TongB03M.212,,,success,,0.7297297297297296,1.0,0.03921568627450981,0.9276830953477662,1.0,0.7393257022704012,0.914353206269374,212
Beethoven#Piano_Sonatas#21-1_no_repeat#TongB03M.213,,,success,,0.748898678414097,1.0,0.060000000000000005,0.918001509192621,1.0,0.7453800375213436,0.9167250469016794,213
Beethoven#Piano_Sonatas#21-1_no_repeat#TongB03M.215,,,success,,0.8115942028985507,1.0,0.2647058823529412,0.9620641070799578,1.0,0.80767283846629,0.9434145774946272,215
Beethoven#Piano_Sonatas#21-1_no_repeat#TongB03M.216,,,success,,0.9319727891156462,1.0,0.2549019607843137,0.9757212847033206,1.0,0.8325192069206562,0.9769235184547417,216
Beethoven#Piano_Sonatas#21-1_no_repeat#TongB03M.217,,,success,,0.9837133550488599,1.0,0.42156862745098034,0.9790993377483443,1.0,0.8768762640496369,0.990703173199301,217
Beethoven#Piano_Sonatas#21-1_no_repeat#TongB03M.219,,,success,,0.877742946708464,1.0,0.5588235294117647,1.0,1.0,0.8873132952240457,0.969435736677116,219
Beethoven#Piano_Sonatas#21-1_no_repeat#TongB03M.220,,,timeout,timeout,0,0,0,0,0,0,0,220
Beethoven#Piano_Sonatas#21-1_no_repeat#TongB03M.222,,,success,,0.681081081081081,1.0,0.5196078431372549,0.9882990654205608,1.0,0.8377975979277794,0.9173450366254104,222
Beethoven#Piano_Sonatas#21-1_no_repeat#TongB03M.224,,,success,,0.6384180790960452,1.0,0.6078431372549019,0.9806736842105261,1.0,0.8453869801122946,0.9047729408266428,224
Beethoven#Piano_Sonatas#21-1_no_repeat#TongB03M.226,,,success,,0.8979591836734695,0.968421052631579,0.6666666666666666,1.0,1.0,0.9066093805943429,0.9665950590762621,226
Beethoven#Piano_Sonatas#21-1_no_repeat#TongB03M.227,,,success,,0.8608695652173913,0.967032967032967,0.6666666666666666,1.0,1.0,0.8989138397834051,0.9569756330625896,227
Beethoven#Piano_Sonatas#21-1_no_repeat#TongB03M.23,,,success,,0.975,1.0,0.6666666666666666,1.0,0.5,0.8283333333333334,0.86875,23
Beethoven#Piano_Sonatas#21-1_no_repeat#TongB03M.25,,,success,,0.9304029304029305,0.967479674796748,0.5882352941176471,0.995686956521739,0.5,0.796360971167813,0.8483923904303543,25
Beethoven#Piano_Sonatas#21-1_no_repeat#TongB03M.254,,,success,,0.5338078291814947,1.0,0.09803921568627452,0.9151071428571429,1.0,0.7093908375449824,0.8622287430096593,254
Beethoven#Piano_Sonatas#21-1_no_repeat#TongB03M.256,,,success,,0.7770270270270271,0.9650793650793651,0.5047619047619047,0.9914615384615384,1.0,0.8476659670659672,0.9333919826419826,256
Beethoven#Piano_Sonatas#21-1_no_repeat#TongB03M.257,,,success,,0.7338129496402879,1.0,0.44339622641509435,0.9663999999999999,1.0,0.8287218352110765,0.925053237410072,257
Beethoven#Piano_Sonatas#21-1_no_repeat#TongB03M.27,,,success,,0.8666666666666667,0.9315068493150684,0.6078431372549019,0.967344262295082,0.0,0.6746721831063438,0.6913794445692043,27
Beethoven#Piano_Sonatas#21-1_no_repeat#TongB03M.274,,,success,,0.6735751295336787,0.8677248677248677,0.22549019607843143,0.9864489795918367,1.0,0.7506478345857629,0.8819372442125958,274
Beethoven#Piano_Sonatas#21-1_no_repeat#TongB03M.276,,,success,,0.5533980582524272,0.9107142857142857,0.4099999999999999,0.9894468085106383,1.0,0.7727118304954702,0.8633897881193378,276
Beethoven#Piano_Sonatas#21-1_no_repeat#TongB03M.29,,,success,,0.6277372262773722,0.7541666666666665,0.5533980582524273,0.9583333333333334,0.0,0.5787270569059599,0.585059306569343,29
Beethoven#Piano_Sonatas#21-1_no_repeat#TongB03M.294,,,success,,0.6501547987616099,0.9844444444444446,0.42000000000000004,0.9811363636363637,1.0,0.8071471213684835,0.9039339017106045,294
Beethoven#Piano_Sonatas#21-1_no_repeat#TongB03M.295,,,success,,0.6618705035971223,0.9435483870967742,0.45901639344262296,0.9711466666666666,1.0,0.8071163901606372,0.8941413893401409,295
Beethoven#Piano_Sonatas#21-1_no_repeat#TongB03M.30,,,success,,0.549618320610687,0.8690476190476191,0.4077669902912621,0.9736842105263158,0.0,0.5600234280951768,0.5980875375461555,30
Beethoven#Piano_Sonatas#21-1_no_repeat#TongB03M.49,,,success,,0.696629213483146,1.0,0.08333333333333334,0.8887932370553013,0.0,0.5337511567743561,0.6463556126346118,49
Beethoven#Piano_Sonatas#21-1_no_repeat#TongB03M.51,,,success,,0.6074766355140188,0.9682539682539683,0.07142857142857144,0.9340896520212588,0.0,0.5162497654435635,0.6274550639473114,51
Beethoven#Piano_Sonatas#21-1_no_repeat#TongB03M.52,,,success,,0.5463414634146341,0.9444444444444444,0.20547945205479454,0.9642179056521104,0.0,0.5320966531131966,0.6137509533777972,52
Beethoven#Piano_Sonatas#21-1_no_repeat#TongB03M.54,,,success,,0.8581560283687942,1.0,0.3137254901960785,0.9538796381009171,0.0,0.625152231333158,0.7030089166174278,54
Beethoven#Piano_Sonatas#21-1_no_repeat#TongB03M.56,,,success,,0.8852459016393441,1.0,0.42156862745098034,0.9808307692307692,1.0,0.8575290596642187,0.9665191677175283,56
Beethoven#Piano_Sonatas#21-1_no_repeat#TongB03M.58,,,success,,0.832807570977918,1.0,0.6666666666666666,1.0,1.0,0.8998948475289168,0.9582018927444795,58
Beethoven#Piano_Sonatas#21-1_no_repeat#TongB03M.60,,,success,,0.7563025210084034,1.0,0.5490196078431372,0.9693203883495146,1.0,0.8549285034402111,0.9314057273394795,60
Beethoven#Piano_Sonatas#21-1_no_repeat#TongB03M.62,,,success,,0.8409090909090909,1.0,0.5686274509803922,0.9669117647058824,1.0,0.8752896613190732,0.9519552139037433,62
Beethoven#Piano_Sonatas#21-1_no_repeat#TongB03M.64,,,success,,0.8758169934640524,1.0,0.6176470588235295,0.9610645161290324,1.0,0.8909057136833228,0.9592203773982712,64
Beethoven#Piano_Sonatas#21-1_no_repeat#TongB03M.66,,,success,,0.8560606060606061,0.970873786407767,0.6666666666666666,0.9433962264150944,1.0,0.8873994571100268,0.9425826547208669,66
Beethoven#Piano_Sonatas#21-1_no_repeat#TongB03M.82,,,success,,0.6612903225806451,0.8645833333333335,0.49074074074074064,0.9722666666666666,0.0,0.5977762126642772,0.6245350806451613,82
Beethoven#Piano_Sonatas#21-1_no_repeat#TongB03M.83,,,success,,0.5954198473282443,0.8279569892473118,0.4245283018867924,0.9583999999999999,0.0,0.5612610276924697,0.595444209143889,83
Beethoven#Piano_Sonatas#21-1_no_repeat#TongB03M.84,,,success,,0.556390977443609,0.7738095238095238,0.5784313725490197,0.86008,0.0,0.5537423747604305,0.5475701253132832,84
Beethoven#Piano_Sonatas#21-1_no_repeat#TongB03M.9,,,success,,0.663551401869159,0.9497354497354498,0.19607843137254904,0.7713214285714285,1.0,0.7161373423097173,0.8461520700440093,9
Beethoven#Piano_Sonatas#21-1_no_repeat#TongB03M.95,,,success,,0.8167938931297709,0.8018867924528302,0.6666666666666666,1.0,0.0,0.6570694704498535,0.6546701713956503,95
Beethoven#Piano_Sonatas#21-1_no_repeat#TongB03M.97,,,success,,0.7218045112781954,0.5473684210526316,0.6476190476190475,1.0,0.0,0.5833583959899749,0.5672932330827067,97
Beethoven#Piano_Sonatas#21-1_no_repeat#TongB03M.99,,,success,,0.6183206106870229,0.6625,0.6601941747572816,1.0,0.0,0.588202957088861,0.5702051526717558,99
Beethoven#Piano_Sonatas#21-1_no_repeat#WangA02M.100,,,success,,0.6090225563909774,0.75,0.6037735849056604,1.0,0.0,0.5925592282593275,0.5897556390977443,100
Beethoven#Piano_Sonatas#21-1_no_repeat#WangA02M.102,,,success,,0.779527559055118,0.8163265306122449,0.6476190476190475,1.0,0.0,0.6486946274572821,0.6489635224168407,102
Beethoven#Piano_Sonatas#21-1_no_repeat#WangA02M.104,,,success,,0.9596412556053813,1.0,0.6666666666666666,0.9811320754716981,0.0,0.7214879995487491,0.7351933327692699,104
Beethoven#Piano_Sonatas#21-1_no_repeat#WangA02M.106,,,success,,0.6899563318777293,0.961038961038961,0.5196078431372549,0.9485294117647058,1.0,0.8238265095637303,0.8998811761703491,106
Beethoven#Piano_Sonatas#21-1_no_repeat#WangA02M.108,,,conversion_error,conversion_error,0,0,0,0,0,0,0,108
Beethoven#Piano_Sonatas#21-1_no_repeat#WangA02M.11,,,success,,0.8217821782178217,0.8051948051948051,0.6666666666666666,0.8015873015873016,1.0,0.819046190333319,0.8571410712499821,11
Beethoven#Piano_Sonatas#21-1_no_repeat#WangA02M.121,,,conversion_error,conversion_error,0,0,0,0,0,0,0,121
Beethoven#Piano_Sonatas#21-1_no_repeat#WangA02M.123,,,success,,0.5911330049261084,1.0,0.07142857142857144,0.9363922756895847,0.5,0.619790770408853,0.7568813201539233,123
Beethoven#Piano_Sonatas#21-1_no_repeat#WangA02M.124,,,success,,0.6559139784946237,1.0,0.014285714285714285,0.9243875884594448,0.0,0.5189174562479566,0.6450753917385171,124
Beethoven#Piano_Sonatas#21-1_no_repeat#WangA02M.126,,,success,,0.6881720430107527,1.0,0.08571428571428572,0.9273011277832326,0.5,0.6402374913016542,0.7788682926984963,126
Beethoven#Piano_Sonatas#21-1_no_repeat#WangA02M.127,,,success,,0.6701030927835051,0.9833333333333333,0.07291666666666666,0.9384450753665085,1.0,0.7329596336300027,0.8979703753708367,127
Beethoven#Piano_Sonatas#21-1_no_repeat#WangA02M.129,,,success,,0.7135135135135136,1.0,0.05714285714285714,0.9649201596806388,0.0,0.5471153060674019,0.6696084182985381,129
Beethoven#Piano_Sonatas#21-1_no_repeat#WangA02M.130,,,success,,0.6630434782608696,0.9689265536723164,0.029411764705882356,0.9556674469243331,0.0,0.5234098487126803,0.6469093697143797,130
Beethoven#Piano_Sonatas#21-1_no_repeat#WangA02M.141,,,success,,0.5792349726775957,0.8954248366013072,0.2549019607843137,0.9700007301935013,0.5,0.6399125000513436,0.7361651348681011,141
Beethoven#Piano_Sonatas#21-1_no_repeat#WangA02M.143,,,success,,0.5333333333333333,0.9259259259259259,0.18446601941747573,0.9197670682730924,0.5,0.6126984693899654,0.7197565818830879,143
Beethoven#Piano_Sonatas#21-1_no_repeat#WangA02M.145,,,conversion_error,conversion_error,0,0,0,0,0,0,0,145
Beethoven#Piano_Sonatas#21-1_no_repeat#WangA02M.147,,,timeout,timeout,0,0,0,0,0,0,0,147
Beethoven#Piano_Sonatas#21-1_no_repeat#WangA02M.149,,,success,,0.5070422535211268,1.0,0.5188679245283019,0.9457142857142856,1.0,0.7943248927527429,0.8631891348088531,149
Beethoven#Piano_Sonatas#21-1_no_repeat#WangA02M.165,,,success,,0.7727272727272727,0.9133333333333333,0.627450980392157,0.49392592592592593,1.0,0.7614875024757378,0.794996632996633,165
Beethoven#Piano_Sonatas#21-1_no_repeat#WangA02M.166,,,success,,0.8157894736842105,0.7266666666666668,0.38235294117647056,0.36363636363636365,0.0,0.4576890890327423,0.47652312599681024,166
Beethoven#Piano_Sonatas#21-1_no_repeat#WangA02M.167,,,conversion_error,conversion_error,0,0,0,0,0,0,0,167
Beethoven#Piano_Sonatas#21-1_no_repeat#WangA02M.168,,,success,,0.9473684210526316,0.9215686274509803,0.6666666666666666,0.75,0.0,0.6571207430340558,0.654734262125903,168
Beethoven#Piano_Sonatas#21-1_no_repeat#WangA02M.170,,,success,,0.818565400843882,0.7916666666666666,0.5490196078431372,0.8733866666666665,1.0,0.8065276684040704,0.8709046835443037,170
Beethoven#Piano_Sonatas#21-1_no_repeat#WangA02M.183,,,success,,0.8280254777070064,1.0,0.6666666666666666,1.0,1.0,0.8989384288747345,0.9570063694267517,183
Beethoven#Piano_Sonatas#21-1_no_repeat#WangA02M.185,,,success,,0.9594594594594594,1.0,0.6666666666666666,1.0,1.0,0.9252252252252251,0.9898648648648649,185
Beethoven#Piano_Sonatas#21-1_no_repeat#WangA02M.187,,,success,,0.9315068493150684,0.9484536082474226,0.6666666666666666,1.0,1.0,0.9093254248458316,0.9699901143906228,187
Beethoven#Piano_Sonatas#21-1_no_repeat#WangA02M.189,,,success,,0.7714285714285715,0.8979591836734694,0.5238095238095238,1.0,1.0,0.8386394557823129,0.9173469387755102,189
Beethoven#Piano_Sonatas#21-1_no_repeat#WangA02M.190,,,conversion_error,conversion_error,0,0,0,0,0,0,0,190
Beethoven#Piano_Sonatas#21-1_no_repeat#WangA02M.192,,,success,,0.5234899328859061,0.9442857142857144,0.39622641509433965,0.76,1.0,0.724800412453192,0.8069439117929051,192
Beethoven#Piano_Sonatas#21-1_no_repeat#WangA02M.193,,,success,,0.6242774566473989,0.9259259259259259,0.5490196078431372,0.8461538461538461,1.0,0.7890753673140616,0.8490893071817928,193
Beethoven#Piano_Sonatas#21-1_no_repeat#WangA02M.203,,,success,,0.5643564356435643,0.93125,0.019607843137254905,0.9465069860279443,1.0,0.6923442529617526,0.8605283554178771,203
Beethoven#Piano_Sonatas#21-1_no_repeat#WangA02M.211,,,success,,0.6565656565656566,1.0,0.019999999999999997,0.8833829758726951,1.0,0.7119897264876703,0.884987158109588,211
Beethoven#Piano_Sonatas#21-1_no_repeat#WangA02M.212,,,success,,0.7649769585253456,1.0,0.029411764705882356,0.9469086899467104,1.0,0.7482594826355877,0.927971412118014,212
Beethoven#Piano_Sonatas#21-1_no_repeat#WangA02M.213,,,success,,0.8325791855203618,1.0,0.04040404040404041,0.9459059409271346,1.0,0.7637778333703074,0.9446212816118741,213
Beethoven#Piano_Sonatas#21-1_no_repeat#WangA02M.215,,,success,,0.8989547038327527,1.0,0.2843137254901961,0.9747464562384577,1.0,0.8316029771122814,0.9684252900178026,215
Beethoven#Piano_Sonatas#21-1_no_repeat#WangA02M.216,,,success,,0.9319727891156462,1.0,0.35294117647058826,0.9729564630138221,1.0,0.8515740857200113,0.9762323130323671,216
Beethoven#Piano_Sonatas#21-1_no_repeat#WangA02M.217,,,success,,0.932475884244373,1.0,0.49019607843137264,0.9852112676056338,1.0,0.881576646056276,0.9794217879625017,217
Beethoven#Piano_Sonatas#21-1_no_repeat#WangA02M.219,,,success,,0.911854103343465,1.0,0.5784313725490197,0.9953566433566434,1.0,0.8971284238498256,0.976802686675027,219
Beethoven#Piano_Sonatas#21-1_no_repeat#WangA02M.220,,,success,,0.7920227920227921,1.0,0.5588235294117647,0.9909767441860465,1.0,0.8683646131241207,0.9457498840522096,220
Beethoven#Piano_Sonatas#21-1_no_repeat#WangA02M.222,,,success,,0.7378640776699029,1.0,0.6017699115044248,1.0,1.0,0.8679267978348655,0.9344660194174758,222
Beethoven#Piano_Sonatas#21-1_no_repeat#WangA02M.224,,,success,,0.5844504021447722,1.0,0.5196078431372549,0.8956043956043956,1.0,0.7999325281772844,0.8700136994372919,224
Beethoven#Piano_Sonatas#21-1_no_repeat#WangA02M.226,,,success,,0.8239999999999998,0.9438202247191011,0.6666666666666666,0.9836956521739131,1.0,0.8836365087119361,0.9378789692232535,226
Beethoven#Piano_Sonatas#21-1_no_repeat#WangA02M.227,,,success,,0.7522935779816513,0.96,0.6666666666666666,1.0,1.0,0.8757920489296636,0.9280733944954128,227
Beethoven#Piano_Sonatas#21-1_no_repeat#WangA02M.23,,,success,,0.9843260188087775,1.0,0.6666666666666666,1.0,0.5,0.8301985370950888,0.8710815047021944,23
Beethoven#Piano_Sonatas#21-1_no_repeat#WangA02M.25,,,success,,0.9353612167300379,0.975,0.5686274509803922,0.995686956521739,0.5,0.7949351248464339,0.8515120433129442,25
Beethoven#Piano_Sonatas#21-1_no_repeat#WangA02M.254,,,success,,0.6836363636363636,0.9248826291079811,0.5294117647058824,0.98125,1.0,0.8238361514900454,0.8974422481860862,254
Beethoven#Piano_Sonatas#21-1_no_repeat#WangA02M.256,,,success,,0.7653429602888088,0.8503401360544217,0.48113207547169806,0.9811546391752578,1.0,0.8155939621980373,0.899209433879622,256
Beethoven#Piano_Sonatas#21-1_no_repeat#WangA02M.257,,,success,,0.7472527472527473,0.8932411674347156,0.5714285714285715,0.970067415730337,1.0,0.8363979803692743,0.90264033260445,257
Beethoven#Piano_Sonatas#21-1_no_repeat#WangA02M.27,,,success,,0.888888888888889,0.9166666666666666,0.5490196078431372,0.9892903225806451,0.0,0.6687730971958675,0.6987114695340502,27
Beethoven#Piano_Sonatas#21-1_no_repeat#WangA02M.274,,,success,,0.5368421052631579,0.8367346938775511,0.38000000000000006,1.0,1.0,0.7507153598281417,0.8433941997851773,274
Beethoven#Piano_Sonatas#21-1_no_repeat#WangA02M.276,,,success,,0.5877192982456141,0.9230769230769231,0.4174757281553398,0.9468,1.0,0.7750143898955754,0.8643990553306343,276
Beethoven#Piano_Sonatas#21-1_no_repeat#WangA02M.29,,,success,,0.5985401459854015,0.8205128205128205,0.4311926605504588,1.0,0.0,0.5700491254097362,0.6047632416245555,29
Beethoven#Piano_Sonatas#21-1_no_repeat#WangA02M.294,,,success,,0.8173374613003096,0.8714190093708167,0.6470588235294118,0.9913793103448276,1.0,0.865438920909073,0.9200339452539885,294
Beethoven#Piano_Sonatas#21-1_no_repeat#WangA02M.295,,,success,,0.6937269372693726,0.9060846560846562,0.6178010471204188,0.9506172839506173,1.0,0.833645984885013,0.8876072193261615,295
Beethoven#Piano_Sonatas#21-1_no_repeat#WangA02M.30,,,success,,0.6466165413533834,0.7142857142857143,0.41904761904761906,0.7970434782608696,0.0,0.5153986705895173,0.5394864334749918,30
Beethoven#Piano_Sonatas#21-1_no_repeat#WangA02M.49,,,success,,0.6702127659574468,1.0,0.029197080291970802,0.916900892093364,0.0,0.5232621476685563,0.6467784145127027,49
Beethoven#Piano_Sonatas#21-1_no_repeat#WangA02M.51,,,success,,0.7725321888412018,1.0,0.04285714285714286,0.9048614061479897,0.0,0.5440501475692668,0.6693483987472979,51
Beethoven#Piano_Sonatas#21-1_no_repeat#WangA02M.52,,,success,,0.5806451612903226,1.0,0.19999999999999998,0.9440579291913814,0.0,0.5449406180963408,0.631175772620426,52
Beethoven#Piano_Sonatas#21-1_no_repeat#WangA02M.54,,,success,,0.8461538461538461,1.0,0.2745098039215686,0.963592552026287,1.0,0.8168512404203405,0.9524365995450333,54
Beethoven#Piano_Sonatas#21-1_no_repeat#WangA02M.56,,,success,,0.9315960912052117,0.9787234042553191,0.5490196078431372,1.0,1.0,0.8918678206607336,0.9775798738651327,56
Beethoven#Piano_Sonatas#21-1_no_repeat#WangA02M.58,,,success,,0.8923076923076922,1.0,0.6666666666666666,1.0,1.0,0.9117948717948717,0.9730769230769231,58
Beethoven#Piano_Sonatas#21-1_no_repeat#WangA02M.60,,,success,,0.7790055248618785,1.0,0.6666666666666666,1.0,1.0,0.889134438305709,0.9447513812154696,60
Beethoven#Piano_Sonatas#21-1_no_repeat#WangA02M.62,,,success,,0.8490028490028491,1.0,0.6666666666666666,1.0,1.0,0.903133903133903,0.9622507122507122,62
Beethoven#Piano_Sonatas#21-1_no_repeat#WangA02M.64,,,success,,0.93006993006993,1.0,0.6666666666666666,1.0,1.0,0.9193473193473192,0.9825174825174825,64
Beethoven#Piano_Sonatas#21-1_no_repeat#WangA02M.66,,,success,,0.8340807174887892,0.9404761904761905,0.6666666666666666,1.0,1.0,0.8882447149263293,0.9436392269912449,66
Beethoven#Piano_Sonatas#21-1_no_repeat#WangA02M.82,,,success,,0.8360655737704918,0.9241666666666666,0.6666666666666666,0.9545454545454546,0.0,0.6762888723298559,0.6786944237456533,82
Beethoven#Piano_Sonatas#21-1_no_repeat#WangA02M.83,,,success,,0.717557251908397,0.9473684210526315,0.48543689320388345,0.9714285714285714,0.0,0.6243582275186966,0.6590885610974,83
Beethoven#Piano_Sonatas#21-1_no_repeat#WangA02M.84,,,success,,0.4793388429752066,0.9236111111111112,0.5392156862745098,0.9285714285714286,0.0,0.5741474137864513,0.5828803456644366,84
Beethoven#Piano_Sonatas#21-1_no_repeat#WangA02M.9,,,success,,0.7708333333333333,0.8507462686567164,0.6666666666666666,0.7833333333333333,1.0,0.8143159203980099,0.8512282338308458,9
Beethoven#Piano_Sonatas#21-1_no_repeat#WangA02M.95,,,success,,0.7380952380952381,0.967391304347826,0.6666666666666666,0.9941860465116279,0.0,0.6732678511242718,0.674918147238673,95
Beethoven#Piano_Sonatas#21-1_no_repeat#WangA02M.97,,,success,,0.6000000000000001,0.7250000000000001,0.6415094339622641,1.0,0.0,0.5933018867924529,0.58125,97
Beethoven#Piano_Sonatas#21-1_no_repeat#WangA02M.99,,,success,,0.888,0.944954128440367,0.6666666666666666,1.0,0.0,0.6999241590214067,0.7082385321100917,99
Beethoven#Piano_Sonatas#21-1_no_repeat#YeZ02M.100,,,success,,0.8870292887029289,1.0,0.6666666666666666,0.9896907216494846,0.0,0.7086773354038159,0.7191800025881033,100
Beethoven#Piano_Sonatas#21-1_no_repeat#YeZ02M.102,,,conversion_error,conversion_error,0,0,0,0,0,0,0,102
Beethoven#Piano_Sonatas#21-1_no_repeat#YeZ02M.104,,,success,,0.7982456140350876,0.9662921348314607,0.6470588235294118,0.9775641025641025,0.0,0.6778321349920126,0.6855254628576627,104
Beethoven#Piano_Sonatas#21-1_no_repeat#YeZ02M.106,,,success,,0.6846846846846847,0.9594594594594594,0.5392156862745098,0.9845740740740742,1.0,0.8335867808985455,0.9071795545545546,106
Beethoven#Piano_Sonatas#21-1_no_repeat#YeZ02M.108,,,success,,0.7297297297297296,1.0,0.35294117647058826,0.93841547673883,1.0,0.8042172765878295,0.9170363016171399,108
Beethoven#Piano_Sonatas#21-1_no_repeat#YeZ02M.11,,,conversion_error,conversion_error,0,0,0,0,0,0,0,11
Beethoven#Piano_Sonatas#21-1_no_repeat#YeZ02M.121,,,success,,0.5595854922279793,1.0,0.20952380952380953,0.9455642901721925,0.0,0.5429347183847962,0.6262874456000429,121
Beethoven#Piano_Sonatas#21-1_no_repeat#YeZ02M.123,,,success,,0.6138613861386139,1.0,0.05714285714285714,0.8992378878606424,0.0,0.5140484262284227,0.6282748184998141,123
Beethoven#Piano_Sonatas#21-1_no_repeat#YeZ02M.124,,,conversion_error,conversion_error,0,0,0,0,0,0,0,124
Beethoven#Piano_Sonatas#21-1_no_repeat#YeZ02M.126,,,success,,0.6961325966850829,1.0,0.044444444444444446,0.9511038280581694,0.5,0.6383361738375394,0.7868091061858131,126
Beethoven#Piano_Sonatas#21-1_no_repeat#YeZ02M.127,,,success,,0.7096774193548386,0.96875,0.020408163265306124,0.9409569860279442,0.0,0.5279585137296178,0.6548461013456957,127
Beethoven#Piano_Sonatas#21-1_no_repeat#YeZ02M.129,,,success,,0.5572139303482587,0.9811320754716981,0.0303030303030303,0.8659684739501908,0.0,0.4869235020146355,0.6010786199425369,129
Beethoven#Piano_Sonatas#21-1_no_repeat#YeZ02M.130,,,success,,0.6956521739130435,1.0,0.01932367149758454,0.9215302834298167,0.0,0.5273012257680889,0.654295614335715,130
Beethoven#Piano_Sonatas#21-1_no_repeat#YeZ02M.141,,,success,,0.6124401913875599,0.8412698412698412,0.2549019607843137,0.9421739130434783,0.5,0.6301571812970386,0.7239709864252198,141
Beethoven#Piano_Sonatas#21-1_no_repeat#YeZ02M.143,,,success,,0.7288888888888889,0.8999999999999999,0.37037037037037035,0.9615384615384615,0.5,0.6921595441595441,0.7726068376068376,143
Beethoven#Piano_Sonatas#21-1_no_repeat#YeZ02M.145,,,success,,0.6363636363636364,1.0,0.39999999999999997,0.9306143323293172,0.5,0.6933955937385907,0.7667444921732384,145
Beethoven#Piano_Sonatas#21-1_no_repeat#YeZ02M.147,,,timeout,timeout,0,0,0,0,0,0,0,147
Beethoven#Piano_Sonatas#21-1_no_repeat#YeZ02M.149,,,timeout,timeout,0,0,0,0,0,0,0,149
Beethoven#Piano_Sonatas#21-1_no_repeat#YeZ02M.168,,,success,,0.859504132231405,0.92,0.6666666666666666,0.782608695652174,0.0,0.6457558989100491,0.6405282069708947,168
Beethoven#Piano_Sonatas#21-1_no_repeat#YeZ02M.170,,,success,,0.9223744292237444,0.9896907216494846,0.6666666666666666,0.8651685393258427,1.0,0.8887800713731476,0.9443084225497679,170
Beethoven#Piano_Sonatas#21-1_no_repeat#YeZ02M.183,,,success,,0.9679487179487178,1.0,0.6666666666666666,1.0,1.0,0.926923076923077,0.9919871794871795,183
Beethoven#Piano_Sonatas#21-1_no_repeat#YeZ02M.185,,,success,,0.9220338983050848,1.0,0.6666666666666666,1.0,1.0,0.9177401129943503,0.9805084745762712,185
Beethoven#Piano_Sonatas#21-1_no_repeat#YeZ02M.187,,,success,,0.9023255813953489,0.946236559139785,0.627450980392157,1.0,1.0,0.8952026241854583,0.9621405351337835,187
Beethoven#Piano_Sonatas#21-1_no_repeat#YeZ02M.189,,,success,,0.7874015748031495,0.8913043478260869,0.5882352941176471,0.967741935483871,0.0,0.6469366304461509,0.6616119645282769,189
Beethoven#Piano_Sonatas#21-1_no_repeat#YeZ02M.190,,,success,,0.6527777777777778,0.7751937984496124,0.4019607843137255,0.9401599999999999,1.0,0.754018472108223,0.8420328940568476,190
Beethoven#Piano_Sonatas#21-1_no_repeat#YeZ02M.192,,,success,,0.6351351351351351,0.8602150537634409,0.45098039215686286,0.8142857142857143,1.0,0.7521232590682306,0.8274089757960725,192
Beethoven#Piano_Sonatas#21-1_no_repeat#YeZ02M.193,,,success,,0.6415094339622641,0.9285714285714286,0.4607843137254902,0.9302325581395349,1.0,0.7922195468797436,0.8750783551683069,193
Beethoven#Piano_Sonatas#21-1_no_repeat#YeZ02M.203,,,success,,0.5384615384615385,0.9600000000000001,0.019801980198019802,0.936377245508982,1.0,0.6909281528337081,0.8587096959926301,203
Beethoven#Piano_Sonatas#21-1_no_repeat#YeZ02M.211,,,success,,0.7142857142857143,1.0,0.06999999999999999,0.9481405328566429,1.0,0.7464852494284715,0.9156065617855893,211
Beethoven#Piano_Sonatas#21-1_no_repeat#YeZ02M.212,,,success,,0.6880733944954128,1.0,0.03921568627450981,0.959588821566821,1.0,0.7373755804673487,0.9119155540155585,212
Beethoven#Piano_Sonatas#21-1_no_repeat#YeZ02M.213,,,success,,0.7685589519650654,0.9883720930232558,0.060000000000000005,0.9474915229781402,1.0,0.7528845135932923,0.9261056419916154,213
Beethoven#Piano_Sonatas#21-1_no_repeat#YeZ02M.215,,,success,,0.7999999999999999,1.0,0.2549019607843137,0.9798652392185325,1.0,0.8069534400005691,0.944966309804633,215
Beethoven#Piano_Sonatas#21-1_no_repeat#YeZ02M.216,,,success,,0.836734693877551,1.0,0.3627450980392157,0.9816052106313689,1.0,0.8362170005096271,0.9545849761272299,216
Beethoven#Piano_Sonatas#21-1_no_repeat#YeZ02M.217,,,success,,0.8859934853420195,1.0,0.4803921568627451,0.9838461538461539,1.0,0.8700463592101837,0.9674599097970433,217
Beethoven#Piano_Sonatas#21-1_no_repeat#YeZ02M.219,,,success,,0.8867924528301888,1.0,0.6666666666666666,0.9962962962962963,1.0,0.9099510831586304,0.9707721872816213,219
Beethoven#Piano_Sonatas#21-1_no_repeat#YeZ02M.220,,,success,,0.8119402985074627,1.0,0.6666666666666666,0.9959349593495935,1.0,0.8949083849047446,0.9519688144642641,220
Beethoven#Piano_Sonatas#21-1_no_repeat#YeZ02M.222,,,success,,0.7774647887323944,1.0,0.6666666666666666,0.9457364341085271,1.0,0.8779735779015176,0.9308003057102304,222
Beethoven#Piano_Sonatas#21-1_no_repeat#YeZ02M.224,,,success,,0.8096676737160121,0.9702970297029703,0.6666666666666666,0.9918032786885246,1.0,0.8876869297548347,0.9429419955268767,224
Beethoven#Piano_Sonatas#21-1_no_repeat#YeZ02M.226,,,success,,0.7481481481481482,0.9285714285714286,0.6415094339622641,0.9942528735632183,1.0,0.8624963768490119,0.9177431125706987,226
Beethoven#Piano_Sonatas#21-1_no_repeat#YeZ02M.227,,,success,,0.6666666666666666,0.9154929577464789,0.6666666666666666,1.0,1.0,0.8497652582159624,0.8955399061032864,227
Beethoven#Piano_Sonatas#21-1_no_repeat#YeZ02M.23,,,success,,0.96875,1.0,0.6666666666666666,1.0,0.5,0.8270833333333332,0.8671875,23
Beethoven#Piano_Sonatas#21-1_no_repeat#YeZ02M.25,,,success,,0.9056603773584905,0.9658119658119658,0.5294117647058824,0.9865225225225226,0.5,0.7774813260797722,0.8394987164232447,25
Beethoven#Piano_Sonatas#21-1_no_repeat#YeZ02M.254,,,success,,0.7956989247311828,0.9708333333333331,0.6213592233009708,0.9811320754716981,1.0,0.873804711367437,0.9369160833840535,254
Beethoven#Piano_Sonatas#21-1_no_repeat#YeZ02M.256,,,success,,0.759581881533101,0.9376050420168068,0.5686274509803922,0.9773461538461539,1.0,0.8486321056752908,0.9186332693490155,256
Beethoven#Piano_Sonatas#21-1_no_repeat#YeZ02M.257,,,success,,0.626984126984127,0.9076190476190475,0.4411764705882353,0.9741971830985916,1.0,0.7899953656580003,0.8772000894254415,257
Beethoven#Piano_Sonatas#21-1_no_repeat#YeZ02M.27,,,success,,0.7845303867403316,0.9552238805970149,0.4803921568627451,0.991448275862069,0.0,0.6423189400124321,0.6828006357998538,27
Beethoven#Piano_Sonatas#21-1_no_repeat#YeZ02M.274,,,success,,0.6321243523316062,0.8757062146892656,0.5098039215686274,0.9736823658269441,1.0,0.7982633708832887,0.870378233211954,274
Beethoven#Piano_Sonatas#21-1_no_repeat#YeZ02M.276,,,success,,0.6371681415929203,0.8826291079812209,0.5428571428571429,0.9727213114754099,1.0,0.8070751407813388,0.8731296402623878,276
Beethoven#Piano_Sonatas#21-1_no_repeat#YeZ02M.29,,,success,,0.5333333333333332,0.914141414141414,0.3142857142857143,0.9405714285714285,0.0,0.540466378066378,0.5970115440115439,29
Beethoven#Piano_Sonatas#21-1_no_repeat#YeZ02M.294,,,success,,0.6327683615819208,0.9850427350427351,0.5925925925925927,0.9901960784313726,1.0,0.8401199535297241,0.9020017937640071,294
Beethoven#Piano_Sonatas#21-1_no_repeat#YeZ02M.295,,,success,,0.5680933852140078,1.0,0.35233160621761656,0.8898305084745762,1.0,0.7620510999812401,0.864480973422146,295
Beethoven#Piano_Sonatas#21-1_no_repeat#YeZ02M.30,,,success,,0.6551724137931034,0.845771144278607,0.4660194174757282,0.9166000000000001,0.0,0.5767125951094878,0.6043858895179277,30
Beethoven#Piano_Sonatas#21-1_no_repeat#YeZ02M.49,,,conversion_error,conversion_error,0,0,0,0,0,0,0,49
Beethoven#Piano_Sonatas#21-1_no_repeat#YeZ02M.51,,,success,,0.7149321266968326,1.0,0.07142857142857144,0.9178527626330817,0.0,0.5408426921516971,0.6581962223324787,51
Beethoven#Piano_Sonatas#21-1_no_repeat#YeZ02M.52,,,timeout,timeout,0,0,0,0,0,0,0,52
Beethoven#Piano_Sonatas#21-1_no_repeat#YeZ02M.54,,,success,,0.8124999999999999,1.0,0.29411764705882354,0.9738933348256759,1.0,0.8161021963768998,0.946598333706419,54
Beethoven#Piano_Sonatas#21-1_no_repeat#YeZ02M.56,,,success,,0.8673139158576052,1.0,0.4117647058823529,0.9854920634920634,1.0,0.8529141370464043,0.9632014948374171,56
Beethoven#Piano_Sonatas#21-1_no_repeat#YeZ02M.58,,,success,,0.860759493670886,0.9777777777777776,0.49019607843137264,0.9645245901639344,1.0,0.858651588008794,0.9507654654031495,58
Beethoven#Piano_Sonatas#21-1_no_repeat#YeZ02M.60,,,success,,0.7262247838616714,0.9670103092783504,0.5588235294117647,0.9952761904761905,1.0,0.8494669626055955,0.9221278209040531,60
Beethoven#Piano_Sonatas#21-1_no_repeat#YeZ02M.62,,,success,,0.7888198757763976,1.0,0.6666666666666666,1.0,1.0,0.8910973084886129,0.9472049689440993,62
Beethoven#Piano_Sonatas#21-1_no_repeat#YeZ02M.64,,,success,,0.6293706293706294,0.9154589371980677,0.5048543689320389,0.9647887323943662,1.0,0.8028945335790205,0.8774045747407658,64
Beethoven#Piano_Sonatas#21-1_no_repeat#YeZ02M.66,,,success,,0.6484375,0.6276041666666667,0.5904761904761904,0.9148936170212766,1.0,0.7562822948328267,0.7977338209219859,66
Beethoven#Piano_Sonatas#21-1_no_repeat#YeZ02M.82,,,success,,0.6829268292682927,0.8484848484848486,0.5339805825242718,0.9008095238095237,1.0,0.7932403568173874,0.8580553003906664,82
Beethoven#Piano_Sonatas#21-1_no_repeat#YeZ02M.83,,,success,,0.6349206349206349,0.8697916666666666,0.4716981132075472,0.9743589743589743,1.0,0.7901538778307646,0.869767818986569,83
Beethoven#Piano_Sonatas#21-1_no_repeat#YeZ02M.84,,,success,,0.5344827586206897,0.818840579710145,0.45283018867924524,0.9629629629629629,1.0,0.7538232979946086,0.8290715753234494,84
Beethoven#Piano_Sonatas#21-1_no_repeat#YeZ02M.9,,,success,,0.7624309392265193,0.9206349206349206,0.4245283018867924,0.8233793103448276,1.0,0.786194694418612,0.8766112925515669,9
Beethoven#Piano_Sonatas#21-1_no_repeat#YeZ02M.95,,,success,,0.9195402298850575,0.9159663865546218,0.6666666666666666,0.9813084112149533,0.0,0.6966963388642599,0.7042037569136581,95
Beethoven#Piano_Sonatas#21-1_no_repeat#YeZ02M.97,,,success,,0.8492063492063493,0.9238095238095239,0.6601941747572816,0.9815789473684211,0.0,0.6829577990283152,0.6886487050960736,97
Beethoven#Piano_Sonatas#21-1_no_repeat#YeZ02M.99,,,success,,0.7674418604651163,0.8556701030927835,0.6415094339622641,0.9938271604938271,0.0,0.6516897116027982,0.6542347810129318,99
Beethoven#Piano_Sonatas#21-1_no_repeat#ZhangW01M.100,,,success,,0.6141732283464567,0.974025974025974,0.6037735849056604,1.0,0.0,0.6383945574556182,0.6470498005931077,100
Beethoven#Piano_Sonatas#21-1_no_repeat#ZhangW01M.102,,,success,,0.9098712446351932,1.0,0.5784313725490197,0.9647272727272727,0.0,0.6906059779822972,0.7186496293406165,102
Beethoven#Piano_Sonatas#21-1_no_repeat#ZhangW01M.104,,,success,,0.7982456140350876,1.0,0.6666666666666666,0.9941860465116279,0.0,0.6918196654426765,0.6981079151366789,104
Beethoven#Piano_Sonatas#21-1_no_repeat#ZhangW01M.106,,,success,,0.7477477477477478,1.0,0.5392156862745098,0.9553333333333335,1.0,0.848459353471118,0.9257702702702703,106
Beethoven#Piano_Sonatas#21-1_no_repeat#ZhangW01M.108,,,success,,0.7657657657657657,1.0,0.38235294117647056,0.9222754491017965,1.0,0.8140788312088066,0.9220103037168905,108
Beethoven#Piano_Sonatas#21-1_no_repeat#ZhangW01M.11,,,success,,0.7522935779816513,0.8171296296296295,0.5333333333333333,0.7827187499999999,1.0,0.7770950581889229,0.8380354894028201,11
Beethoven#Piano_Sonatas#21-1_no_repeat#ZhangW01M.121,,,conversion_error,conversion_error,0,0,0,0,0,0,0,121
Beethoven#Piano_Sonatas#21-1_no_repeat#ZhangW01M.123,,,success,,0.6358974358974359,1.0,0.014285714285714285,0.9525564256103178,0.5,0.6205479151586936,0.7721134653769384,123
Beethoven#Piano_Sonatas#21-1_no_repeat#ZhangW01M.124,,,success,,0.656084656084656,1.0,0.04285714285714286,0.9118846236099231,0.0,0.5221652845103444,0.6419923199236448,124
Beethoven#Piano_Sonatas#21-1_no_repeat#ZhangW01M.126,,,success,,0.6526315789473683,1.0,0.014285714285714285,0.9246769618657423,0.5,0.618318851019765,0.7693271352032777,126
Beethoven#Piano_Sonatas#21-1_no_repeat#ZhangW01M.127,,,success,,0.6421052631578946,1.0,0.0684931506849315,1.0,1.0,0.7421196827685652,0.9105263157894736,127
Beethoven#Piano_Sonatas#21-1_no_repeat#ZhangW01M.129,,,success,,0.6903553299492386,1.0,0.046296296296296294,0.929361157203665,1.0,0.73320255668984,0.9049291217882259,129
Beethoven#Piano_Sonatas#21-1_no_repeat#ZhangW01M.130,,,success,,0.6774193548387097,0.9827586206896551,0.0639269406392694,0.9218883661248931,0.0,0.5291986564585055,0.6455165854133145,130
Beethoven#Piano_Sonatas#21-1_no_repeat#ZhangW01M.141,,,success,,0.5869565217391305,0.9119496855345911,0.34313725490196073,1.0,0.5,0.6684086924351365,0.7497265518184304,141
Beethoven#Piano_Sonatas#21-1_no_repeat#ZhangW01M.143,,,success,,0.5,0.9245283018867925,0.17647058823529413,0.955778313253012,0.5,0.6113554406750197,0.7200766537849511,143
Beethoven#Piano_Sonatas#21-1_no_repeat#ZhangW01M.145,,,timeout,timeout,0,0,0,0,0,0,0,145
Beethoven#Piano_Sonatas#21-1_no_repeat#ZhangW01M.147,,,timeout,timeout,0,0,0,0,0,0,0,147
Beethoven#Piano_Sonatas#21-1_no_repeat#ZhangW01M.149,,,conversion_error,conversion_error,0,0,0,0,0,0,0,149
Beethoven#Piano_Sonatas#21-1_no_repeat#ZhangW01M.165,,,success,,0.6808510638297872,0.7777777777777778,0.4239130434782608,0.5126999999999999,1.0,0.6790483770171651,0.7428322104018912,165
Beethoven#Piano_Sonatas#21-1_no_repeat#ZhangW01M.166,,,success,,0.8571428571428572,0.6361111111111111,0.6666666666666666,0.4166666666666667,0.0,0.5153174603174603,0.47748015873015875,166
Beethoven#Piano_Sonatas#21-1_no_repeat#ZhangW01M.167,,,success,,0.5977011494252873,0.782608695652174,0.6176470588235295,0.8125,0.0,0.5620913807801982,0.5482024612693653,167
Beethoven#Piano_Sonatas#21-1_no_repeat#ZhangW01M.168,,,success,,0.8907563025210085,0.7925170068027211,0.5392156862745098,0.6904761904761905,0.0,0.5825930372148859,0.59343737494998,168
Beethoven#Piano_Sonatas#21-1_no_repeat#ZhangW01M.170,,,success,,0.7330316742081446,0.9487179487179487,0.4019607843137255,0.886909090909091,1.0,0.7941238996297819,0.8921646784587961,170
Beethoven#Piano_Sonatas#21-1_no_repeat#ZhangW01M.183,,,success,,0.9493670886075949,1.0,0.6666666666666666,1.0,1.0,0.9232067510548523,0.9873417721518987,183
Beethoven#Piano_Sonatas#21-1_no_repeat#ZhangW01M.185,,,success,,0.9459459459459459,1.0,0.6666666666666666,1.0,1.0,0.9225225225225225,0.9864864864864865,185
Beethoven#Piano_Sonatas#21-1_no_repeat#ZhangW01M.187,,,success,,0.8909090909090909,0.925531914893617,0.6601941747572816,1.0,1.0,0.895327036111998,0.954110251450677,187
Beethoven#Piano_Sonatas#21-1_no_repeat#ZhangW01M.189,,,success,,0.7536231884057971,0.8936170212765957,0.6095238095238095,1.0,1.0,0.8513528038412405,0.9118100524205982,189
Beethoven#Piano_Sonatas#21-1_no_repeat#ZhangW01M.190,,,success,,0.6376811594202899,0.7619047619047619,0.5142857142857142,0.92,1.0,0.7667743271221532,0.829896480331263,190
Beethoven#Piano_Sonatas#21-1_no_repeat#ZhangW01M.192,,,success,,0.5189873417721519,1.0,0.3888888888888889,0.76,1.0,0.7335752461322083,0.819746835443038,192
Beethoven#Piano_Sonatas#21-1_no_repeat#ZhangW01M.193,,,success,,0.6888888888888889,0.8823529411764705,0.4411764705882353,0.8085106382978723,1.0,0.7641857877902934,0.8449381170908079,193
Beethoven#Piano_Sonatas#21-1_no_repeat#ZhangW01M.203,,,success,,0.5388127853881278,0.9834394904458599,0.06862745098039215,0.8954646045538511,1.0,0.6972688662736461,0.8544292200969597,203
Beethoven#Piano_Sonatas#21-1_no_repeat#ZhangW01M.211,,,success,,0.7524752475247526,1.0,0.02631578947368421,0.9362616252838686,1.0,0.7430105324564611,0.9221842182021553,211
Beethoven#Piano_Sonatas#21-1_no_repeat#ZhangW01M.212,,,success,,0.6698113207547169,1.0,0.020408163265306124,0.925374862401121,1.0,0.7231188692842287,0.8987965457889595,212
Beethoven#Piano_Sonatas#21-1_no_repeat#ZhangW01M.213,,,success,,0.7610619469026548,0.9642857142857143,0.05050505050505051,0.9332534930139722,1.0,0.7418212409414784,0.9146502885505854,213
Beethoven#Piano_Sonatas#21-1_no_repeat#ZhangW01M.215,,,success,,0.8405797101449276,1.0,0.2745098039215686,0.9583708179970335,1.0,0.8146920664127059,0.9497376320354903,215
Beethoven#Piano_Sonatas#21-1_no_repeat#ZhangW01M.216,,,success,,0.7972972972972973,1.0,0.24509803921568632,0.9781068805784656,1.0,0.8041004434182899,0.9438510444689407,216
Beethoven#Piano_Sonatas#21-1_no_repeat#ZhangW01M.217,,,success,,0.7450980392156863,1.0,0.4117647058823529,0.9731809523809525,1.0,0.8260087394957983,0.9295697478991597,217
Beethoven#Piano_Sonatas#21-1_no_repeat#ZhangW01M.219,,,success,,0.8765432098765432,1.0,0.6,0.9732824427480916,1.0,0.889965130524927,0.9624564131561587,219
Beethoven#Piano_Sonatas#21-1_no_repeat#ZhangW01M.220,,,conversion_error,conversion_error,0,0,0,0,0,0,0,220
Beethoven#Piano_Sonatas#21-1_no_repeat#ZhangW01M.222,,,success,,0.7450980392156863,1.0,0.6666666666666666,1.0,1.0,0.8823529411764707,0.9362745098039216,222
Beethoven#Piano_Sonatas#21-1_no_repeat#ZhangW01M.224,,,success,,0.7682539682539682,1.0,0.6,0.9951372549019607,1.0,0.8726782446311858,0.9408478057889822,224
Beethoven#Piano_Sonatas#21-1_no_repeat#ZhangW01M.226,,,success,,0.7704918032786885,1.0,0.6666666666666666,1.0,1.0,0.8874316939890712,0.9426229508196722,226
Beethoven#Piano_Sonatas#21-1_no_repeat#ZhangW01M.227,,,success,,0.7264573991031391,0.958904109589041,0.5980392156862745,0.9928115942028987,1.0,0.8552424637162707,0.9195432757237697,227
Beethoven#Piano_Sonatas#21-1_no_repeat#ZhangW01M.23,,,success,,0.96875,1.0,0.6666666666666666,1.0,0.5,0.8270833333333332,0.8671875,23
Beethoven#Piano_Sonatas#21-1_no_repeat#ZhangW01M.25,,,success,,0.9111111111111111,0.9416666666666667,0.5980392156862745,0.9954495412844035,0.5,0.7892533069496912,0.8370568297655454,25
Beethoven#Piano_Sonatas#21-1_no_repeat#ZhangW01M.254,,,success,,0.7602739726027398,0.9846153846153847,0.4607843137254902,0.9458350515463918,1.0,0.8303017444980014,0.9226811021911291,254
Beethoven#Piano_Sonatas#21-1_no_repeat#ZhangW01M.256,,,success,,0.7948717948717949,1.0,0.4019607843137255,0.8962782608695654,1.0,0.8186221680110173,0.9227875139353401,256
Beethoven#Piano_Sonatas#21-1_no_repeat#ZhangW01M.257,,,success,,0.7638888888888887,1.0,0.4117647058823529,0.9637227722772277,1.0,0.8278752734096939,0.9319029152915291,257
Beethoven#Piano_Sonatas#21-1_no_repeat#ZhangW01M.27,,,success,,0.8670520231213873,0.9295774647887324,0.5533980582524273,0.9918688524590163,0.0,0.6683792797243127,0.697124585092284,27
Beethoven#Piano_Sonatas#21-1_no_repeat#ZhangW01M.274,,,success,,0.5744680851063829,0.8653846153846154,0.34313725490196073,0.9617837837837837,1.0,0.7489547478353484,0.8504091210686955,274
Beethoven#Piano_Sonatas#21-1_no_repeat#ZhangW01M.276,,,success,,0.6036036036036037,0.9076923076923076,0.4607843137254902,1.0,1.0,0.7944160450042803,0.8778239778239778,276
Beethoven#Piano_Sonatas#21-1_no_repeat#ZhangW01M.29,,,success,,0.6064516129032258,0.7555555555555555,0.5242718446601942,1.0,0.0,0.5772558026237951,0.5905017921146953,29
Beethoven#Piano_Sonatas#21-1_no_repeat#ZhangW01M.294,,,success,,0.7648902821316615,0.902888888888889,0.5196078431372549,0.9813084112149533,1.0,0.8337390850745517,0.912271895558876,294
Beethoven#Piano_Sonatas#21-1_no_repeat#ZhangW01M.295,,,success,,0.6863468634686346,0.9069444444444446,0.5130890052356021,0.9876543209876543,1.0,0.8188069268272671,0.8952364072251834,295
Beethoven#Piano_Sonatas#21-1_no_repeat#ZhangW01M.30,,,conversion_error,conversion_error,0,0,0,0,0,0,0,30
Beethoven#Piano_Sonatas#21-1_no_repeat#ZhangW01M.49,,,success,,0.6823529411764706,1.0,0.02857142857142857,0.9029738228909104,0.0,0.5227796385277619,0.6463316910168453,49
Beethoven#Piano_Sonatas#21-1_no_repeat#ZhangW01M.51,,,success,,0.5714285714285714,1.0,0.014285714285714285,0.9000312556123333,0.0,0.49714910826532377,0.6178649567602261,51
Beethoven#Piano_Sonatas#21-1_no_repeat#ZhangW01M.52,,,success,,0.7457627118644067,0.9418604651162791,0.05714285714285714,0.8874963206117883,0.0,0.5264524709470663,0.6437798743981185,52
Beethoven#Piano_Sonatas#21-1_no_repeat#ZhangW01M.54,,,success,,0.8214285714285714,0.9734513274336283,0.22549019607843143,0.9546844596521243,1.0,0.795010910918551,0.937391089628581,54
Beethoven#Piano_Sonatas#21-1_no_repeat#ZhangW01M.56,,,success,,0.8,1.0,0.17647058823529413,0.9822337107962295,1.0,0.7917408598063047,0.9455584276990574,56
Beethoven#Piano_Sonatas#21-1_no_repeat#ZhangW01M.58,,,success,,0.8463949843260187,1.0,0.4117647058823529,0.9867964601769914,1.0,0.8489912300770726,0.9582978611257524,58
Beethoven#Piano_Sonatas#21-1_no_repeat#ZhangW01M.60,,,success,,0.7602339181286549,1.0,0.4368932038834952,0.9472967032967036,1.0,0.8288847650617708,0.9268826553563396,60
Beethoven#Piano_Sonatas#21-1_no_repeat#ZhangW01M.62,,,success,,0.8282208588957055,1.0,0.6666666666666666,0.9904761904761905,1.0,0.8970727432077126,0.954674262342974,62
Beethoven#Piano_Sonatas#21-1_no_repeat#ZhangW01M.64,,,success,,0.8188405797101449,1.0,0.3921568627450981,0.9781414141414141,1.0,0.8378277713193313,0.9492454984628897,64
Beethoven#Piano_Sonatas#21-1_no_repeat#ZhangW01M.66,,,success,,0.8839285714285714,0.8333333333333334,0.6666666666666666,0.9880952380952381,1.0,0.8744047619047619,0.9263392857142857,66
Beethoven#Piano_Sonatas#21-1_no_repeat#ZhangW01M.82,,,success,,0.7796610169491526,0.9305555555555555,0.47619047619047616,0.9479861111111111,0.0,0.6268786319612591,0.6645506709039548,82
Beethoven#Piano_Sonatas#21-1_no_repeat#ZhangW01M.83,,,success,,0.6935483870967741,0.7953703703703704,0.5092592592592592,0.9137931034482759,0.0,0.5823942240349359,0.6006779652288551,83
Beethoven#Piano_Sonatas#21-1_no_repeat#ZhangW01M.84,,,success,,0.7207207207207208,0.9,0.5392156862745098,0.9345714285714285,0.0,0.6189015671133318,0.6388230373230374,84
Beethoven#Piano_Sonatas#21-1_no_repeat#ZhangW01M.9,,,success,,0.7487684729064039,0.8346354166666666,0.49000000000000005,0.8120263157894737,1.0,0.7770860410725089,0.848857551340636,9
Beethoven#Piano_Sonatas#21-1_no_repeat#ZhangW01M.95,,,success,,0.7722007722007722,0.9191919191919192,0.5825242718446603,0.9690697674418605,0.0,0.6485973461358425,0.665115614708638,95
Beethoven#Piano_Sonatas#21-1_no_repeat#ZhangW01M.97,,,success,,0.7550200803212852,0.8817204301075269,0.5048543689320389,0.9806233766233767,0.0,0.6244436511968455,0.6543409717630473,97
Beethoven#Piano_Sonatas#21-1_no_repeat#ZhangW01M.99,,,success,,0.726530612244898,1.0,0.5294117647058824,0.9795061728395063,0.0,0.6470897099580574,0.6765091962711011,99
Beethoven#Piano_Sonatas#22-1#KOLESO04M.24,,,success,,0.5159010600706715,0.9130434782608696,0.02150537634408602,1.0,0.5,0.5900899829351254,0.7322361345828853,24
Beethoven#Piano_Sonatas#22-1#KOLESO04M.26,,,success,,0.6539682539682539,1.0,0.0,1.0,0.5,0.6307936507936508,0.7884920634920635,26
Beethoven#Piano_Sonatas#22-1#KOLESO04M.27,,,success,,0.6226415094339623,0.9604519774011299,0.02985074626865672,0.9940476190476191,0.5,0.6213983704302736,0.7692852764706778,27
Beethoven#Piano_Sonatas#22-1#KOLESO04M.29,,,success,,0.7940298507462686,1.0,0.041884816753926704,1.0,0.5,0.6671829335000391,0.8235074626865672,29
Beethoven#Piano_Sonatas#22-1#KOLESO04M.30,,,success,,0.7999999999999999,1.0,0.0,1.0,0.5,0.6599999999999999,0.825,30
Beethoven#Piano_Sonatas#22-1#KOLESO04M.39,,,success,,0.810126582278481,0.9626865671641791,0.01015228426395939,0.9941238938053099,0.5,0.6554178655023859,0.8167342608119925,39
Beethoven#Piano_Sonatas#22-1#KOLESO04M.40,,,success,,0.752411575562701,0.955026455026455,0.0,1.0,0.5,0.6414876061178312,0.801859507647289,40
Beethoven#Piano_Sonatas#22-1#KOLESO04M.42,,,success,,0.6402439024390244,0.9178743961352658,0.010256410256410256,1.0,0.0,0.51367494176614,0.6395295746435725,42
Beethoven#Piano_Sonatas#22-1#KOLESO04M.43,,,success,,0.6573816155988857,1.0,0.0,1.0,0.5,0.6314763231197771,0.7893454038997214,43
Beethoven#Piano_Sonatas#22-1#KOLESO04M.45,,,success,,0.4971428571428571,0.92816091954023,0.0,1.0,0.5,0.5850607553366174,0.7313259441707718,45
Beethoven#Piano_Sonatas#22-1#KOLESO04M.46,,,success,,0.5806451612903225,0.9391534391534391,0.01015228426395939,1.0,0.5,0.6059901769415441,0.7549496501109404,46
Beethoven#Piano_Sonatas#22-1#KOLESO04M.48,,,success,,0.5625,0.9393939393939393,0.01015228426395939,0.9770612620912023,0.5,0.5978214971498202,0.7447388003712854,48
Beethoven#Piano_Sonatas#22-1#KOLESO04M.57,,,success,,0.7105263157894737,1.0,0.15384615384615383,0.73625,0.5,0.6201244939271254,0.7366940789473684,57
Beethoven#Piano_Sonatas#22-1#KOLESO04M.98,,,success,,0.787878787878788,0.8577777777777776,0.01142857142857143,0.984906148867314,0.5,0.6283982571904903,0.7826406786309699,98
Beethoven#Piano_Sonatas#27-1#GiacomelliN04M.1,,,success,,0.4943820224719101,1.0,0.0,0.48133333333333334,0.0,0.3951430711610487,0.49392883895131084,1
Beethoven#Piano_Sonatas#27-1#GiacomelliN04M.102,,,success,,0.6185567010309279,1.0,0.42767295597484273,0.07407407407407407,0.0,0.4240607462159689,0.42315769377625045,102
Beethoven#Piano_Sonatas#27-1#GiacomelliN04M.103,,,conversion_error,conversion_error,0,0,0,0,0,0,0,103
Beethoven#Piano_Sonatas#27-1#GiacomelliN04M.104,,,success,,0.6136363636363636,0.6166666666666666,0.42424242424242425,0.4166666666666667,0.0,0.41424242424242425,0.41174242424242424,104
Beethoven#Piano_Sonatas#27-1#GiacomelliN04M.106,,,success,,0.5714285714285714,0.28124999999999994,0.49696969696969695,1.0,0.5,0.5699296536796536,0.5881696428571428,106
Beethoven#Piano_Sonatas#27-1#GiacomelliN04M.107,,,conversion_error,conversion_error,0,0,0,0,0,0,0,107
Beethoven#Piano_Sonatas#27-1#GiacomelliN04M.108,,,conversion_error,conversion_error,0,0,0,0,0,0,0,108
Beethoven#Piano_Sonatas#27-1#GiacomelliN04M.109,,,success,,0.6292134831460675,0.7152777777777778,0.3832335329341317,1.0,0.5,0.6455449587715953,0.7111228152309613,109
Beethoven#Piano_Sonatas#27-1#GiacomelliN04M.11,,,success,,0.7142857142857143,0.43636363636363634,0.20512820512820515,0.6148148148148148,1.0,0.5941184741184741,0.6913660413660414,11
Beethoven#Piano_Sonatas#27-1#GiacomelliN04M.119,,,success,,0.7631578947368423,1.0,0.4413793103448276,1.0,1.0,0.840907441016334,0.9407894736842106,119
Beethoven#Piano_Sonatas#27-1#GiacomelliN04M.12,,,success,,0.7058823529411765,0.7,0.20800000000000002,0.46761111111111103,1.0,0.6162986928104575,0.7183733660130718,12
Beethoven#Piano_Sonatas#27-1#GiacomelliN04M.120,,,success,,0.6710526315789473,1.0,0.302158273381295,1.0,1.0,0.7946421809920484,0.9177631578947368,120
Beethoven#Piano_Sonatas#27-1#GiacomelliN04M.122,,,success,,0.6624203821656051,0.9411764705882353,0.302158273381295,0.9794871794871796,1.0,0.777048461124463,0.895771008060255,122
Beethoven#Piano_Sonatas#27-1#GiacomelliN04M.123,,,success,,0.7250000000000001,1.0,0.3597122302158274,0.9544347826086957,1.0,0.8078294025649047,0.9198586956521739,123
Beethoven#Piano_Sonatas#27-1#GiacomelliN04M.131,,,success,,0.37837837837837834,0.7536231884057972,0.0,0.9797142857142856,0.5,0.5223431704996923,0.6529289631246153,131
Beethoven#Piano_Sonatas#27-1#GiacomelliN04M.132,,,success,,0.5384615384615384,0.4305555555555555,0.509090909090909,0.9166666666666666,0.5,0.5789549339549339,0.5964209401709402,132
Beethoven#Piano_Sonatas#27-1#GiacomelliN04M.133,,,success,,0.6666666666666667,0.24999999999999994,0.4390243902439024,0.8333333333333334,0.5,0.5378048780487805,0.5625,133
Beethoven#Piano_Sonatas#27-1#GiacomelliN04M.134,,,success,,0.6666666666666667,0.2727272727272727,0.2926829268292683,1.0,0.5,0.5464153732446416,0.6098484848484849,134
Beethoven#Piano_Sonatas#27-1#GiacomelliN04M.135,,,success,,0.7222222222222222,0.33333333333333337,0.22764227642276424,0.625,0.5,0.48163956639566397,0.5451388888888888,135
Beethoven#Piano_Sonatas#27-1#GiacomelliN04M.138,,,success,,0.631578947368421,0.5416666666666666,0.27672955974842767,1.0,1.0,0.6899950347567031,0.7933114035087719,138
Beethoven#Piano_Sonatas#27-1#GiacomelliN04M.139,,,conversion_error,conversion_error,0,0,0,0,0,0,0,139
Beethoven#Piano_Sonatas#27-1#GiacomelliN04M.140,,,success,,0.5384615384615385,0.5225000000000001,0.24000000000000002,0.3668,0.5,0.4335523076923078,0.4819403846153847,140
Beethoven#Piano_Sonatas#27-1#GiacomelliN04M.141,,,success,,0.4666666666666666,0.5884615384615384,0.23952095808383234,0.8846153846153846,0.5,0.5358529095654844,0.6099358974358974,141
Beethoven#Piano_Sonatas#27-1#GiacomelliN04M.142,,,success,,0.5054945054945055,0.6755555555555556,0.26993865030674846,0.375,1.0,0.5651977422713619,0.6390125152625152,142
Beethoven#Piano_Sonatas#27-1#GiacomelliN04M.144,,,success,,0.5869565217391305,0.6025641025641025,0.42767295597484273,0.4642857142857143,0.0,0.416295858912758,0.41345158464723686,144
Beethoven#Piano_Sonatas#27-1#GiacomelliN04M.145,,,success,,0.5714285714285714,0.6666666666666666,0.2484472049689441,0.715686274509804,0.5,0.5404457435147972,0.6134453781512605,145
Beethoven#Piano_Sonatas#27-1#GiacomelliN04M.146,,,success,,0.6966292134831461,0.7388888888888888,0.2787878787878788,0.4620909090909091,0.5,0.5352793780501646,0.599402252865736,146
Beethoven#Piano_Sonatas#27-1#GiacomelliN04M.147,,,success,,0.6027397260273972,0.6666666666666667,0.3393939393939394,0.7345416666666665,0.5,0.568668399750934,0.6259870148401826,147
Beethoven#Piano_Sonatas#27-1#GiacomelliN04M.15,,,success,,0.558139534883721,0.8333333333333335,0.11199999999999999,0.82825,1.0,0.6663445736434109,0.8049307170542637,15
Beethoven#Piano_Sonatas#27-1#GiacomelliN04M.154,,,success,,0.5454545454545454,0.5,0.17054263565891475,0.6667142857142857,1.0,0.5765422933655492,0.6780422077922078,154
Beethoven#Piano_Sonatas#27-1#GiacomelliN04M.155,,,success,,0.793103448275862,0.6512820512820513,0.32,0.710561403508772,1.0,0.6949893806133371,0.7887367257666713,155
Beethoven#Piano_Sonatas#27-1#GiacomelliN04M.157,,,success,,0.417910447761194,0.875,0.04571428571428572,0.895888888888889,1.0,0.6469027244728738,0.7971998341625207,157
Beethoven#Piano_Sonatas#27-1#GiacomelliN04M.158,,,success,,0.675,0.9333333333333332,0.25599999999999995,0.8289824561403509,1.0,0.7386631578947369,0.8593289473684211,158
Beethoven#Piano_Sonatas#27-1#GiacomelliN04M.16,,,success,,0.7126436781609196,0.9166666666666667,0.43636363636363634,0.9074074074074074,0.5,0.694616277719726,0.7591794380587484,16
Beethoven#Piano_Sonatas#27-1#GiacomelliN04M.162,,,success,,0.5135135135135135,0.8571428571428571,0.21383647798742136,0.85,0.5,0.5868985697287583,0.6801640926640926,162
Beethoven#Piano_Sonatas#27-1#GiacomelliN04M.163,,,success,,0.5714285714285715,1.0,0.3699421965317919,0.5909090909090909,0.5,0.6064559717738909,0.6655844155844156,163
Beethoven#Piano_Sonatas#27-1#GiacomelliN04M.164,,,conversion_error,conversion_error,0,0,0,0,0,0,0,164
Beethoven#Piano_Sonatas#27-1#GiacomelliN04M.165,,,conversion_error,conversion_error,0,0,0,0,0,0,0,165
Beethoven#Piano_Sonatas#27-1#GiacomelliN04M.166,,,success,,0.5679012345679012,0.9090909090909091,0.20155038759689922,0.6907142857142856,0.5,0.573851363393999,0.666926607343274,166
Beethoven#Piano_Sonatas#27-1#GiacomelliN04M.167,,,conversion_error,conversion_error,0,0,0,0,0,0,0,167
Beethoven#Piano_Sonatas#27-1#GiacomelliN04M.170,,,success,,0.7543859649122806,0.8910256410256411,0.34782608695652173,0.5980392156862745,0.5,0.6182553817161436,0.6858627054060491,170
Beethoven#Piano_Sonatas#27-1#GiacomelliN04M.171,,,success,,0.8264462809917356,0.9,0.31788079470198677,0.5892093023255814,0.5,0.6267072756038607,0.7039138958293293,171
Beethoven#Piano_Sonatas#27-1#GiacomelliN04M.172,,,success,,0.7899159663865546,0.935483870967742,0.3137254901960784,0.5833999999999999,0.5,0.624505065510075,0.7021999593385742,172
Beethoven#Piano_Sonatas#27-1#GiacomelliN04M.174,,,success,,0.6296296296296297,0.8695652173913043,0.27672955974842767,0.5301204819277109,0.5,0.5612089777394145,0.6323288322371612,174
Beethoven#Piano_Sonatas#27-1#GiacomelliN04M.175,,,success,,0.5599999999999999,0.7727272727272727,0.0,1.0,0.5,0.5665454545454545,0.7081818181818181,175
Beethoven#Piano_Sonatas#27-1#GiacomelliN04M.176,,,success,,0.5825242718446602,0.8939393939393939,0.21276595744680848,0.740909090909091,0.5,0.5860277428279907,0.6793431891732862,176
Beethoven#Piano_Sonatas#27-1#GiacomelliN04M.178,,,success,,0.7209302325581396,0.8939393939393939,0.1258741258741259,0.9471578947368422,0.5,0.6375803294217003,0.7655068803085939,178
Beethoven#Piano_Sonatas#27-1#GiacomelliN04M.179,,,success,,0.6728971962616823,0.9303030303030303,0.06993006993006994,0.8749230769230769,0.0,0.5096106746835719,0.6195308258719474,179
Beethoven#Piano_Sonatas#27-1#GiacomelliN04M.180,,,success,,0.6990291262135923,0.9592592592592593,0.13986013986013987,0.9197692307692308,0.5,0.6435835512204444,0.7695144040605206,180
Beethoven#Piano_Sonatas#27-1#GiacomelliN04M.181,,,success,,0.7289719626168223,0.811904761904762,0.20143884892086333,0.7893225806451616,0.5,0.6063276308175218,0.7075498262916865,181
Beethoven#Piano_Sonatas#27-1#GiacomelliN04M.182,,,success,,0.706896551724138,0.8928571428571428,0.22377622377622378,0.9351111111111111,0.0,0.5517282058937231,0.6337162014230979,182
Beethoven#Piano_Sonatas#27-1#GiacomelliN04M.184,,,success,,0.6140350877192982,0.7999999999999999,0.12949640287769784,0.8442758620689655,0.5,0.5775614705331924,0.689577737447066,184
Beethoven#Piano_Sonatas#27-1#GiacomelliN04M.185,,,success,,0.456140350877193,1.0,0.2085889570552147,1.0,0.5,0.6329458615864816,0.7390350877192983,185
Beethoven#Piano_Sonatas#27-1#GiacomelliN04M.186,,,success,,0.6456692913385826,0.8352941176470589,0.2838709677419355,0.7733333333333333,0.0,0.507633542012182,0.5635741855797437,186
Beethoven#Piano_Sonatas#27-1#GiacomelliN04M.187,,,success,,0.6551724137931034,0.982563025210084,0.23357664233576642,0.7876981132075472,0.5,0.6318020389093002,0.7313583880526836,187
Beethoven#Piano_Sonatas#27-1#GiacomelliN04M.188,,,success,,0.627027027027027,1.0,0.08130081300813008,0.8585098039215687,0.5,0.6133675287913452,0.7463842077371489,188
Beethoven#Piano_Sonatas#27-1#GiacomelliN04M.19,,,success,,0.5542168674698796,1.0,0.39306358381502887,0.8094603174603174,1.0,0.7513481537490453,0.8409192962325494,19
Beethoven#Piano_Sonatas#27-1#GiacomelliN04M.190,,,success,,0.7706422018348624,0.7401709401709401,0.2748091603053435,0.7622941176470588,0.5,0.609583283991641,0.6932768149132154,190
Beethoven#Piano_Sonatas#27-1#GiacomelliN04M.191,,,success,,0.711111111111111,0.6884057971014492,0.25599999999999995,0.7765106382978724,0.5,0.5864055093020866,0.6690068866276082,191
Beethoven#Piano_Sonatas#27-1#GiacomelliN04M.192,,,success,,0.7557251908396947,0.8421985815602839,0.18978102189781024,0.9011904761904762,0.5,0.637779054097653,0.7497785621476137,192
Beethoven#Piano_Sonatas#27-1#GiacomelliN04M.2,,,success,,0.6938775510204083,0.7708333333333335,0.339622641509434,0.6072142857142857,0.5,0.5823095623154924,0.6429812925170069,2
Beethoven#Piano_Sonatas#27-1#GiacomelliN04M.20,,,success,,0.47619047619047616,1.0,0.3636363636363636,0.8111999999999999,0.0,0.530205367965368,0.571847619047619,20
Beethoven#Piano_Sonatas#27-1#GiacomelliN04M.203,,,success,,0.6308724832214765,0.9347826086956522,0.24390243902439024,0.946235294117647,1.0,0.7511585650118332,0.8779725965086939,203
Beethoven#Piano_Sonatas#27-1#GiacomelliN04M.205,,,success,,0.5352112676056338,0.6388888888888888,0.389937106918239,0.8587962962962963,1.0,0.6845667119418116,0.7582241131977048,205
Beethoven#Piano_Sonatas#27-1#GiacomelliN04M.206,,,success,,0.6153846153846153,0.6599999999999999,0.41509433962264153,0.9210526315789473,0.5,0.6223063173172407,0.6741093117408906,206
Beethoven#Piano_Sonatas#27-1#GiacomelliN04M.208,,,success,,0.6031746031746033,0.5757575757575757,0.2515723270440251,0.8266,0.5,0.5514209011952408,0.6263830447330447,208
Beethoven#Piano_Sonatas#27-1#GiacomelliN04M.212,,,success,,0.5555555555555556,0.8888888888888888,0.26277372262773724,0.7000000000000001,0.5,0.5814436334144364,0.6611111111111111,212
Beethoven#Piano_Sonatas#27-1#GiacomelliN04M.213,,,success,,0.5777777777777777,1.0,0.44755244755244755,0.5,0.5,0.6050660450660451,0.6444444444444444,213
Beethoven#Piano_Sonatas#27-1#GiacomelliN04M.223,,,success,,0.39999999999999997,0.20000000000000004,0.0851063829787234,0.0,0.4375,0.22452127659574467,0.259375,223
Beethoven#Piano_Sonatas#27-1#GiacomelliN04M.225,,,success,,0.5333333333333333,0.0,0.26573426573426573,1.0,0.4375,0.4473135198135198,0.4927083333333333,225
Beethoven#Piano_Sonatas#27-1#GiacomelliN04M.226,,,success,,0.5294117647058824,0.5,0.5093167701863354,0.7142857142857143,0.5,0.5506028498355864,0.5609243697478992,226
Beethoven#Piano_Sonatas#27-1#GiacomelliN04M.229,,,success,,0.7246376811594202,0.6,0.3352601156069364,0.9607058823529412,0.5,0.6241207358238595,0.6963358908780903,229
Beethoven#Piano_Sonatas#27-1#GiacomelliN04M.23,,,success,,0.7674418604651163,0.9166666666666667,0.34146341463414637,0.43332,0.5,0.591778388353186,0.6543571317829457,23
Beethoven#Piano_Sonatas#27-1#GiacomelliN04M.230,,,success,,0.6666666666666667,0.803030303030303,0.30057803468208094,0.8595789473684211,0.5,0.6259707903494943,0.7073189792663477,230
Beethoven#Piano_Sonatas#27-1#GiacomelliN04M.231,,,success,,0.7012987012987013,0.6461538461538461,0.43636363636363634,0.9117647058823529,0.5,0.6391161779397073,0.689804313333725,231
Beethoven#Piano_Sonatas#27-1#GiacomelliN04M.232,,,success,,0.6575342465753425,0.6388888888888888,0.3515151515151515,0.5714285714285714,0.5,0.5438733716815909,0.5919629267232007,232
Beethoven#Piano_Sonatas#27-1#GiacomelliN04M.233,,,success,,0.7647058823529413,0.638888888888889,0.2774566473988439,0.7638888888888888,0.5,0.5889880615059127,0.6668709150326798,233
Beethoven#Piano_Sonatas#27-1#GiacomelliN04M.234,,,success,,0.7462686567164178,0.803030303030303,0.2787878787878788,0.6713333333333333,0.5,0.5998840343735866,0.6801580732700135,234
Beethoven#Piano_Sonatas#27-1#GiacomelliN04M.235,,,success,,0.6086956521739131,0.9166666666666666,0.13333333333333333,0.7240416666666667,0.5,0.5765474637681158,0.6873509963768116,235
Beethoven#Piano_Sonatas#27-1#GiacomelliN04M.238,,,success,,0.5714285714285713,1.0,0.37267080745341613,0.8636363636363636,0.5,0.6615471485036701,0.7337662337662337,238
Beethoven#Piano_Sonatas#27-1#GiacomelliN04M.239,,,conversion_error,conversion_error,0,0,0,0,0,0,0,239
Beethoven#Piano_Sonatas#27-1#GiacomelliN04M.24,,,success,,0.7924528301886793,1.0,0.36641221374045807,0.45442105263157895,0.5,0.6226572193121432,0.6867184707050645,24
Beethoven#Piano_Sonatas#27-1#GiacomelliN04M.25,,,success,,0.8070175438596491,0.9702380952380951,0.35200000000000004,0.7826588304437261,0.5,0.682382893908294,0.7649786173853677,25
Beethoven#Piano_Sonatas#27-1#GiacomelliN04M.26,,,success,,0.8952380952380952,0.9846153846153847,0.4458598726114649,0.5232558139534884,0.5,0.6697938332836866,0.7257773234517421,26
Beethoven#Piano_Sonatas#27-1#GiacomelliN04M.27,,,success,,0.7567567567567567,1.0,0.39999999999999997,0.5735294117647058,0.5,0.6460572337042925,0.7075715421303657,27
Beethoven#Piano_Sonatas#27-1#GiacomelliN04M.3,,,success,,0.6744186046511628,0.7755555555555554,0.2787878787878788,0.5083,0.5,0.5474124077989193,0.6145685400516796,3
Beethoven#Piano_Sonatas#27-1#GiacomelliN04M.30,,,timeout,timeout,0,0,0,0,0,0,0,30
Beethoven#Piano_Sonatas#27-1#GiacomelliN04M.31,,,success,,0.6666666666666667,0.8461538461538461,0.28571428571428575,0.6157241379310345,0.5,0.5828517872931667,0.6571361626878869,31
Beethoven#Piano_Sonatas#27-1#GiacomelliN04M.32,,,success,,0.5287356321839081,0.8421052631578947,0.0,0.9620018535681185,0.5,0.5665685497819842,0.7082106872274803,32
Beethoven#Piano_Sonatas#27-1#GiacomelliN04M.34,,,conversion_error,conversion_error,0,0,0,0,0,0,0,34
Beethoven#Piano_Sonatas#27-1#GiacomelliN04M.35,,,success,,0.8437500000000001,0.8478260869565218,0.39751552795031053,0.8091387225548902,0.5,0.6796460674923445,0.750178702377853,35
Beethoven#Piano_Sonatas#27-1#GiacomelliN04M.36,,,success,,0.7246376811594203,0.725,0.16149068322981366,0.7866114437791085,0.5,0.5795479616336685,0.6840622812346322,36
Beethoven#Piano_Sonatas#27-1#GiacomelliN04M.4,,,success,,0.6329113924050632,0.65,0.4625850340136054,0.6271929824561404,0.5,0.5745378817749618,0.602526093715301,4
Beethoven#Piano_Sonatas#27-1#GiacomelliN04M.44,,,success,,0.7830687830687831,0.8295698924731184,0.41481481481481486,0.9153220338983051,1.0,0.7885551048510043,0.8819901773600517,44
Beethoven#Piano_Sonatas#27-1#GiacomelliN04M.47,,,success,,0.6282722513089005,0.9353233830845771,0.28800000000000003,0.8978775510204082,0.0,0.5498946370827772,0.6153682963534715,47
Beethoven#Piano_Sonatas#27-1#GiacomelliN04M.48,,,success,,0.6033057851239669,0.9541666666666666,0.5317919075144509,0.9552238805970149,0.0,0.6088976479804199,0.6281740830969121,48
Beethoven#Piano_Sonatas#27-1#GiacomelliN04M.49,,,success,,0.6577181208053692,0.9574074074074075,0.42767295597484273,0.95,0.0,0.5985596968375239,0.6412813820531942,49
Beethoven#Piano_Sonatas#27-1#GiacomelliN04M.52,,,success,,0.624113475177305,0.9268292682926829,0.33587786259541985,0.9693142857142858,1.0,0.7712269783559387,0.8800642572960684,52
Beethoven#Piano_Sonatas#27-1#GiacomelliN04M.53,,,success,,0.5714285714285714,0.717948717948718,0.15267175572519084,0.8762342342342341,1.0,0.6636566558673429,0.7914028809028808,53
Beethoven#Piano_Sonatas#27-1#GiacomelliN04M.55,,,success,,0.6193548387096774,0.45652173913043476,0.4550898203592814,1.0,0.5,0.6061932796398788,0.6439691444600281,55
Beethoven#Piano_Sonatas#27-1#GiacomelliN04M.56,,,conversion_error,conversion_error,0,0,0,0,0,0,0,56
Beethoven#Piano_Sonatas#27-1#GiacomelliN04M.58,,,success,,0.611111111111111,0.5952380952380952,0.32167832167832167,0.8959999999999999,1.0,0.6848055056055056,0.7755873015873016,58
Beethoven#Piano_Sonatas#27-1#GiacomelliN04M.59,,,success,,0.5037037037037038,0.7575757575757576,0.17518248175182483,0.875,1.0,0.6622923886062573,0.7840698653198653,59
Beethoven#Piano_Sonatas#27-1#GiacomelliN04M.61,,,success,,0.5,0.7241379310344829,0.19393939393939394,1.0,1.0,0.6836154649947753,0.8060344827586208,61
Beethoven#Piano_Sonatas#27-1#GiacomelliN04M.62,,,success,,0.5344827586206896,0.8000000000000002,0.33540372670807456,0.9558823529411765,0.5,0.6251537676539882,0.6975912778904666,62
Beethoven#Piano_Sonatas#27-1#GiacomelliN04M.74,,,success,,0.45,0.7500000000000001,0.1842105263157895,0.5336000000000001,0.8571428571428571,0.5549906766917293,0.6476857142857143,74
Beethoven#Piano_Sonatas#27-1#GiacomelliN04M.75,,,success,,0.5909090909090909,0.8333333333333333,0.2894736842105263,0.4444444444444444,1.0,0.631632110579479,0.7171717171717171,75
Beethoven#Piano_Sonatas#27-1#GiacomelliN04M.76,,,success,,0.42105263157894735,1.0,0.4078947368421053,0.0,0.8571428571428571,0.5372180451127819,0.5695488721804511,76
Beethoven#Piano_Sonatas#27-1#GiacomelliN04M.77,,,success,,0.711111111111111,0.8571428571428571,0.26415094339622647,0.5952380952380952,1.0,0.6855286013776579,0.7908730158730158,77
Beethoven#Piano_Sonatas#27-1#GiacomelliN04M.78,,,success,,0.7,1.0,0.24242424242424243,0.7785714285714285,1.0,0.7441991341991342,0.8696428571428572,78
Beethoven#Piano_Sonatas#27-1#GiacomelliN04M.93,,,success,,0.6847826086956522,0.9285714285714286,0.41610738255033564,0.8600714285714286,0.5,0.677906569677769,0.7433563664596273,93
Beethoven#Piano_Sonatas#27-1#GiacomelliN04M.94,,,success,,0.5714285714285715,0.972972972972973,0.3910614525139665,0.8309195402298851,0.5,0.6532765074290792,0.7188302711578574,94
Beethoven#Piano_Sonatas#27-1#GiacomelliN04M.95,,,success,,0.5714285714285715,1.0,0.29268292682926833,0.8148777777777779,0.5,0.6357978552071236,0.7215765873015874,95
Beethoven#Piano_Sonatas#27-1#GiacomelliN04M.97,,,success,,0.5027932960893856,1.0,0.2994652406417112,0.847190476190476,0.5,0.6298898025843146,0.7124959430699653,97
Beethoven#Piano_Sonatas#27-1#GiacomelliN04M.98,,,success,,0.5380116959064328,1.0,0.30939226519337015,0.8889333333333334,0.5,0.6472674588866273,0.7317362573099415,98
Beethoven#Piano_Sonatas#27-1#GiacomelliN04M.99,,,success,,0.7540983606557378,1.0,0.34782608695652173,0.5548780487804879,0.0,0.5313604992785494,0.5772441023590564,99
Beethoven#Piano_Sonatas#27-1#Ko05M.1,,,success,,0.5348837209302325,0.5151515151515151,0.18497109826589594,0.3333333333333333,0.0,0.3136679335361954,0.34584214235377025,1
Beethoven#Piano_Sonatas#27-1#Ko05M.102,,,success,,0.5391304347826086,0.8235294117647058,0.3236994219653179,0.44457142857142856,0.5,0.5261861394168121,0.5768078187796857,102
Beethoven#Piano_Sonatas#27-1#Ko05M.103,,,success,,0.5411764705882353,0.7192982456140351,0.33532934131736525,0.35,0.5,0.4891608115039271,0.5276186790505676,103
Beethoven#Piano_Sonatas#27-1#Ko05M.104,,,success,,0.6075949367088608,0.6125,0.3352601156069364,0.1875,0.5,0.4485710104631594,0.4768987341772152,104
Beethoven#Piano_Sonatas#27-1#Ko05M.106,,,success,,0.5915492957746479,0.48888888888888893,0.3393939393939394,0.75,0.5,0.5339664248114953,0.5826095461658842,106
Beethoven#Piano_Sonatas#27-1#Ko05M.107,,,success,,0.44827586206896547,0.8125,0.3699421965317919,0.875,0.5,0.6011436117201515,0.6589439655172413,107
Beethoven#Piano_Sonatas#27-1#Ko05M.108,,,success,,0.5599999999999999,0.44047619047619047,0.5433526011560694,0.8888888888888888,0.0,0.48654353610422973,0.4723412698412698,108
Beethoven#Piano_Sonatas#27-1#Ko05M.109,,,success,,0.6199999999999999,0.6597222222222223,0.5082872928176796,1.0,0.5,0.6576019030079804,0.6949305555555556,109
Beethoven#Piano_Sonatas#27-1#Ko05M.11,,,success,,0.6666666666666666,0.6363636363636364,0.23931623931623933,0.5636363636363636,1.0,0.6211965811965812,0.7166666666666667,11
Beethoven#Piano_Sonatas#27-1#Ko05M.119,,,success,,0.8301886792452831,1.0,0.5317919075144509,0.9793103448275862,1.0,0.868258186317464,0.9523747560182173,119
Beethoven#Piano_Sonatas#27-1#Ko05M.12,,,success,,0.7142857142857143,0.7424242424242423,0.32,0.7444444444444446,1.0,0.7042308802308803,0.8002886002886003,12
Beethoven#Piano_Sonatas#27-1#Ko05M.120,,,success,,0.8322981366459627,1.0,0.6127167630057804,1.0,1.0,0.8890029799303486,0.9580745341614907,120
Beethoven#Piano_Sonatas#27-1#Ko05M.122,,,success,,0.8148148148148149,1.0,0.6127167630057804,1.0,0.5,0.785506315564119,0.8287037037037037,122
Beethoven#Piano_Sonatas#27-1#Ko05M.123,,,success,,0.8695652173913043,1.0,0.5751633986928104,1.0,1.0,0.888945723216823,0.967391304347826,123
Beethoven#Piano_Sonatas#27-1#Ko05M.131,,,success,,0.7096774193548386,0.85,0.43930635838150284,0.895875,0.5,0.6789717555472683,0.7388881048387097,131
Beethoven#Piano_Sonatas#27-1#Ko05M.132,,,success,,0.6538461538461539,0.7444444444444445,0.5202312138728323,0.9166666666666666,0.5,0.6670376957660193,0.7037393162393162,132
Beethoven#Piano_Sonatas#27-1#Ko05M.133,,,success,,0.6666666666666667,0.4166666666666667,0.6013071895424837,1.0,0.5,0.6369281045751635,0.6458333333333334,133
Beethoven#Piano_Sonatas#27-1#Ko05M.134,,,success,,0.6976744186046512,0.5714285714285714,0.46060606060606063,0.9444444444444444,0.5,0.6348306990167456,0.6783868586194168,134
Beethoven#Piano_Sonatas#27-1#Ko05M.135,,,success,,0.6500000000000001,0.6666666666666667,0.35838150289017345,0.75,1.0,0.685009633911368,0.7666666666666667,135
Beethoven#Piano_Sonatas#27-1#Ko05M.138,,,success,,0.5846153846153846,0.5686274509803922,0.29050279329608936,0.9444444444444444,1.0,0.6776380146672621,0.7744218200100553,138
Beethoven#Piano_Sonatas#27-1#Ko05M.139,,,conversion_error,conversion_error,0,0,0,0,0,0,0,139
Beethoven#Piano_Sonatas#27-1#Ko05M.140,,,conversion_error,conversion_error,0,0,0,0,0,0,0,140
Beethoven#Piano_Sonatas#27-1#Ko05M.141,,,success,,0.5789473684210527,0.6777777777777777,0.31213872832369943,0.7692307692307693,0.5,0.5676189287506598,0.6314889788573999,141
Beethoven#Piano_Sonatas#27-1#Ko05M.142,,,success,,0.6666666666666666,0.7363636363636363,0.4294478527607362,0.5714285714285714,1.0,0.6807813454439221,0.7436147186147186,142
Beethoven#Piano_Sonatas#27-1#Ko05M.144,,,success,,0.627906976744186,0.5211111111111111,0.3647798742138365,0.3958333333333333,0.0,0.3819262590804934,0.3862128552971576,144
Beethoven#Piano_Sonatas#27-1#Ko05M.145,,,success,,0.6105263157894737,0.6512820512820513,0.23204419889502764,0.6842105263157895,1.0,0.6356126184564684,0.7365047233468286,145
Beethoven#Piano_Sonatas#27-1#Ko05M.146,,,success,,0.5681818181818181,0.7055555555555556,0.3128491620111732,0.7647058823529411,1.0,0.6702584836202976,0.7596108140225787,146
Beethoven#Piano_Sonatas#27-1#Ko05M.147,,,success,,0.6506024096385543,0.6,0.39490445859872614,0.8452380952380952,0.5,0.5981489926950752,0.6489601262191624,147
Beethoven#Piano_Sonatas#27-1#Ko05M.15,,,success,,0.5813953488372093,1.0,0.23357664233576642,0.7101904761904763,1.0,0.7050324934726904,0.8228964562569214,15
Beethoven#Piano_Sonatas#27-1#Ko05M.154,,,success,,0.72,0.7435897435897436,0.25599999999999995,0.5888888888888889,1.0,0.6616957264957265,0.7631196581196581,154
Beethoven#Piano_Sonatas#27-1#Ko05M.155,,,success,,0.7272727272727273,0.7424242424242423,0.4,0.7777777777777778,1.0,0.7294949494949494,0.8118686868686869,155
Beethoven#Piano_Sonatas#27-1#Ko05M.157,,,success,,0.684931506849315,0.7564102564102565,0.3636363636363636,0.7592592592592593,1.0,0.7128474772310389,0.8001502556297078,157
Beethoven#Piano_Sonatas#27-1#Ko05M.158,,,success,,0.619047619047619,0.858974358974359,0.23952095808383234,0.85,1.0,0.7135085872211622,0.8320054945054945,158
Beethoven#Piano_Sonatas#27-1#Ko05M.16,,,success,,0.6823529411764705,0.9122807017543859,0.33540372670807456,0.84,0.5,0.6540074739277861,0.7336584107327141,16
Beethoven#Piano_Sonatas#27-1#Ko05M.162,,,success,,0.5494505494505494,1.0,0.19428571428571426,0.8570000000000001,0.5,0.6201472527472527,0.7266126373626374,162
Beethoven#Piano_Sonatas#27-1#Ko05M.163,,,success,,0.5783132530120483,1.0,0.2994011976047904,0.6578947368421053,0.5,0.6071218374917888,0.6840519974635384,163
Beethoven#Piano_Sonatas#27-1#Ko05M.164,,,success,,0.6419753086419754,0.9285714285714286,0.44025157232704404,0.8125,0.5,0.6646596619080896,0.720761684303351,164
Beethoven#Piano_Sonatas#27-1#Ko05M.165,,,success,,0.6046511627906976,0.8051282051282053,0.07741935483870968,0.8332,0.5,0.5640797445515224,0.6857448419797257,165
Beethoven#Piano_Sonatas#27-1#Ko05M.166,,,success,,0.6530612244897959,1.0,0.1732283464566929,0.6409230769230769,0.5,0.5934425295739131,0.6984960753532181,166
Beethoven#Piano_Sonatas#27-1#Ko05M.167,,,success,,0.6796116504854369,1.0,0.1437125748502994,0.7285714285714288,0.5,0.610379130781433,0.7270457697642164,167
Beethoven#Piano_Sonatas#27-1#Ko05M.170,,,success,,0.7068965517241379,0.8846153846153846,0.2994011976047904,0.6390624999999999,0.5,0.6059951267888625,0.6826436090848806,170
Beethoven#Piano_Sonatas#27-1#Ko05M.171,,,success,,0.7586206896551724,0.9,0.15384615384615383,0.7244137931034482,0.5,0.6073761273209548,0.7207586206896552,171
Beethoven#Piano_Sonatas#27-1#Ko05M.172,,,conversion_error,conversion_error,0,0,0,0,0,0,0,172
Beethoven#Piano_Sonatas#27-1#Ko05M.174,,,success,,0.6491228070175439,0.82,0.2331288343558282,0.5834074074074074,0.5,0.5571318097561558,0.6381325536062379,174
Beethoven#Piano_Sonatas#27-1#Ko05M.175,,,timeout,timeout,0,0,0,0,0,0,0,175
Beethoven#Piano_Sonatas#27-1#Ko05M.176,,,success,,0.6608695652173913,0.8362519201228878,0.2545454545454545,0.7669638554216868,0.5,0.6037261590614841,0.6910213351904915,176
Beethoven#Piano_Sonatas#27-1#Ko05M.178,,,success,,0.7422680412371133,0.9333333333333332,0.23841059602649006,0.6428571428571429,0.5,0.6113738226908159,0.7046146293568973,178
Beethoven#Piano_Sonatas#27-1#Ko05M.179,,,success,,0.7387387387387386,0.9410256410256409,0.22929936305732485,0.7810285714285714,0.0,0.5380184628500551,0.6151982377982377,179
Beethoven#Piano_Sonatas#27-1#Ko05M.180,,,zero_mv2h,zero_mv2h,0,0,0,0,0,0,0,180
Beethoven#Piano_Sonatas#27-1#Ko05M.181,,,success,,0.6857142857142857,0.8313258636788049,0.3468208092485549,0.7475809523809523,0.5,0.6222883822045195,0.6911552754435107,181
Beethoven#Piano_Sonatas#27-1#Ko05M.182,,,success,,0.6260869565217391,0.8261337868480725,0.21556886227544908,0.7160937500000001,0.5,0.5767766711290522,0.6670786233424529,182
Beethoven#Piano_Sonatas#27-1#Ko05M.184,,,success,,0.27272727272727276,1.0,0.16793893129770993,0.9583333333333334,0.5,0.5797999074716632,0.6827651515151515,184
Beethoven#Piano_Sonatas#27-1#Ko05M.185,,,success,,0.6446280991735537,0.9617794486215538,0.012578616352201257,0.5843076923076923,0.5,0.5406587712910003,0.6726788100257,185
Beethoven#Piano_Sonatas#27-1#Ko05M.186,,,success,,0.4888888888888888,0.9388888888888889,0.3100775193798449,0.5486666666666666,0.5,0.5573043927648579,0.6191111111111111,186
Beethoven#Piano_Sonatas#27-1#Ko05M.187,,,success,,0.7173913043478262,0.979047619047619,0.2748091603053435,0.8164656084656085,0.5,0.6575427384332795,0.7532261329652634,187
Beethoven#Piano_Sonatas#27-1#Ko05M.188,,,success,,0.7431693989071038,0.9171171171171171,0.1788617886178862,0.7707540983606558,0.5,0.6219804806005526,0.7327601535962192,188
Beethoven#Piano_Sonatas#27-1#Ko05M.19,,,success,,0.5977011494252873,0.7564102564102563,0.2099447513812155,0.75,0.5,0.5628112314433518,0.6510278514588859,19
Beethoven#Piano_Sonatas#27-1#Ko05M.190,,,success,,0.7902439024390243,0.8178294573643412,0.29457364341085274,0.7914054054054055,0.5,0.6388104817239247,0.7248696913021927,190
Beethoven#Piano_Sonatas#27-1#Ko05M.191,,,success,,0.6960352422907489,0.7784552845528454,0.17777777777777776,0.8687868852459016,0.5,0.6042110379734548,0.710819353022374,191
Beethoven#Piano_Sonatas#27-1#Ko05M.192,,,success,,0.6945606694560669,0.8253968253968255,0.39520958083832336,0.9565217391304348,0.5,0.6743377629643301,0.7441198084958318,192
Beethoven#Piano_Sonatas#27-1#Ko05M.2,,,success,,0.6086956521739131,0.6285714285714286,0.360248447204969,0.8156842105263158,1.0,0.6826399476953252,0.7632378228179144,2
Beethoven#Piano_Sonatas#27-1#Ko05M.20,,,success,,0.725,0.9666666666666667,0.3878787878787879,0.6904761904761905,0.5,0.6540043290043289,0.7205357142857143,20
Beethoven#Piano_Sonatas#27-1#Ko05M.203,,,success,,0.42944785276073616,1.0,0.19847328244274806,0.7341333333333333,1.0,0.6724108937073635,0.7908952965235174,203
Beethoven#Piano_Sonatas#27-1#Ko05M.205,,,success,,0.5271317829457365,0.875,0.44025157232704404,0.8933333333333332,1.0,0.7471433377212227,0.8238662790697674,205
Beethoven#Piano_Sonatas#27-1#Ko05M.206,,,success,,0.44036697247706424,1.0,0.47798742138364775,0.8358222222222221,0.5,0.6508353232165869,0.6940472986748216,206
Beethoven#Piano_Sonatas#27-1#Ko05M.208,,,success,,0.761904761904762,0.5777777777777777,0.5031446540880502,0.9227777777777777,0.5,0.6531209943096735,0.6906150793650794,208
Beethoven#Piano_Sonatas#27-1#Ko05M.212,,,success,,0.45614035087719296,0.75,0.26589595375722547,0.6875,0.5,0.5319072609268837,0.5984100877192983,212
Beethoven#Piano_Sonatas#27-1#Ko05M.213,,,success,,0.4878048780487805,1.0,0.24999999999999994,0.4761904761904762,0.5,0.5427990708478514,0.6159988385598142,213
Beethoven#Piano_Sonatas#27-1#Ko05M.223,,,success,,0.5555555555555556,0.3333333333333333,0.1699346405228758,0.8335,0.4375,0.46596470588235295,0.5399722222222222,223
Beethoven#Piano_Sonatas#27-1#Ko05M.225,,,success,,0.7333333333333334,0.28571428571428575,0.496551724137931,0.75,0.5,0.55311986863711,0.5672619047619047,225
Beethoven#Piano_Sonatas#27-1#Ko05M.226,,,success,,0.7659574468085107,0.4666666666666666,0.4025157232704402,0.6518181818181817,0.5,0.5573916037127599,0.5961105738233398,226
Beethoven#Piano_Sonatas#27-1#Ko05M.229,,,conversion_error,conversion_error,0,0,0,0,0,0,0,229
Beethoven#Piano_Sonatas#27-1#Ko05M.23,,,success,,0.7826086956521738,1.0,0.2764227642276422,0.6921818181818179,0.5,0.6502426556123269,0.743697628458498,23
Beethoven#Piano_Sonatas#27-1#Ko05M.230,,,conversion_error,conversion_error,0,0,0,0,0,0,0,230
Beethoven#Piano_Sonatas#27-1#Ko05M.231,,,success,,0.775,0.6476190476190474,0.5714285714285715,1.0,0.5,0.6988095238095238,0.7306547619047619,231
Beethoven#Piano_Sonatas#27-1#Ko05M.232,,,success,,0.6575342465753425,0.6616666666666666,0.19672131147540986,0.6295555555555556,0.5,0.5290955560545949,0.6121891171993912,232
Beethoven#Piano_Sonatas#27-1#Ko05M.233,,,success,,0.7536231884057972,0.696969696969697,0.30769230769230765,0.7875,0.5,0.6091570386135603,0.6845232213438736,233
Beethoven#Piano_Sonatas#27-1#Ko05M.234,,,success,,0.7246376811594202,0.7727272727272727,0.29813664596273287,0.8333333333333334,0.5,0.6257669866365518,0.7076745718050066,234
Beethoven#Piano_Sonatas#27-1#Ko05M.235,,,success,,0.6562499999999999,0.7564102564102564,0.37575757575757573,0.7261904761904763,0.5,0.6029216616716617,0.6597126831501832,235
Beethoven#Piano_Sonatas#27-1#Ko05M.238,,,success,,0.6506024096385543,0.9148148148148149,0.3850931677018633,0.9166666666666666,0.5,0.6734354117643798,0.745520972780009,238
Beethoven#Piano_Sonatas#27-1#Ko05M.239,,,success,,0.5952380952380952,0.9444444444444444,0.3352601156069364,0.9120370370370371,0.5,0.6573959384653026,0.7379298941798942,239
Beethoven#Piano_Sonatas#27-1#Ko05M.24,,,success,,0.673469387755102,1.0,0.3687150837988827,0.6812463768115942,0.5,0.6446861696731159,0.7136789411416741,24
Beethoven#Piano_Sonatas#27-1#Ko05M.25,,,success,,0.7833333333333334,0.9285714285714286,0.18320610687022904,0.7985765765765765,0.5,0.6387374890703136,0.7526203346203346,25
Beethoven#Piano_Sonatas#27-1#Ko05M.26,,,success,,0.42201834862385323,1.0,0.21818181818181817,0.6947791164658635,0.5,0.5669958566543071,0.6541993662724293,26
Beethoven#Piano_Sonatas#27-1#Ko05M.27,,,success,,0.7543859649122806,1.0,0.41509433962264153,0.6447368421052632,0.5,0.6628434293280371,0.7247807017543859,27
Beethoven#Piano_Sonatas#27-1#Ko05M.3,,,conversion_error,conversion_error,0,0,0,0,0,0,0,3
Beethoven#Piano_Sonatas#27-1#Ko05M.30,,,success,,0.7708333333333335,0.8636363636363636,0.245398773006135,0.389037037037037,0.5,0.5537811014025739,0.6308766835016836,30
Beethoven#Piano_Sonatas#27-1#Ko05M.31,,,success,,0.7407407407407407,0.8076923076923077,0.16149068322981366,0.5926666666666668,0.5,0.5605180796659057,0.6602749287749288,31
Beethoven#Piano_Sonatas#27-1#Ko05M.32,,,success,,0.7924528301886793,0.8687500000000001,0.2838709677419355,0.8809696969696968,0.5,0.6652086989800623,0.7605431317895941,32
Beethoven#Piano_Sonatas#27-1#Ko05M.34,,,success,,0.7419354838709677,0.8345864661654135,0.27624309392265195,0.6,0.0,0.49055300879180663,0.5441304875090953,34
Beethoven#Piano_Sonatas#27-1#Ko05M.35,,,success,,0.746268656716418,0.8181818181818182,0.1761006289308176,0.7698802395209581,0.5,0.6020862686700024,0.7085826786047986,35
Beethoven#Piano_Sonatas#27-1#Ko05M.36,,,success,,0.7297297297297297,0.8200000000000001,0.10596026490066224,0.8439001996007983,0.0,0.49991803884623803,0.598407482332632,36
Beethoven#Piano_Sonatas#27-1#Ko05M.4,,,success,,0.45714285714285713,0.7500000000000001,0.47798742138364775,0.9583333333333334,0.5,0.6286927223719677,0.6663690476190477,4
Beethoven#Piano_Sonatas#27-1#Ko05M.44,,,success,,0.7337278106508875,0.8701264880952381,0.2962962962962963,0.8836226415094339,1.0,0.7567546473103712,0.8718692350638899,44
Beethoven#Piano_Sonatas#27-1#Ko05M.47,,,success,,0.588235294117647,0.7440476190476191,0.3356643356643356,0.7727272727272727,0.0,0.4881349043113749,0.5262525464731347,47
Beethoven#Piano_Sonatas#27-1#Ko05M.48,,,success,,0.6036036036036037,0.8875968992248063,0.4457142857142857,0.8790588235294118,0.5,0.6631947224144216,0.7175648315894555,48
Beethoven#Piano_Sonatas#27-1#Ko05M.49,,,success,,0.5993265993265993,0.6884920634920632,0.15503875968992245,0.8620606060606061,0.0,0.4609836057138382,0.5374698172198171,49
Beethoven#Piano_Sonatas#27-1#Ko05M.52,,,success,,0.5992217898832685,0.9555555555555554,0.24427480916030533,0.9728813559322034,1.0,0.7543867021062665,0.8819146753427568,52
Beethoven#Piano_Sonatas#27-1#Ko05M.53,,,success,,0.5133689839572193,1.0,0.2962962962962963,0.8950400000000001,0.5,0.6409410560507032,0.7271022459893048,53
Beethoven#Piano_Sonatas#27-1#Ko05M.55,,,success,,0.4958677685950412,0.7586206896551724,0.10370370370370371,0.8125,0.5,0.5341384323907834,0.6417471145625534,55
Beethoven#Piano_Sonatas#27-1#Ko05M.56,,,conversion_error,conversion_error,0,0,0,0,0,0,0,56
Beethoven#Piano_Sonatas#27-1#Ko05M.58,,,success,,0.41739130434782606,0.6818181818181818,0.17600000000000002,1.0,0.5,0.5550418972332015,0.649802371541502,58
Beethoven#Piano_Sonatas#27-1#Ko05M.59,,,success,,0.4133333333333333,1.0,0.08,0.9090909090909091,0.5,0.5804848484848485,0.7056060606060606,59
Beethoven#Piano_Sonatas#27-1#Ko05M.61,,,success,,0.546875,0.8484848484848486,0.17518248175182483,0.8893333333333333,0.5,0.5919751327140014,0.6961732954545454,61
Beethoven#Piano_Sonatas#27-1#Ko05M.62,,,success,,0.5789473684210525,0.7976190476190477,0.18604651162790695,0.7656666666666667,0.5,0.5656559188669348,0.6605582706766917,62
Beethoven#Piano_Sonatas#27-1#Ko05M.74,,,conversion_error,conversion_error,0,0,0,0,0,0,0,74
Beethoven#Piano_Sonatas#27-1#Ko05M.75,,,success,,0.7234042553191491,0.42857142857142855,0.368421052631579,0.2,1.0,0.5440793473044313,0.5879939209726444,75
Beethoven#Piano_Sonatas#27-1#Ko05M.76,,,success,,0.5,0.7500000000000001,0.35443037974683544,0.125,0.8571428571428571,0.5173146473779385,0.5580357142857143,76
Beethoven#Piano_Sonatas#27-1#Ko05M.77,,,success,,0.6086956521739131,0.5249999999999999,0.14545454545454545,0.4642857142857143,1.0,0.5486871823828345,0.6494953416149069,77
Beethoven#Piano_Sonatas#27-1#Ko05M.78,,,success,,0.6511627906976744,1.0,0.509090909090909,0.8095238095238094,1.0,0.7939555018624785,0.8651716500553709,78
Beethoven#Piano_Sonatas#27-1#Ko05M.93,,,success,,0.485207100591716,1.0,0.4309392265193369,0.8939393939393939,0.5,0.6620171442100894,0.7197866236327775,93
Beethoven#Piano_Sonatas#27-1#Ko05M.94,,,success,,0.5044247787610618,0.9273504273504274,0.28272251308900526,0.8274933333333334,0.5,0.6083982105067656,0.6898171348612057,94
Beethoven#Piano_Sonatas#27-1#Ko05M.95,,,conversion_error,conversion_error,0,0,0,0,0,0,0,95
Beethoven#Piano_Sonatas#27-1#Ko05M.97,,,success,,0.61,1.0,0.5962732919254657,0.9290123456790125,0.5,0.7270571275208957,0.759753086419753,97
Beethoven#Piano_Sonatas#27-1#Ko05M.98,,,success,,0.48888888888888893,1.0,0.3773584905660377,0.7473118279569892,0.5,0.6227118414823831,0.6840501792114695,98
Beethoven#Piano_Sonatas#27-1#Ko05M.99,,,success,,0.5891472868217055,1.0,0.3468208092485549,0.5909090909090909,0.5,0.6053754373958703,0.6700140944326991,99
Beethoven#Piano_Sonatas#27-1#MiyashitaM02M.1,,,success,,0.5531914893617021,0.6361111111111111,0.10285714285714286,0.4486153846153847,0.5,0.44815502558906817,0.5344794962720495,1
Beethoven#Piano_Sonatas#27-1#MiyashitaM02M.102,,,success,,0.6037735849056604,0.8833333333333333,0.3850931677018633,0.19047619047619047,0.5,0.5125352552834095,0.544395777178796,102
Beethoven#Piano_Sonatas#27-1#MiyashitaM02M.103,,,conversion_error,conversion_error,0,0,0,0,0,0,0,103
Beethoven#Piano_Sonatas#27-1#MiyashitaM02M.104,,,conversion_error,conversion_error,0,0,0,0,0,0,0,104
Beethoven#Piano_Sonatas#27-1#MiyashitaM02M.106,,,success,,0.7333333333333334,0.5729166666666666,0.48484848484848486,0.90625,0.5,0.6394696969696969,0.678125,106
Beethoven#Piano_Sonatas#27-1#MiyashitaM02M.107,,,success,,0.6779661016949152,0.638888888888889,0.45283018867924524,0.9411764705882353,0.5,0.6421723299702569,0.6895078652930098,107
Beethoven#Piano_Sonatas#27-1#MiyashitaM02M.108,,,success,,0.641025641025641,0.6458333333333333,0.5911949685534591,0.9117647058823529,0.5,0.6579637297589572,0.6746559200603318,108
Beethoven#Piano_Sonatas#27-1#MiyashitaM02M.109,,,conversion_error,conversion_error,0,0,0,0,0,0,0,109
Beethoven#Piano_Sonatas#27-1#MiyashitaM02M.11,,,success,,0.5925925925925926,0.4416666666666667,0.20800000000000002,0.5691333333333332,1.0,0.5622785185185185,0.6508481481481481,11
Beethoven#Piano_Sonatas#27-1#MiyashitaM02M.119,,,success,,0.8427672955974843,1.0,0.5170068027210885,0.9875,1.0,0.8694548196637145,0.9575668238993711,119
Beethoven#Piano_Sonatas#27-1#MiyashitaM02M.12,,,success,,0.6909090909090909,0.5388888888888889,0.2170542635658915,0.7667333333333333,1.0,0.6427171153394409,0.7491328282828282,12
Beethoven#Piano_Sonatas#27-1#MiyashitaM02M.120,,,success,,0.8496732026143791,1.0,0.5614035087719299,1.0,1.0,0.8822153422772618,0.9624183006535948,120
Beethoven#Piano_Sonatas#27-1#MiyashitaM02M.122,,,success,,0.8266666666666667,1.0,0.6181818181818182,0.9908148148148148,0.5,0.7871326599326599,0.8293703703703703,122
Beethoven#Piano_Sonatas#27-1#MiyashitaM02M.123,,,success,,0.8289473684210527,1.0,0.5906040268456376,1.0,0.5,0.7839102790533381,0.8322368421052632,123
Beethoven#Piano_Sonatas#27-1#MiyashitaM02M.131,,,success,,0.7999999999999999,0.7348484848484849,0.40718562874251496,0.9444444444444444,0.5,0.6772957116070888,0.7448232323232322,131
Beethoven#Piano_Sonatas#27-1#MiyashitaM02M.132,,,success,,0.7916666666666667,0.5555555555555556,0.5363128491620112,0.95,0.5,0.6667070142768466,0.6993055555555556,132
Beethoven#Piano_Sonatas#27-1#MiyashitaM02M.133,,,success,,0.7906976744186046,0.3452380952380953,0.5157232704402517,1.0,1.0,0.7303318080193903,0.783983942414175,133
Beethoven#Piano_Sonatas#27-1#MiyashitaM02M.134,,,success,,0.717948717948718,0.3194444444444445,0.43243243243243246,0.9,1.0,0.673965118965119,0.7343482905982907,134
Beethoven#Piano_Sonatas#27-1#MiyashitaM02M.135,,,success,,0.717948717948718,0.4358974358974359,0.3144654088050315,0.778,1.0,0.649262312530237,0.7329615384615384,135
Beethoven#Piano_Sonatas#27-1#MiyashitaM02M.138,,,conversion_error,conversion_error,0,0,0,0,0,0,0,138
Beethoven#Piano_Sonatas#27-1#MiyashitaM02M.139,,,success,,0.6493506493506493,0.6666666666666666,0.36257309941520466,0.9285714285714286,1.0,0.7214323688007898,0.8111471861471862,139
Beethoven#Piano_Sonatas#27-1#MiyashitaM02M.140,,,conversion_error,conversion_error,0,0,0,0,0,0,0,140
Beethoven#Piano_Sonatas#27-1#MiyashitaM02M.141,,,conversion_error,conversion_error,0,0,0,0,0,0,0,141
Beethoven#Piano_Sonatas#27-1#MiyashitaM02M.142,,,success,,0.6391752577319587,0.5809523809523809,0.25157232704402516,0.5415,0.5,0.5026399931456729,0.5654069096710849,142
Beethoven#Piano_Sonatas#27-1#MiyashitaM02M.144,,,success,,0.6666666666666666,0.6680555555555555,0.10596026490066224,0.5653043478260871,0.5,0.5011973669897942,0.6000066425120774,144
Beethoven#Piano_Sonatas#27-1#MiyashitaM02M.145,,,success,,0.712871287128713,0.743859649122807,0.39751552795031053,0.7633103448275862,1.0,0.7235113618058834,0.8050103202697765,145
Beethoven#Piano_Sonatas#27-1#MiyashitaM02M.146,,,success,,0.6888888888888889,0.7282051282051282,0.33540372670807456,0.5918,0.5,0.5688595487604183,0.6272235042735043,146
Beethoven#Piano_Sonatas#27-1#MiyashitaM02M.147,,,success,,0.6419753086419753,0.7173333333333334,0.24489795918367346,0.7080634920634921,0.5,0.5624540186444948,0.6418430335097002,147
Beethoven#Piano_Sonatas#27-1#MiyashitaM02M.15,,,success,,0.47058823529411764,0.9230769230769231,0.24427480916030533,0.7194285714285715,1.0,0.6714737077919836,0.778273432449903,15
Beethoven#Piano_Sonatas#27-1#MiyashitaM02M.154,,,success,,0.5833333333333334,0.5740740740740741,0.22764227642276424,0.7345925925925926,1.0,0.6239284552845528,0.723,154
Beethoven#Piano_Sonatas#27-1#MiyashitaM02M.155,,,success,,0.5614035087719299,0.4833333333333334,0.368,0.9285714285714286,1.0,0.6682616541353383,0.743327067669173,155
Beethoven#Piano_Sonatas#27-1#MiyashitaM02M.157,,,success,,0.5245901639344263,0.6333333333333335,0.18439716312056736,1.0,1.0,0.6684641320776654,0.7894808743169399,157
Beethoven#Piano_Sonatas#27-1#MiyashitaM02M.158,,,success,,0.6052631578947368,0.9285714285714286,0.33587786259541985,0.8235294117647058,1.0,0.7386483721652584,0.8393409995577179,158
Beethoven#Piano_Sonatas#27-1#MiyashitaM02M.16,,,success,,0.7142857142857143,0.8733333333333332,0.4046242774566475,0.9464166666666666,0.5,0.6877319983484723,0.7585089285714285,16
Beethoven#Piano_Sonatas#27-1#MiyashitaM02M.162,,,success,,0.5783132530120483,1.0,0.12799999999999997,0.8055555555555557,0.5,0.6023737617135208,0.720967202141901,162
Beethoven#Piano_Sonatas#27-1#MiyashitaM02M.163,,,success,,0.6829268292682926,0.96875,0.34285714285714286,0.7650909090909092,0.5,0.6519249762432688,0.7291919345898005,163
Beethoven#Piano_Sonatas#27-1#MiyashitaM02M.164,,,success,,0.625,0.5916666666666667,0.37288135593220334,0.854125,0.5,0.588734604519774,0.6426979166666666,164
Beethoven#Piano_Sonatas#27-1#MiyashitaM02M.165,,,success,,0.708860759493671,0.9642857142857143,0.3897435897435897,0.9343157894736841,0.5,0.6994411705993318,0.7768655658132674,165
Beethoven#Piano_Sonatas#27-1#MiyashitaM02M.166,,,success,,0.7272727272727273,0.9642857142857143,0.20689655172413796,0.6586190476190477,0.5,0.6114148081803255,0.7125443722943723,166
Beethoven#Piano_Sonatas#27-1#MiyashitaM02M.167,,,success,,0.7999999999999999,1.0,0.43356643356643354,0.8166666666666667,0.5,0.7100466200466199,0.7791666666666666,167
Beethoven#Piano_Sonatas#27-1#MiyashitaM02M.170,,,success,,0.6890756302521007,0.8505747126436781,0.2802547770700637,0.6074193548387096,0.5,0.5854648949609105,0.6617674244336221,170
Beethoven#Piano_Sonatas#27-1#MiyashitaM02M.171,,,success,,0.7096774193548387,0.9488888888888888,0.039735099337748346,0.7383888888888889,0.5,0.5873380592940729,0.724238799283154,171
Beethoven#Piano_Sonatas#27-1#MiyashitaM02M.172,,,success,,0.7234042553191489,0.9236874236874237,0.4099378881987578,0.5845895208741945,0.5,0.628323817615905,0.6829202999701918,172
Beethoven#Piano_Sonatas#27-1#MiyashitaM02M.174,,,conversion_error,conversion_error,0,0,0,0,0,0,0,174
Beethoven#Piano_Sonatas#27-1#MiyashitaM02M.175,,,success,,0.4528301886792453,1.0,0.06369426751592358,0.9709425939050318,0.5,0.5974934100200401,0.7309431956460692,175
Beethoven#Piano_Sonatas#27-1#MiyashitaM02M.176,,,success,,0.5544554455445544,0.8461538461538461,0.21818181818181817,0.991304347826087,0.5,0.6220190915412612,0.7229784098811218,176
Beethoven#Piano_Sonatas#27-1#MiyashitaM02M.178,,,success,,0.6060606060606062,0.9565217391304348,0.1830065359477124,0.8370000000000001,0.0,0.5165177762277506,0.5998955862977603,178
Beethoven#Piano_Sonatas#27-1#MiyashitaM02M.179,,,success,,0.7339449541284404,0.9279999999999999,0.2781456953642384,0.9646176470588235,0.0,0.5809416593103005,0.656640650296816,179
Beethoven#Piano_Sonatas#27-1#MiyashitaM02M.180,,,success,,0.75,1.0,0.45161290322580644,0.7785714285714286,0.0,0.596036866359447,0.6321428571428571,180
Beethoven#Piano_Sonatas#27-1#MiyashitaM02M.181,,,success,,0.7090909090909091,0.90625,0.17391304347826086,0.8085000000000001,0.5,0.619550790513834,0.7309602272727272,181
Beethoven#Piano_Sonatas#27-1#MiyashitaM02M.182,,,success,,0.6785714285714286,0.884375,0.5161290322580645,0.7904571428571429,0.5,0.6739065207373273,0.7133508928571429,182
Beethoven#Piano_Sonatas#27-1#MiyashitaM02M.184,,,success,,0.7368421052631579,1.0,0.5465838509316769,0.9144736842105263,0.5,0.7395799280810722,0.787828947368421,184
Beethoven#Piano_Sonatas#27-1#MiyashitaM02M.185,,,success,,0.6984126984126985,1.0,0.578616352201258,0.8095238095238095,0.5,0.7173105720275531,0.751984126984127,185
Beethoven#Piano_Sonatas#27-1#MiyashitaM02M.186,,,success,,0.7516778523489932,0.9452380952380953,0.6424242424242425,0.9811320754716981,0.5,0.7640944530966058,0.7945120057646966,186
Beethoven#Piano_Sonatas#27-1#MiyashitaM02M.187,,,success,,0.8214285714285714,1.0,0.6666666666666666,0.8484848484848485,0.5,0.7673160173160174,0.792478354978355,187
Beethoven#Piano_Sonatas#27-1#MiyashitaM02M.188,,,success,,0.8111111111111111,1.0,0.5212121212121213,0.8642857142857143,0.5,0.7393217893217894,0.7938492063492064,188
Beethoven#Piano_Sonatas#27-1#MiyashitaM02M.19,,,success,,0.48837209302325585,1.0,0.16560509554140126,0.6982857142857144,1.0,0.6704525805700743,0.7966644518272425,19
Beethoven#Piano_Sonatas#27-1#MiyashitaM02M.190,,,success,,0.8855721393034827,0.9029629629629631,0.6583850931677019,0.8488372093023255,0.5,0.7591514809472946,0.7843430778921928,190
Beethoven#Piano_Sonatas#27-1#MiyashitaM02M.191,,,success,,0.8461538461538461,0.896875,0.41481481481481486,0.8580851063829786,0.5,0.703185753470328,0.7752784881342062,191
Beethoven#Piano_Sonatas#27-1#MiyashitaM02M.192,,,success,,0.848,0.9685185185185186,0.6583850931677019,0.9523809523809523,0.5,0.7854569128134345,0.8172248677248677,192
Beethoven#Piano_Sonatas#27-1#MiyashitaM02M.2,,,conversion_error,conversion_error,0,0,0,0,0,0,0,2
Beethoven#Piano_Sonatas#27-1#MiyashitaM02M.20,,,success,,0.5060240963855421,0.787878787878788,0.09929078014184396,0.8180000000000001,1.0,0.6422387328812349,0.7779757210660825,20
Beethoven#Piano_Sonatas#27-1#MiyashitaM02M.203,,,success,,0.8050314465408805,1.0,0.4025157232704402,0.9854502923976609,1.0,0.8385994924417964,0.9476204347346353,203
Beethoven#Piano_Sonatas#27-1#MiyashitaM02M.205,,,success,,0.7500000000000001,0.4060606060606061,0.6415094339622641,0.95328,1.0,0.750170008004574,0.7773351515151515,205
Beethoven#Piano_Sonatas#27-1#MiyashitaM02M.206,,,success,,0.7394957983193277,0.4035087719298246,0.38620689655172413,0.9722222222222222,0.5,0.6002867378046197,0.6538066981178436,206
Beethoven#Piano_Sonatas#27-1#MiyashitaM02M.208,,,success,,0.5757575757575758,0.5416666666666666,0.11347517730496455,0.9270833333333334,0.5,0.5315965506125081,0.6361268939393939,208
Beethoven#Piano_Sonatas#27-1#MiyashitaM02M.212,,,success,,0.7118644067796609,0.7380952380952381,0.6666666666666666,0.8333333333333335,0.5,0.6899919289749799,0.6958232445520581,212
Beethoven#Piano_Sonatas#27-1#MiyashitaM02M.213,,,success,,0.7272727272727273,0.7857142857142857,0.42767295597484273,0.7037037037037037,0.5,0.6288727345331119,0.6791726791726792,213
Beethoven#Piano_Sonatas#27-1#MiyashitaM02M.223,,,success,,0.6666666666666667,0.5000000000000001,0.18867924528301885,0.6427619047619048,0.4375,0.4871215633423181,0.5617321428571429,223
Beethoven#Piano_Sonatas#27-1#MiyashitaM02M.225,,,conversion_error,conversion_error,0,0,0,0,0,0,0,225
Beethoven#Piano_Sonatas#27-1#MiyashitaM02M.226,,,success,,0.6153846153846153,0.2962962962962963,0.30303030303030304,0.9,0.5,0.522942242942243,0.5779202279202279,226
Beethoven#Piano_Sonatas#27-1#MiyashitaM02M.229,,,success,,0.7179487179487181,0.5222222222222221,0.37267080745341613,0.9739130434782609,0.4375,0.6048509582205235,0.6628959959123003,229
Beethoven#Piano_Sonatas#27-1#MiyashitaM02M.23,,,success,,0.8139534883720929,1.0,0.26016260162601623,0.6397096774193547,0.5,0.6427651534834927,0.738415791447862,23
Beethoven#Piano_Sonatas#27-1#MiyashitaM02M.230,,,success,,0.6419753086419754,0.46944444444444444,0.23280423280423285,0.6830333333333334,0.5,0.5054514638447972,0.5736132716049382,230
Beethoven#Piano_Sonatas#27-1#MiyashitaM02M.231,,,success,,0.853932584269663,0.6277777777777779,0.47798742138364775,0.86875,0.5,0.6656895566862178,0.7126150905118602,231
Beethoven#Piano_Sonatas#27-1#MiyashitaM02M.232,,,success,,0.691358024691358,0.4708333333333333,0.20765027322404375,0.5535333333333333,0.5,0.4846749929164137,0.5539311728395061,232
Beethoven#Piano_Sonatas#27-1#MiyashitaM02M.233,,,success,,0.6172839506172839,0.8041666666666665,0.21468926553672316,0.8314117647058824,0.5,0.5935103295053111,0.6882155954974581,233
Beethoven#Piano_Sonatas#27-1#MiyashitaM02M.234,,,success,,0.6774193548387097,0.696969696969697,0.3393939393939394,0.791625,0.5,0.6010815982404691,0.6665035129521018,234
Beethoven#Piano_Sonatas#27-1#MiyashitaM02M.235,,,success,,0.5074626865671641,0.8833333333333333,0.2122905027932961,0.9230769230769231,0.5,0.6052326891541433,0.7034682357443551,235
Beethoven#Piano_Sonatas#27-1#MiyashitaM02M.238,,,conversion_error,conversion_error,0,0,0,0,0,0,0,238
Beethoven#Piano_Sonatas#27-1#MiyashitaM02M.239,,,conversion_error,conversion_error,0,0,0,0,0,0,0,239
Beethoven#Piano_Sonatas#27-1#MiyashitaM02M.24,,,success,,0.8222222222222222,1.0,0.5212121212121213,0.7070505050505052,0.5,0.7100969696969697,0.7573181818181818,24
Beethoven#Piano_Sonatas#27-1#MiyashitaM02M.25,,,success,,0.7241379310344828,1.0,0.28800000000000003,0.7589828788839568,0.5,0.6542241619836878,0.7457802024796099,25
Beethoven#Piano_Sonatas#27-1#MiyashitaM02M.26,,,success,,0.7850467289719626,1.0,0.33121019108280253,0.6523333333333332,0.5,0.6537180506776197,0.734345015576324,26
Beethoven#Piano_Sonatas#27-1#MiyashitaM02M.27,,,success,,0.6956521739130435,0.9571428571428572,0.22641509433962262,0.6489333333333336,0.5,0.6056286917457714,0.7004320910973085,27
Beethoven#Piano_Sonatas#27-1#MiyashitaM02M.3,,,success,,0.6292134831460674,0.7435897435897436,0.27329192546583847,0.7243000000000002,0.5,0.5740790304403299,0.6492758066839528,3
Beethoven#Piano_Sonatas#27-1#MiyashitaM02M.30,,,success,,0.7924528301886792,0.8722789115646259,0.24203821656050958,0.6433939393939393,0.5,0.6100327795415508,0.7020314202868111,30
Beethoven#Piano_Sonatas#27-1#MiyashitaM02M.31,,,success,,0.6607142857142858,0.8156966490299824,0.34013605442176864,0.6347166443551986,0.5,0.5902527267042471,0.6527818947748667,31
Beethoven#Piano_Sonatas#27-1#MiyashitaM02M.32,,,success,,0.5476190476190477,0.8333333333333334,0.028368794326241134,1.0,0.5,0.5818642350557244,0.7202380952380952,32
Beethoven#Piano_Sonatas#27-1#MiyashitaM02M.34,,,conversion_error,conversion_error,0,0,0,0,0,0,0,34
Beethoven#Piano_Sonatas#27-1#MiyashitaM02M.35,,,success,,0.8620689655172413,0.8260869565217391,0.3522012578616352,0.7715049900199601,0.0,0.5623724339841151,0.6149152280147351,35
Beethoven#Piano_Sonatas#27-1#MiyashitaM02M.36,,,success,,0.7999999999999999,0.8115942028985507,0.24242424242424243,0.8989820359281437,0.0,0.5506000962501874,0.6276440597066736,36
Beethoven#Piano_Sonatas#27-1#MiyashitaM02M.4,,,success,,0.7123287671232877,0.7500000000000001,0.6037735849056604,0.6706349206349207,0.5,0.6473474545327738,0.6582409219395522,4
Beethoven#Piano_Sonatas#27-1#MiyashitaM02M.44,,,success,,0.7853403141361256,0.774074074074074,0.5696969696969697,1.0,0.5,0.7258222715814339,0.7648535970525498,44
Beethoven#Piano_Sonatas#27-1#MiyashitaM02M.47,,,success,,0.8140703517587939,0.9274074074074073,0.5748502994011976,0.8205128205128205,0.5,0.727368175816044,0.7654976449197555,47
Beethoven#Piano_Sonatas#27-1#MiyashitaM02M.48,,,success,,0.7076923076923078,0.8579012345679012,0.32592592592592595,0.8994146341463416,0.5,0.6581868204664953,0.7412520441016377,48
Beethoven#Piano_Sonatas#27-1#MiyashitaM02M.49,,,success,,0.664516129032258,0.9416666666666667,0.38095238095238093,0.829939393939394,0.5,0.6634149141181399,0.7340305474095796,49
Beethoven#Piano_Sonatas#27-1#MiyashitaM02M.52,,,success,,0.7557251908396947,1.0,0.3555555555555555,0.939426523297491,1.0,0.8101414539385482,0.9237879285342965,52
Beethoven#Piano_Sonatas#27-1#MiyashitaM02M.53,,,success,,0.6851851851851852,0.8039215686274509,0.6666666666666666,0.9748427672955976,1.0,0.8261232375549801,0.8659873802770585,53
Beethoven#Piano_Sonatas#27-1#MiyashitaM02M.55,,,success,,0.7005649717514123,0.4262295081967213,0.6666666666666666,1.0,0.5,0.65869222932296,0.6566986199870334,55
Beethoven#Piano_Sonatas#27-1#MiyashitaM02M.56,,,success,,0.8079470198675497,0.3,0.6424242424242425,1.0,0.5,0.6500742524583585,0.6519867549668874,56
Beethoven#Piano_Sonatas#27-1#MiyashitaM02M.58,,,success,,0.7950310559006211,0.5238095238095238,0.5911949685534591,0.9571182795698925,0.5,0.6734307655666993,0.6939897148200094,58
Beethoven#Piano_Sonatas#27-1#MiyashitaM02M.59,,,success,,0.7199999999999999,0.8064516129032258,0.47398843930635837,0.9747826086956521,0.5,0.6950445321810472,0.7503085553997195,59
Beethoven#Piano_Sonatas#27-1#MiyashitaM02M.61,,,success,,0.736111111111111,0.47058823529411764,0.6666666666666666,0.9761904761904762,0.5,0.6699112978524744,0.6707224556489262,61
Beethoven#Piano_Sonatas#27-1#MiyashitaM02M.62,,,success,,0.675496688741722,0.3251851851851852,0.6666666666666666,0.9047619047619048,0.5,0.6144220890710957,0.601360944672203,62
Beethoven#Piano_Sonatas#27-1#MiyashitaM02M.74,,,success,,0.7428571428571428,0.8333333333333333,0.25,0.4090909090909091,0.8571428571428571,0.6184848484848484,0.7106060606060606,74
Beethoven#Piano_Sonatas#27-1#MiyashitaM02M.75,,,success,,0.7142857142857143,0.8571428571428571,0.368421052631579,0.23076923076923078,1.0,0.6341237709658762,0.7005494505494505,75
Beethoven#Piano_Sonatas#27-1#MiyashitaM02M.76,,,success,,0.5581395348837208,0.7999999999999999,0.4078947368421053,0.1111111111111111,0.8571428571428571,0.5468576479959589,0.5815983757844223,76
Beethoven#Piano_Sonatas#27-1#MiyashitaM02M.77,,,conversion_error,conversion_error,0,0,0,0,0,0,0,77
Beethoven#Piano_Sonatas#27-1#MiyashitaM02M.78,,,success,,0.7777777777777778,1.0,0.3773584905660377,0.03571428571428571,1.0,0.6381701108116202,0.7033730158730158,78
Beethoven#Piano_Sonatas#27-1#MiyashitaM02M.93,,,conversion_error,conversion_error,0,0,0,0,0,0,0,93
Beethoven#Piano_Sonatas#27-1#MiyashitaM02M.94,,,success,,0.6145833333333334,1.0,0.4656084656084657,0.8814237288135592,0.5,0.6923231055510717,0.7490017655367232,94
Beethoven#Piano_Sonatas#27-1#MiyashitaM02M.95,,,success,,0.6570048309178743,1.0,0.4245810055865922,0.8755820895522388,0.5,0.691433585211341,0.7581467301175282,95
Beethoven#Piano_Sonatas#27-1#MiyashitaM02M.97,,,success,,0.6888888888888889,1.0,0.6163522012578617,0.8278688524590164,0.5,0.7266219885211533,0.7541894353369764,97
Beethoven#Piano_Sonatas#27-1#MiyashitaM02M.98,,,success,,0.5644171779141105,1.0,0.4804469273743016,0.6305555555555555,0.5,0.6350839321687936,0.6737431833674166,98
Beethoven#Piano_Sonatas#27-1#MiyashitaM02M.99,,,success,,0.6885245901639344,1.0,0.37267080745341613,0.6060606060606061,0.0,0.5334512007355913,0.5736462990561351,99
Beethoven#Piano_Sonatas#28-1#KimHJ02M.0,,,success,,0.5801526717557253,0.7166666666666667,0.3036649214659686,0.8409090909090909,1.0,0.6882786701594903,0.7844321073328707,0
Beethoven#Piano_Sonatas#28-1#KimHJ02M.13,,,success,,0.5535714285714286,0.746031746031746,0.2111801242236025,0.8222222222222222,0.5,0.5666011042097999,0.6554563492063492,13
Beethoven#Piano_Sonatas#28-1#KimHJ02M.19,,,conversion_error,conversion_error,0,0,0,0,0,0,0,19
Beethoven#Piano_Sonatas#28-1#KimHJ02M.20,,,success,,0.6846846846846846,0.7777777777777778,0.2857142857142857,0.7499487179487179,0.5,0.5996250932250933,0.6781027951027951,20
Beethoven#Piano_Sonatas#28-1#KimHJ02M.22,,,success,,0.556701030927835,0.7685185185185185,0.1954887218045113,0.6666666666666666,0.5,0.5374749875835063,0.622971554028255,22
Beethoven#Piano_Sonatas#28-1#KimHJ02M.23,,,success,,0.6875,0.85,0.20105820105820105,0.7666666666666665,0.5,0.6010449735449735,0.7010416666666667,23
Beethoven#Piano_Sonatas#28-1#KimHJ02M.24,,,success,,0.5370370370370371,0.9047619047619049,0.16931216931216933,0.6518222222222223,0.5,0.5525866666666668,0.6484052910052911,24
Beethoven#Piano_Sonatas#28-1#KimHJ02M.25,,,success,,0.5254237288135594,1.0,0.05494505494505494,0.893939393939394,0.5,0.5948616355396016,0.7298407806882383,25
Beethoven#Piano_Sonatas#28-1#KimHJ02M.26,,,success,,0.6029411764705883,1.0,0.22222222222222218,0.9782608695652174,0.5,0.6606848536516056,0.7703005115089514,26
Beethoven#Piano_Sonatas#28-1#KimHJ02M.28,,,success,,0.5149700598802395,1.0,0.0,1.0,0.5,0.6029940119760479,0.7537425149700598,28
Beethoven#Piano_Sonatas#28-1#KimHJ02M.29,,,success,,0.4964539007092198,1.0,0.13114754098360654,0.9333333333333333,0.5,0.6121869550052319,0.7324468085106384,29
Beethoven#Piano_Sonatas#28-1#KimHJ02M.40,,,success,,0.4173913043478261,0.9473684210526315,0.26666666666666666,0.8333333333333334,0.0,0.49295194508009155,0.5495232646834478,40
Beethoven#Piano_Sonatas#28-1#KimHJ02M.41,,,success,,0.4724409448818897,0.9565217391304348,0.30687830687830686,0.8333968253968254,0.0,0.5138475632574913,0.5655898773522874,41
Beethoven#Piano_Sonatas#28-1#KimHJ02M.42,,,success,,0.47540983606557374,0.8947368421052632,0.380952380952381,1.0,0.0,0.5502198118246435,0.5925366695427092,42
Beethoven#Piano_Sonatas#28-1#KimHJ02M.43,,,success,,0.5931034482758619,0.744047619047619,0.3492063492063492,0.9396521739130436,0.0,0.5252019180885747,0.5692008103091312,43
Beethoven#Piano_Sonatas#28-1#KimHJ02M.45,,,success,,0.5660377358490566,0.8333333333333333,0.21468926553672318,0.8695652173913043,0.0,0.49672511042208345,0.5672340716434235,45
Beethoven#Piano_Sonatas#28-1#KimHJ02M.6,,,success,,0.5850340136054422,0.9583333333333334,0.28571428571428575,0.8285999999999999,0.5,0.6315363265306122,0.7179918367346938,6
Beethoven#Piano_Sonatas#28-1#KimHJ02M.69,,,success,,0.559322033898305,0.7619047619047619,0.18487394957983194,0.7362318840579709,1.0,0.6484665258881739,0.7643646699652594,69
Beethoven#Piano_Sonatas#28-1#KimHJ02M.7,,,success,,0.606896551724138,0.8021367521367521,0.27932960893854747,0.9,0.5,0.6176725825598876,0.7022583259652225,7
Beethoven#Piano_Sonatas#28-1#KimHJ02M.70,,,success,,0.5210084033613446,0.5833333333333334,0.3354037267080745,0.9166666666666666,0.5,0.5712824260138838,0.6302521008403361,70
Beethoven#Piano_Sonatas#28-1#KimHJ02M.72,,,success,,0.6554621848739496,0.76,0.17886178861788618,0.7066133333333334,0.5,0.560187461365034,0.6555188795518208,72
Beethoven#Piano_Sonatas#28-1#KimHJ02M.73,,,success,,0.44247787610619466,0.7333333333333333,0.19289340101522845,0.5914444444444446,0.5,0.4920298109798401,0.5668139134709931,73
Beethoven#Piano_Sonatas#28-1#KimHJ02M.79,,,success,,0.4105960264900662,1.0,0.2660098522167488,0.7976190476190477,0.0,0.4948449852651725,0.5520537685272784,79
Beethoven#Piano_Sonatas#28-1#KimHJ02M.80,,,success,,0.36571428571428577,1.0,0.15384615384615385,0.917,0.0,0.4873120879120879,0.5706785714285714,80
Beethoven#Piano_Sonatas#28-1#KimHJ02M.81,,,success,,0.4293193717277487,0.9346405228758171,0.10928961748633881,0.7142857142857143,0.0,0.43750704527512385,0.5195614022223201,81
Beethoven#Piano_Sonatas#28-1#KimHJ02M.82,,,success,,0.3658536585365854,1.0,0.0,1.0,0.0,0.47317073170731716,0.5914634146341464,82
Beethoven#Piano_Sonatas#28-1#KimHJ02M.84,,,success,,0.5157232704402516,0.888888888888889,0.2162162162162162,0.8273809523809524,0.0,0.4896418655852618,0.5579982779275232,84
Beethoven#Piano_Sonatas#28-1#KyykhynenT06M.0,,,zero_mv2h,zero_mv2h,0,0,0,0,0,0,0,0
Beethoven#Piano_Sonatas#28-1#KyykhynenT06M.13,,,conversion_error,conversion_error,0,0,0,0,0,0,0,13
Beethoven#Piano_Sonatas#28-1#KyykhynenT06M.19,,,success,,0.6271186440677966,0.8260869565217391,0.3252032520325203,0.8768115942028984,0.5,0.6310440893649909,0.7075042986981086,19
Beethoven#Piano_Sonatas#28-1#KyykhynenT06M.20,,,success,,0.64,0.7386666666666667,0.21848739495798322,0.8261428571428573,0.5,0.5846593837535015,0.6762023809523809,20
Beethoven#Piano_Sonatas#28-1#KyykhynenT06M.22,,,success,,0.62,0.85,0.2521008403361345,0.621151515151515,0.5,0.56865047109753,0.6477878787878788,22
Beethoven#Piano_Sonatas#28-1#KyykhynenT06M.23,,,success,,0.5957446808510638,1.0,0.22222222222222218,0.73015873015873,0.5,0.6096251266464032,0.7064758527524484,23
Beethoven#Piano_Sonatas#28-1#KyykhynenT06M.24,,,success,,0.6346153846153847,0.8627450980392156,0.22598870056497175,0.9166666666666666,0.5,0.6280031699772477,0.7285067873303167,24
Beethoven#Piano_Sonatas#28-1#KyykhynenT06M.25,,,success,,0.6229508196721311,1.0,0.1256544502617801,0.7757931034482758,0.5,0.6048796746764373,0.7246859807801017,25
Beethoven#Piano_Sonatas#28-1#KyykhynenT06M.26,,,success,,0.6176470588235293,1.0,0.09424083769633508,0.8571428571428571,0.5,0.6138061507325443,0.7436974789915967,26
Beethoven#Piano_Sonatas#28-1#KyykhynenT06M.28,,,success,,0.524390243902439,0.9215686274509804,0.0617283950617284,1.0,0.5,0.6015374532830295,0.7364897178383549,28
Beethoven#Piano_Sonatas#28-1#KyykhynenT06M.29,,,success,,0.5562913907284769,1.0,0.0,1.0,0.5,0.6112582781456954,0.7640728476821192,29
Beethoven#Piano_Sonatas#28-1#KyykhynenT06M.40,,,success,,0.4776119402985075,0.75,0.2810810810810811,0.65625,0.0,0.4329886042759178,0.4709654850746269,40
Beethoven#Piano_Sonatas#28-1#KyykhynenT06M.41,,,success,,0.5390070921985817,0.6755952380952382,0.368,0.8115942028985507,0.0,0.4788393066384741,0.5065491332980927,41
Beethoven#Piano_Sonatas#28-1#KyykhynenT06M.42,,,success,,0.515625,0.9565217391304348,0.3934426229508197,0.95,0.0,0.5631178724162509,0.6055366847826087,42
Beethoven#Piano_Sonatas#28-1#KyykhynenT06M.43,,,success,,0.5594405594405594,0.8333333333333333,0.33513513513513515,0.7732800000000001,0.0,0.5002378055818056,0.5415134731934732,43
Beethoven#Piano_Sonatas#28-1#KyykhynenT06M.45,,,success,,0.41772151898734183,0.7870370370370371,0.2430939226519337,0.8333333333333334,0.0,0.4562371624019292,0.5095229723394281,45
Beethoven#Piano_Sonatas#28-1#KyykhynenT06M.6,,,success,,0.5540540540540541,1.0,0.3174603174603175,0.7658045977011495,0.5,0.6274637938431041,0.7049646629388009,6
Beethoven#Piano_Sonatas#28-1#KyykhynenT06M.69,,,success,,0.7868852459016394,0.7857142857142857,0.16296296296296298,0.7927927927927929,1.0,0.7056710574743362,0.8413480811021795,69
Beethoven#Piano_Sonatas#28-1#KyykhynenT06M.7,,,success,,0.5637583892617449,0.7727272727272728,0.3027027027027027,0.8194444444444445,0.5,0.5917265618272329,0.6639825266083655,7
Beethoven#Piano_Sonatas#28-1#KyykhynenT06M.70,,,success,,0.639344262295082,0.5833333333333334,0.39306358381502887,0.9210526315789473,0.5,0.6073587622044784,0.6609325568018407,70
Beethoven#Piano_Sonatas#28-1#KyykhynenT06M.72,,,success,,0.6238532110091743,0.7,0.06722689075630253,0.7291666666666669,1.0,0.6240493536864287,0.7632549694189603,72
Beethoven#Piano_Sonatas#28-1#KyykhynenT06M.73,,,success,,0.6037735849056605,1.0,0.32786885245901637,0.7275641025641028,0.0,0.5318413079857559,0.5828344218674408,73
Beethoven#Piano_Sonatas#28-1#KyykhynenT06M.79,,,success,,0.49689440993788825,1.0,0.22222222222222218,0.7941176470588235,0.0,0.5026468558437868,0.5727530142491779,79
Beethoven#Piano_Sonatas#28-1#WangY04M.0,,,conversion_error,conversion_error,0,0,0,0,0,0,0,0
Beethoven#Piano_Sonatas#28-1#WangY04M.13,,,success,,0.6774193548387096,0.6904761904761906,0.28415300546448086,0.8635757575757576,0.5,0.6031248616710277,0.6828678257226645,13
Beethoven#Piano_Sonatas#28-1#WangY04M.19,,,success,,0.5166666666666667,0.7391304347826085,0.2857142857142857,0.8833333333333334,0.5,0.5849689440993788,0.6597826086956522,19
Beethoven#Piano_Sonatas#28-1#WangY04M.20,,,conversion_error,conversion_error,0,0,0,0,0,0,0,20
Beethoven#Piano_Sonatas#28-1#WangY04M.22,,,success,,0.6666666666666667,0.8571428571428572,0.16216216216216217,0.7671333333333332,0.5,0.5906210038610038,0.6977357142857143,22
Beethoven#Piano_Sonatas#28-1#WangY04M.23,,,success,,0.6796116504854369,1.0,0.22950819672131148,0.6750444444444444,0.5,0.6168328583302386,0.7136640237324704,23
Beethoven#Piano_Sonatas#28-1#WangY04M.24,,,success,,0.6434782608695653,1.0,0.13559322033898305,0.5988095238095239,0.5,0.5755762010036145,0.6855719461697722,24
Beethoven#Piano_Sonatas#28-1#WangY04M.25,,,success,,0.5954198473282444,1.0,0.15873015873015875,0.9278666666666666,0.5,0.636403334545014,0.7558216284987278,25
Beethoven#Piano_Sonatas#28-1#WangY04M.26,,,success,,0.547945205479452,1.0,0.20765027322404372,0.6826923076923077,0.5,0.5876575572791607,0.68265937829294,26
Beethoven#Piano_Sonatas#28-1#WangY04M.28,,,success,,0.6440677966101696,1.0,0.18579234972677597,1.0,0.0,0.5659720292673891,0.6610169491525424,28
Beethoven#Piano_Sonatas#28-1#WangY04M.29,,,success,,0.5637583892617449,1.0,0.0,1.0,0.0,0.512751677852349,0.6409395973154363,29
Beethoven#Piano_Sonatas#28-1#WangY04M.40,,,success,,0.3714285714285714,0.8095238095238095,0.22335025380710657,0.6944102564102563,0.0,0.41974257823394884,0.4688406593406593,40
Beethoven#Piano_Sonatas#28-1#WangY04M.41,,,conversion_error,conversion_error,0,0,0,0,0,0,0,41
Beethoven#Piano_Sonatas#28-1#WangY04M.42,,,conversion_error,conversion_error,0,0,0,0,0,0,0,42
Beethoven#Piano_Sonatas#28-1#WangY04M.43,,,success,,0.5359477124183006,0.5483870967741936,0.30967741935483867,0.8611111111111112,0.0,0.45102466793168877,0.48636148007590135,43
Beethoven#Piano_Sonatas#28-1#WangY04M.45,,,conversion_error,conversion_error,0,0,0,0,0,0,0,45
Beethoven#Piano_Sonatas#28-1#WangY04M.6,,,conversion_error,conversion_error,0,0,0,0,0,0,0,6
Beethoven#Piano_Sonatas#28-1#WangY04M.69,,,success,,0.4918032786885246,0.7,0.28426395939086296,0.71875,1.0,0.6389634476158774,0.7276383196721311,69
Beethoven#Piano_Sonatas#28-1#WangY04M.7,,,success,,0.5655172413793103,0.9313432835820896,0.20540540540540542,0.89684,0.5,0.6198211860733611,0.72342513124035,7
Beethoven#Piano_Sonatas#28-1#WangY04M.70,,,success,,0.6885245901639344,0.634567901234568,0.2521008403361345,0.9761904761904762,1.0,0.7102767615850226,0.8248207418972446,70
Beethoven#Piano_Sonatas#28-1#WangY04M.72,,,success,,0.6732673267326733,0.7142857142857143,0.22950819672131148,0.7915000000000001,1.0,0.6817122475479398,0.7947632602545969,72
Beethoven#Piano_Sonatas#9-1#Tysman05M.0,,,success,,0.8131868131868133,0.9512195121951219,0.48958333333333326,0.8566176470588235,1.0,0.8221214611548184,0.9052559931101897,0
Beethoven#Piano_Sonatas#9-1#Tysman05M.1,,,success,,0.7513227513227514,0.8863636363636362,0.22857142857142856,0.8834,1.0,0.7499315632515632,0.8802715969215968,1
Beethoven#Piano_Sonatas#9-1#Tysman05M.119,,,success,,0.6857142857142857,0.6190476190476191,0.20833333333333331,0.8461538461538461,1.0,0.6718498168498168,0.7877289377289377,119
Beethoven#Piano_Sonatas#9-1#Tysman05M.147,,,success,,0.5463414634146341,0.5,0.5523809523809524,0.9134615384615384,1.0,0.7024367908514251,0.7399507504690431,147
Beethoven#Piano_Sonatas#9-1#Tysman05M.148,,,success,,0.5023696682464455,0.5604166666666667,0.5242718446601942,0.9137931034482759,1.0,0.7001702566043164,0.744144859590347,148
Beethoven#Piano_Sonatas#9-1#Tysman05M.149,,,zero_mv2h,zero_mv2h,0,0,0,0,0,0,0,149
Beethoven#Piano_Sonatas#9-1#Tysman05M.156,,,success,,0.5754385964912281,0.9230769230769231,0.4174757281553398,0.9015151515151515,0.0,0.5635012798477285,0.6000076677708257,156
Beethoven#Piano_Sonatas#9-1#Tysman05M.55,,,success,,0.5379310344827586,0.6064814814814814,0.1285714285714286,0.9761904761904762,0.5,0.549834884145229,0.655150748038679,55
Beethoven#Piano_Sonatas#9-1#Tysman05M.56,,,success,,0.548780487804878,0.45833333333333337,0.4639175257731959,0.8421052631578947,0.5,0.5626273220138603,0.5873047710740265,56
Beethoven#Piano_Sonatas#9-1#Tysman05M.58,,,success,,0.49411764705882344,0.8000000000000002,0.2685185185185185,0.9570322580645161,0.0,0.5039336847283715,0.5627874762808349,58
Beethoven#Piano_Sonatas#9-1#Tysman05M.59,,,success,,0.7241379310344829,0.8333333333333334,0.4563106796116505,0.8486842105263158,0.0,0.5724932309011566,0.601538868723533,59
Beethoven#Piano_Sonatas#9-1#Tysman05M.60,,,success,,0.7099567099567099,1.0,0.5098039215686274,0.9268648648648647,0.0,0.6293250992780404,0.6592053937053937,60
Beethoven#Piano_Sonatas#9-1#Tysman05M.62,,,success,,0.708955223880597,1.0,0.4077669902912621,0.9578396624472573,0.0,0.6149123753238233,0.6666987215819635,62
Beethoven#Piano_Sonatas#9-1#Tysman05M.63,,,success,,0.8813559322033899,1.0,0.5,0.9282380952380953,0.0,0.6619188054882971,0.7023985068603713,63
Beethoven#Piano_Sonatas#9-1#Tysman05M.65,,,success,,0.7535211267605635,1.0,0.38235294117647056,0.9754545454545455,0.0,0.6222657226783159,0.6822439180537773,65
Beethoven#Piano_Sonatas#9-1#Tysman05M.66,,,success,,0.6102941176470589,0.9285714285714286,0.4563106796116505,0.9818749999999999,0.0,0.5954102451660276,0.6301851365546218,66
Beethoven#Piano_Sonatas#9-1#Tysman05M.68,,,success,,0.6642857142857143,0.9210526315789473,0.4476190476190476,0.9778666666666667,0.0,0.6021648120300751,0.640801253132832,68
Beethoven#Piano_Sonatas#9-1#Tysman05M.69,,,success,,0.6666666666666666,0.9577464788732394,0.5882352941176471,0.9589371980676327,0.0,0.6343171275450372,0.6458375859018847,69
Beethoven#Piano_Sonatas#9-1#Tysman05M.71,,,success,,0.7067669172932332,0.9761904761904762,0.6470588235294118,0.9780701754385966,0.0,0.6616172784903436,0.6652568922305765,71
Beethoven#Piano_Sonatas#9-1#Tysman05M.72,,,success,,0.689655172413793,1.0,0.38834951456310673,0.9511534391534391,0.0,0.6058316252260678,0.6602021528918081,72
Beethoven#Piano_Sonatas#9-1#Tysman05M.74,,,success,,0.7531380753138075,0.9759036144578314,0.6666666666666666,0.9908675799086757,0.0,0.6773151872693962,0.6799773174200787,74
Beethoven#Piano_Sonatas#9-1#Tysman05M.75,,,success,,0.7335907335907336,1.0,0.509433962264151,0.9718095238095239,0.0,0.6429668439328816,0.6763500643500644,75
Beethoven#Piano_Sonatas#9-1#Tysman05M.90,,,success,,0.8474576271186441,0.8912962962962961,0.4019607843137255,0.9228548387096774,1.0,0.8127139092876685,0.9154021905311545,90
Beethoven#Piano_Sonatas#9-1#Tysman05M.91,,,success,,0.7222222222222222,0.8580712788259959,0.2840909090909091,0.9648461538461538,1.0,0.7658461127970562,0.886284913723593,91
Chopin#Ballades#2#Denisova17M.1,,,success,,0.7239263803680981,0.7853535353535354,0.2622950819672131,0.9185777777777777,0.5,0.6380305550933248,0.7319644233748528,1
Chopin#Ballades#2#Denisova17M.106,,,success,,0.47342995169082125,0.9135802469135802,0.22222222222222218,0.896551724137931,0.5,0.6011568289929109,0.6958904806855831,106
Chopin#Ballades#2#Denisova17M.107,,,success,,0.45794392523364486,0.858974358974359,0.22222222222222218,0.8329032258064517,0.5,0.5744087464473355,0.6624553775036139,107
Chopin#Ballades#2#Denisova17M.131,,,success,,0.47257383966244726,0.9807692307692307,0.0,0.8616774193548388,0.5,0.5630040979573033,0.7037551224466292,131
Chopin#Ballades#2#Denisova17M.132,,,success,,0.5785123966942148,0.8320728291316528,0.30601092896174864,0.8807692307692309,0.5,0.6194730771113693,0.6978386141487746,132
Chopin#Ballades#2#Denisova17M.134,,,success,,0.5876777251184834,1.0,0.29508196721311475,0.8623478260869565,0.5,0.6490215036837108,0.7375063878013599,134
Chopin#Ballades#2#Denisova17M.135,,,success,,0.4837209302325581,0.8044444444444444,0.36257309941520466,0.9516129032258065,0.5,0.6204702754636028,0.6849445694757023,135
Chopin#Ballades#2#Denisova17M.136,,,success,,0.45132743362831856,1.0,0.15028901734104044,0.8432413793103448,1.0,0.6889715660559408,0.8236422032346659,136
Chopin#Ballades#2#Denisova17M.137,,,success,,0.40366972477064217,1.0,0.23225806451612904,0.9541538461538461,1.0,0.7180163270881235,0.8394558927311221,137
Chopin#Ballades#2#Denisova17M.139,,,success,,0.3594470046082949,0.9210526315789473,0.18867924528301888,0.9033333333333332,1.0,0.6745024429607189,0.7959582423801439,139
Chopin#Ballades#2#Denisova17M.140,,,success,,0.4098360655737705,0.8503401360544218,0.3522012578616352,0.94,1.0,0.7104754918979654,0.8000440504070481,140
Chopin#Ballades#2#Denisova17M.142,,,timeout,timeout,0,0,0,0,0,0,0,142
Chopin#Ballades#2#Denisova17M.143,,,conversion_error,conversion_error,0,0,0,0,0,0,0,143
Chopin#Ballades#2#Denisova17M.145,,,success,,0.35964912280701755,0.6495726495726496,0.3144654088050315,0.8928571428571429,0.5,0.5433088648083683,0.6005197288092025,145
Chopin#Ballades#2#Denisova17M.146,,,success,,0.3775100401606426,0.8048780487804877,0.24277456647398846,0.8918260869565218,0.5,0.5633977484743282,0.6435535439744131,146
Chopin#Ballades#2#Denisova17M.148,,,success,,0.36296296296296293,0.6956521739130435,0.36477987421383645,0.8787272727272728,0.5,0.5604244567634231,0.6093356024008199,148
Chopin#Ballades#2#Denisova17M.149,,,success,,0.30414746543778803,0.7708333333333333,0.12949640287769787,0.929142857142857,0.5,0.5267240117583352,0.6260309139784945,149
Chopin#Ballades#2#Denisova17M.151,,,success,,0.32432432432432434,0.8214285714285714,0.08888888888888888,1.0,0.5,0.5469283569283568,0.6614382239382239,151
Chopin#Ballades#2#Denisova17M.152,,,success,,0.36538461538461536,0.6666666666666666,0.1870503597122302,0.828421052631579,0.5,0.5095045388790183,0.5901180836707152,152
Chopin#Ballades#2#Denisova17M.154,,,success,,0.3876651982378855,0.8421052631578948,0.2064516129032258,0.95,0.5,0.5772444148598013,0.6699426153489451,154
Chopin#Ballades#2#Denisova17M.155,,,success,,0.46093750000000006,1.0,0.13071895424836602,0.9168181818181819,0.5,0.6016949272133096,0.7194389204545455,155
Chopin#Ballades#2#Denisova17M.157,,,success,,0.4444444444444444,0.8771929824561403,0.1045751633986928,0.8419000000000001,0.5,0.5536225180598555,0.6658843567251462,157
Chopin#Ballades#2#Denisova17M.165,,,timeout,timeout,0,0,0,0,0,0,0,165
Chopin#Ballades#2#Denisova17M.167,,,success,,0.39862542955326463,0.8333333333333333,0.33548387096774196,0.8181621621621622,1.0,0.6771209592033005,0.76253023126219,167
Chopin#Ballades#2#Denisova17M.169,,,success,,0.3382352941176471,0.8222222222222222,0.1568627450980392,0.9078518518518519,1.0,0.6450344226579521,0.7670773420479302,169
Chopin#Ballades#2#Denisova17M.175,,,success,,0.5161290322580646,0.9623655913978495,0.2094240837696335,0.8998688524590165,1.0,0.7175575119769129,0.8445908690287326,175
Chopin#Ballades#2#Denisova17M.177,,,success,,0.4641638225255973,0.8541666666666667,0.1787709497206704,0.7452765957446809,1.0,0.6484756069315231,0.7659017712342362,177
Chopin#Ballades#2#Denisova17M.178,,,success,,0.42906574394463665,0.8144654088050313,0.15028901734104044,0.8691818181818182,1.0,0.6526003976545053,0.7781782427328715,178
Chopin#Ballades#2#Denisova17M.180,,,success,,0.430976430976431,0.6698717948717949,0.32298136645962733,0.9036250000000001,1.0,0.6654909184615707,0.7511183064620566,180
Chopin#Ballades#2#Denisova17M.181,,,success,,0.41269841269841273,0.7023809523809524,0.2905027932960894,0.7357647058823529,1.0,0.6282693728515614,0.7127110177404294,181
Chopin#Ballades#2#Denisova17M.186,,,success,,0.33333333333333337,0.9782608695652174,0.15300546448087432,0.8025,1.0,0.653419933475885,0.7785235507246377,186
Chopin#Ballades#2#Denisova17M.187,,,success,,0.3986486486486486,1.0,0.2622950819672131,0.7590588235294117,1.0,0.6840005108290547,0.7894268680445151,187
Chopin#Ballades#2#Denisova17M.2,,,success,,0.7195121951219512,0.8774509803921567,0.30601092896174864,0.8802083333333334,0.5,0.656636487561838,0.7442928772118603,2
Chopin#Ballades#2#Denisova17M.25,,,success,,0.6933333333333334,0.8010101010101011,0.33879781420765026,0.8461538461538461,0.5,0.6358590189409862,0.7101243201243201,25
Chopin#Ballades#2#Denisova17M.26,,,success,,0.6802721088435375,0.806060606060606,0.36065573770491804,0.9473684210526315,0.5,0.6588713747323386,0.7334252839891937,26
Chopin#Ballades#2#Denisova17M.29,,,success,,0.6274509803921569,0.6855555555555555,0.30601092896174864,0.8707083333333334,0.5,0.5979451596485589,0.6709287173202614,29
Chopin#Ballades#2#Denisova17M.45,,,success,,0.3831417624521073,0.6962962962962963,0.19875776397515527,0.8831111111111112,0.5,0.5322613867669339,0.6156372924648787,45
Chopin#Ballades#2#Denisova17M.46,,,success,,0.40800000000000003,0.6319444444444444,0.32704402515723274,0.8755000000000001,0.5,0.5484976939203354,0.6038611111111112,46
Chopin#Ballades#2#Denisova17M.48,,,success,,0.3668122270742358,0.6178861788617888,0.28758169934640526,0.9722222222222222,0.5,0.5489004655009304,0.6142301570395616,48
Chopin#Ballades#2#Denisova17M.49,,,success,,0.3090909090909091,0.3225806451612903,0.3137254901960784,0.8125,0.5,0.45157940888965553,0.48604288856304984,49
Chopin#Ballades#2#Denisova17M.51,,,timeout,timeout,0,0,0,0,0,0,0,51
Chopin#Ballades#2#Denisova17M.52,,,success,,0.35042735042735046,0.5135135135135135,0.2893081761006289,0.9301052631578945,0.0,0.41667086063987746,0.4485115317746896,52
Chopin#Ballades#2#Denisova17M.54,,,success,,0.2689075630252101,0.6,0.3018867924528302,0.8759999999999999,0.0,0.40935887109560803,0.4362268907563025,54
Chopin#Ballades#2#Denisova17M.55,,,success,,0.3690987124463519,0.7297297297297298,0.2893081761006289,0.8637619047619046,0.0,0.45037970460772303,0.4906475867344966,55
Chopin#Ballades#2#Denisova17M.6,,,success,,0.5847953216374269,0.5743961352657005,0.18867924528301888,0.8138666666666665,0.5,0.5323474737705626,0.6182645308924485,6
Chopin#Ballades#2#Denisova17M.63,,,success,,0.4265402843601896,0.9142857142857143,0.18543046357615894,0.9021176470588236,0.0,0.4856748218561773,0.5607359114261818,63
Chopin#Ballades#2#Denisova17M.64,,,success,,0.5384615384615385,0.8571428571428571,0.14379084967320263,0.874162162162162,0.0,0.482711481487952,0.5674416394416394,64
Chopin#Ballades#2#Denisova17M.66,,,success,,0.43,1.0,0.2158273381294964,0.8181818181818182,0.0,0.4928018312622629,0.5620454545454545,66
Chopin#Ballades#2#Denisova17M.67,,,success,,0.44554455445544555,0.9032258064516129,0.18994413407821228,0.925,0.0,0.4927428989970542,0.5684425902267647,67
Chopin#Ballades#2#Denisova17M.69,,,success,,0.3431952662721893,1.0,0.05517241379310344,0.7727272727272727,0.0,0.4342189905585131,0.5289806347498656,69
Chopin#Ballades#2#Denisova17M.70,,,success,,0.356687898089172,0.8636363636363636,0.28776978417266186,1.0,0.0,0.5016188091796395,0.5550810654313839,70
Chopin#Ballades#2#Denisova17M.78,,,success,,0.5454545454545454,0.7666666666666666,0.0718562874251497,0.8167619047619048,0.5,0.5401478808616533,0.6572207792207791,78
Chopin#Ballades#2#Denisova17M.79,,,success,,0.7172413793103449,0.8688271604938271,0.30601092896174864,0.9149037037037036,0.5,0.6613966344939248,0.7502430608769689,79
Chopin#Ballades#2#Denisova17M.81,,,success,,0.5375,0.673611111111111,0.0,0.8878260869565218,0.5,0.5197874396135266,0.6497342995169082,81
Chopin#Ballades#2#Denisova17M.82,,,success,,0.6808510638297872,0.8494949494949493,0.29113924050632917,0.9616410256410257,0.5,0.6566252558944183,0.7479967597414405,82
Chopin#Ballades#2#Denisova17M.83,,,success,,0.6713286713286714,0.7925925925925926,0.30601092896174864,0.8618285714285715,0.5,0.6263521528623168,0.7064374588374589,83
Chopin#Ballades#2#Denisova17M.84,,,success,,0.5454545454545454,0.752,0.1754385964912281,0.7865866666666667,0.5,0.5518959617224881,0.646010303030303,84
Chopin#Ballades#2#Gasanov08M.106,,,success,,0.5333333333333332,0.9679012345679013,0.1164021164021164,0.8702702702702702,0.5,0.5975813909147243,0.7178762095428762,106
Chopin#Ballades#2#Gasanov08M.107,,,success,,0.555984555984556,1.0,0.18848167539267016,0.9333575757575757,0.5,0.6355647614269604,0.7473355329355329,107
Chopin#Ballades#2#Gasanov08M.131,,,success,,0.44715447154471544,0.9827586206896551,0.17801047120418848,0.7347777777777778,0.5,0.5685402682432674,0.6661727175030371,131
Chopin#Ballades#2#Gasanov08M.132,,,success,,0.6160000000000001,1.0,0.33879781420765026,0.8709677419354839,0.5,0.6651531112286269,0.746741935483871,132
Chopin#Ballades#2#Gasanov08M.134,,,success,,0.5446428571428572,1.0,0.10928961748633881,0.9047619047619048,0.5,0.6117388758782202,0.7373511904761905,134
Chopin#Ballades#2#Gasanov08M.135,,,success,,0.6548672566371682,1.0,0.30601092896174864,0.8893229166666667,0.5,0.6700402204531167,0.7610475433259587,135
Chopin#Ballades#2#Gasanov08M.136,,,success,,0.5020242914979758,0.8787878787878788,0.29743589743589743,0.9318181818181818,0.5,0.6220132499079868,0.703157588026009,136
Chopin#Ballades#2#Gasanov08M.137,,,success,,0.512396694214876,0.9692982456140351,0.2962962962962963,0.7908085106382978,0.5,0.6137599493527011,0.6931258626168022,137
Chopin#Ballades#2#Gasanov08M.139,,,success,,0.4189723320158103,0.9361702127659575,0.08743169398907105,0.8648888888888888,1.0,0.6614926255319455,0.8050078584176641,139
Chopin#Ballades#2#Gasanov08M.140,,,conversion_error,conversion_error,0,0,0,0,0,0,0,140
Chopin#Ballades#2#Gasanov08M.142,,,success,,0.6482213438735177,0.8181818181818183,0.2622950819672131,0.9188474576271187,0.5,0.6295091403299335,0.7213126549206137,142
Chopin#Ballades#2#Gasanov08M.143,,,success,,0.6090534979423868,0.7909604519774011,0.3016759776536313,0.94408,0.5,0.6291539855146839,0.711023487479947,143
Chopin#Ballades#2#Gasanov08M.145,,,success,,0.4715447154471545,0.8979591836734694,0.2681564245810056,0.9124444444444444,0.5,0.6100209536292148,0.6954870858912671,145
Chopin#Ballades#2#Gasanov08M.146,,,success,,0.30188679245283023,0.7419354838709676,0.22335025380710657,0.9382857142857143,0.5,0.5410916488833237,0.6205269976523781,146
Chopin#Ballades#2#Gasanov08M.148,,,success,,0.5104895104895104,0.9,0.29508196721311475,0.9048510638297873,0.5,0.6220845083064825,0.7038351435798245,148
Chopin#Ballades#2#Gasanov08M.149,,,success,,0.4661016949152542,0.8478260869565217,0.22222222222222218,0.9016296296296296,0.5,0.5875559267447255,0.6788893528753513,149
Chopin#Ballades#2#Gasanov08M.151,,,success,,0.43,0.6036036036036037,0.29090909090909095,0.778,0.5,0.5205025389025388,0.5779009009009008,151
Chopin#Ballades#2#Gasanov08M.152,,,success,,0.43298969072164956,0.6126126126126126,0.17218543046357615,0.929142857142857,0.5,0.5293861181881391,0.6186862901192798,152
Chopin#Ballades#2#Gasanov08M.154,,,success,,0.3217391304347826,0.9375,0.19672131147540986,0.9562352941176471,0.5,0.5824391472055679,0.6788686061381074,154
Chopin#Ballades#2#Gasanov08M.155,,,success,,0.361344537815126,1.0,0.25136612021857924,0.881818181818182,0.5,0.5989057679703775,0.685790679908327,155
Chopin#Ballades#2#Gasanov08M.157,,,success,,0.43678160919540227,0.891156462585034,0.28415300546448086,0.8958222222222222,0.5,0.6015826598934279,0.6809400735006647,157
Chopin#Ballades#2#Gasanov08M.165,,,success,,0.4456824512534819,0.6376811594202898,0.23463687150837986,0.874309346567411,1.0,0.6384619657499125,0.7394182393102957,165
Chopin#Ballades#2#Gasanov08M.167,,,success,,0.5064102564102564,0.8620689655172413,0.273224043715847,0.9168000000000001,1.0,0.7117006531286689,0.8213198054818744,167
Chopin#Ballades#2#Gasanov08M.169,,,success,,0.5904761904761905,0.8571428571428571,0.327683615819209,0.9526315789473685,1.0,0.7455868484771251,0.8500626566416041,169
Chopin#Ballades#2#Gasanov08M.175,,,success,,0.5353846153846155,0.9197530864197531,0.23036649214659688,0.9677014925373134,1.0,0.7306411372976558,0.8557097985854205,175
Chopin#Ballades#2#Gasanov08M.177,,,success,,0.6484848484848486,0.9039215686274511,0.2458100558659218,0.8619186991869919,1.0,0.7320270344330427,0.853581279074823,177
Chopin#Ballades#2#Gasanov08M.178,,,success,,0.5375,0.7944444444444444,0.16216216216216217,0.9096551724137931,1.0,0.6807523558040799,0.8103999042145593,178
Chopin#Ballades#2#Gasanov08M.180,,,success,,0.60625,0.8310185185185185,0.2905027932960894,0.9112876712328766,1.0,0.7278117966094968,0.8371390474378487,180
Chopin#Ballades#2#Gasanov08M.181,,,success,,0.5357142857142858,0.8450980392156862,0.32786885245901637,0.9012923076923077,1.0,0.7219946970162592,0.82052615815557,181
Chopin#Ballades#2#Gasanov08M.186,,,success,,0.4293785310734463,1.0,0.2617801047120419,0.8991698113207546,1.0,0.7180656894212485,0.8321370855985503,186
Chopin#Ballades#2#Gasanov08M.187,,,success,,0.44897959183673475,0.9699346405228759,0.30601092896174864,0.8427636363636364,1.0,0.7135377595369992,0.8154194671808117,187
Chopin#Ballades#2#Gasanov08M.45,,,success,,0.3582089552238805,0.7555555555555555,0.15706806282722516,0.912842105263158,0.5,0.5367349357739639,0.6316516540106485,45
Chopin#Ballades#2#Gasanov08M.46,,,success,,0.5,1.0,0.21857923497267762,0.7764666666666666,0.5,0.5990091803278689,0.6941166666666667,46
Chopin#Ballades#2#Gasanov08M.48,,,success,,0.4063745019920319,0.8372093023255814,0.17964071856287425,0.9137931034482759,0.5,0.5674035252657527,0.6643442269414723,48
Chopin#Ballades#2#Gasanov08M.49,,,success,,0.5294117647058824,0.8333333333333333,0.22950819672131148,0.8889000000000002,0.5,0.5962306589521055,0.6879112745098039,49
Chopin#Ballades#2#Gasanov08M.51,,,timeout,timeout,0,0,0,0,0,0,0,51
Chopin#Ballades#2#Gasanov08M.52,,,success,,0.38585209003215437,0.75,0.1748633879781421,0.7681052631578946,0.5,0.5157641482336383,0.6009893382975122,52
Chopin#Ballades#2#Gasanov08M.54,,,success,,0.2677165354330709,0.7142857142857143,0.06211180124223602,0.9166666666666666,0.0,0.3921561435255375,0.47466722909636294,54
Chopin#Ballades#2#Gasanov08M.55,,,success,,0.4259927797833935,0.8130081300813008,0.2594594594594595,0.8984065040650407,0.5,0.5793733746778389,0.6593518534824337,55
Chopin#Ballades#2#Gasanov08M.63,,,success,,0.4977777777777777,1.0,0.35460992907801414,0.8907428571428571,0.0,0.5486261127997298,0.5971301587301587,63
Chopin#Ballades#2#Gasanov08M.64,,,success,,0.5974025974025975,1.0,0.2585034013605442,0.8298260869565217,0.0,0.5371464171439326,0.6068071710897798,64
Chopin#Ballades#2#Gasanov08M.66,,,success,,0.5953488372093022,1.0,0.21857923497267762,0.8411818181818181,0.0,0.5310219780727596,0.6091326638477801,66
Chopin#Ballades#2#Gasanov08M.67,,,success,,0.5,1.0,0.25136612021857924,0.8392,0.0,0.5181132240437158,0.5848,67
Chopin#Ballades#2#Gasanov08M.69,,,success,,0.5888888888888889,1.0,0.2122905027932961,0.848421052631579,0.0,0.5299200888627528,0.6093274853801169,69
Chopin#Ballades#2#Gasanov08M.70,,,success,,0.5060240963855421,1.0,0.24516129032258066,0.9247272727272727,0.0,0.5351825318870791,0.6076878422782037,70
Chopin#Ballades#2#Gasanov08M.78,,,success,,0.6762589928057554,0.9583333333333334,0.273224043715847,0.8735495495495498,0.5,0.6562731838808971,0.7520354689221596,78
Chopin#Ballades#2#Gasanov08M.79,,,success,,0.662251655629139,0.8558922558922559,0.21857923497267762,0.80385,0.5,0.6081146292988145,0.7054984778803488,79
Chopin#Ballades#2#Tetzloff06M.1,,,success,,0.6459627329192545,0.8697916666666667,0.29508196721311475,0.8821463414634146,0.5,0.6385965416524901,0.724475185262334,1
Chopin#Ballades#2#Tetzloff06M.106,,,success,,0.4773662551440329,0.7839506172839505,0.17435897435897438,0.8935813953488372,0.5,0.5658514484271591,0.6637245669442051,106
Chopin#Ballades#2#Tetzloff06M.107,,,success,,0.5447154471544715,0.8833333333333333,0.24043715846994537,0.8242173913043479,0.5,0.5985406660524196,0.6880665429480382,107
Chopin#Ballades#2#Tetzloff06M.131,,,success,,0.4979253112033195,0.8765873015873017,0.1189189189189189,0.8564031007751938,0.5,0.5699669264969467,0.6827289283914537,131
Chopin#Ballades#2#Tetzloff06M.132,,,success,,0.6040816326530613,0.9419047619047619,0.21857923497267762,0.8192592592592592,0.5,0.616764977757952,0.7163114134542706,132
Chopin#Ballades#2#Tetzloff06M.134,,,success,,0.5276595744680852,0.9320987654320986,0.2622950819672131,0.8445909090909093,0.5,0.6133288661916613,0.7010873122477733,134
Chopin#Ballades#2#Tetzloff06M.135,,,success,,0.4057971014492754,0.8695652173913043,0.19875776397515527,0.925,0.5,0.579824016563147,0.675090579710145,135
Chopin#Ballades#2#Tetzloff06M.136,,,success,,0.4085106382978723,0.8388888888888889,0.30967741935483867,0.7794399999999999,0.5,0.5673033893083199,0.6317098817966903,136
Chopin#Ballades#2#Tetzloff06M.137,,,zero_mv2h,zero_mv2h,0,0,0,0,0,0,0,137
Chopin#Ballades#2#Tetzloff06M.139,,,success,,0.2376237623762376,0.7456140350877194,0.23204419889502761,0.6111111111111112,1.0,0.5652786214940192,0.648587227143767,139
Chopin#Ballades#2#Tetzloff06M.140,,,success,,0.33476394849785407,0.8421052631578947,0.11320754716981132,0.8075199999999999,1.0,0.619519351765112,0.7460973029139372,140
Chopin#Ballades#2#Tetzloff06M.142,,,success,,0.32673267326732675,0.8765432098765432,0.15483870967741933,0.8181818181818182,0.5,0.5352592822006215,0.630364425331422,142
Chopin#Ballades#2#Tetzloff06M.143,,,success,,0.2962962962962963,0.85,0.0,0.8669333333333333,0.5,0.5026459259259259,0.6283074074074074,143
Chopin#Ballades#2#Tetzloff06M.145,,,success,,0.39024390243902435,0.7027027027027027,0.19310344827586207,0.8336,0.5,0.5239300106835179,0.6066366512854318,145
Chopin#Ballades#2#Tetzloff06M.146,,,success,,0.3603603603603604,0.7567567567567567,0.2709677419354839,0.9168888888888888,0.5,0.5609947495882979,0.6335015015015014,146
Chopin#Ballades#2#Tetzloff06M.148,,,timeout,timeout,0,0,0,0,0,0,0,148
Chopin#Ballades#2#Tetzloff06M.149,,,success,,0.4145077720207254,0.8279569892473118,0.2543352601156069,0.8521739130434783,0.5,0.5697947868854245,0.6486596685778788,149
Chopin#Ballades#2#Tetzloff06M.151,,,success,,0.35675675675675667,0.6785714285714286,0.06106870229007632,1.0,0.5,0.5192793775236523,0.6338320463320464,151
Chopin#Ballades#2#Tetzloff06M.152,,,success,,0.4339622641509434,0.8292682926829268,0.2446043165467626,0.9133333333333333,0.5,0.5842336413427932,0.6691409725418009,152
Chopin#Ballades#2#Tetzloff06M.154,,,success,,0.3788546255506608,0.9,0.13071895424836602,0.9525714285714285,0.5,0.572429001674091,0.6828565135305223,154
Chopin#Ballades#2#Tetzloff06M.155,,,success,,0.4732824427480916,0.9464285714285714,0.13071895424836602,0.8812444444444443,0.5,0.5863348825738945,0.7002388646552768,155
Chopin#Ballades#2#Tetzloff06M.157,,,success,,0.41379310344827586,0.8840579710144928,0.192090395480226,0.8823225806451614,0.5,0.5744528101176313,0.6700434137769825,157
Chopin#Ballades#2#Tetzloff06M.165,,,success,,0.3987915407854985,0.5987654320987653,0.14207650273224043,0.8499047619047618,1.0,0.5979076475042533,0.7118654336972564,165
Chopin#Ballades#2#Tetzloff06M.167,,,success,,0.34722222222222227,0.8106060606060607,0.3391812865497076,0.9232307692307692,1.0,0.6840480677217519,0.770264763014763,167
Chopin#Ballades#2#Tetzloff06M.169,,,success,,0.3676470588235294,0.8260869565217391,0.03773584905660377,0.8862500000000002,1.0,0.6235439728803744,0.7699960038363172,169
Chopin#Ballades#2#Tetzloff06M.171,,,success,,0.40441176470588236,0.8666666666666667,0.36601307189542487,0.96875,1.0,0.7211683006535947,0.8099571078431372,171
Chopin#Ballades#2#Tetzloff06M.173,,,success,,0.39416058394160586,0.8562091503267973,0.3067484662576687,1.0,1.0,0.7114236401052144,0.8125924335671009,173
Chopin#Ballades#2#Tetzloff06M.175,,,success,,0.49305555555555564,0.9133333333333333,0.33519553072625696,0.8796595744680852,1.0,0.7242487988166462,0.8215121158392436,175
Chopin#Ballades#2#Tetzloff06M.177,,,success,,0.3790849673202614,0.7200000000000001,0.29508196721311475,0.7501818181818181,1.0,0.6288697505430388,0.7123166963755199,177
Chopin#Ballades#2#Tetzloff06M.178,,,success,,0.40384615384615385,0.8703703703703703,0.26086956521739124,0.6835675675675675,1.0,0.6437307314002967,0.7394460229460229,178
Chopin#Ballades#2#Tetzloff06M.180,,,success,,0.3654485049833887,0.8333333333333333,0.2328042328042328,0.7503225806451613,1.0,0.6363817303532232,0.7372761047404708,180
Chopin#Ballades#2#Tetzloff06M.181,,,success,,0.4068965517241379,0.7839506172839507,0.2824858757062147,0.8295000000000001,1.0,0.6605666089428607,0.7550867922520221,181
Chopin#Ballades#2#Tetzloff06M.186,,,success,,0.35999999999999993,0.8846153846153846,0.22950819672131148,0.7796666666666668,1.0,0.6507580496006725,0.7560705128205129,186
Chopin#Ballades#2#Tetzloff06M.187,,,success,,0.36585365853658536,0.8933333333333333,0.09836065573770493,0.8874285714285713,1.0,0.648995243807239,0.7866538908246226,187
Chopin#Ballades#2#Tetzloff06M.2,,,success,,0.6863905325443788,0.9352941176470588,0.28415300546448086,0.84,0.5,0.6491675311311836,0.7404211625478594,2
Chopin#Ballades#2#Tetzloff06M.45,,,success,,0.26244343891402716,0.691358024691358,0.2012578616352201,0.8893333333333333,0.5,0.5088785317147877,0.5857836992346797,45
Chopin#Ballades#2#Tetzloff06M.46,,,success,,0.35344827586206895,0.6846846846846848,0.27450980392156865,0.8444347826086956,0.5,0.5314155094154036,0.5956419357888624,46
Chopin#Ballades#2#Tetzloff06M.48,,,success,,0.3482587064676617,0.8222222222222223,0.2236024844720497,0.782608695652174,0.5,0.5353384217628215,0.6132724060855145,48
Chopin#Ballades#2#Tetzloff06M.49,,,success,,0.32954545454545453,0.803030303030303,0.22641509433962265,0.8766956521739131,0.5,0.5471373008178586,0.6273178524374177,49
Chopin#Ballades#2#Tetzloff06M.51,,,success,,0.38793103448275856,0.6666666666666667,0.15172413793103448,0.7510909090909091,0.0,0.3914825496342738,0.45142215256008367,51
Chopin#Ballades#2#Tetzloff06M.52,,,success,,0.31050228310502287,0.7555555555555554,0.3144654088050315,0.9117647058823529,0.0,0.4584575906695926,0.49445563613573285,52
Chopin#Ballades#2#Tetzloff06M.54,,,conversion_error,conversion_error,0,0,0,0,0,0,0,54
Chopin#Ballades#2#Tetzloff06M.55,,,timeout,timeout,0,0,0,0,0,0,0,55
Chopin#Ballades#2#Tetzloff06M.63,,,success,,0.5048543689320387,1.0,0.24390243902439027,0.9336,0.0,0.5364713615912857,0.6096135922330097,63
Chopin#Ballades#2#Tetzloff06M.64,,,success,,0.372093023255814,1.0,0.1360544217687075,0.925,0.0,0.4866294890049042,0.5742732558139535,64
Chopin#Ballades#2#Tetzloff06M.66,,,success,,0.5392156862745098,1.0,0.2119205298013245,0.8258181818181819,0.0,0.5153908795788033,0.5912584670231729,66
Chopin#Ballades#2#Tetzloff06M.67,,,success,,0.5257731958762887,1.0,0.16949152542372883,0.7909333333333335,0.0,0.49723961092667024,0.5791766323024055,67
Chopin#Ballades#2#Tetzloff06M.69,,,success,,0.4733727810650888,0.9032258064516129,0.17687074829931973,0.8543333333333334,0.0,0.48156053382987096,0.5577329802125088,69
Chopin#Ballades#2#Tetzloff06M.70,,,success,,0.6242774566473989,0.9421052631578948,0.22764227642276422,0.9315294117647059,0.0,0.5451108815985528,0.6244780328924999,70
Chopin#Ballades#3#Ko11M.168,,,success,,0.5789473684210527,1.0,0.2824858757062147,0.8258285714285715,0.0,0.5374523631111677,0.6011939849624061,168
Chopin#Ballades#3#Ko11M.169,,,success,,0.4838709677419355,1.0,0.20765027322404372,0.856,0.0,0.5095042481931958,0.5849677419354838,169
Chopin#Ballades#3#Ko11M.170,,,success,,0.5454545454545454,1.0,0.36065573770491804,0.8252444444444443,0.0,0.5462709455207816,0.5926747474747475,170
Chopin#Ballades#3#Ko11M.172,,,success,,0.4467353951890034,1.0,0.3128491620111732,0.8144444444444444,0.0,0.5148058003289242,0.565294959908362,172
Chopin#Ballades#3#Ko11M.221,,,success,,0.6644295302013423,1.0,0.28415300546448086,0.7686567164179104,0.0,0.5434478504167467,0.6082715616548132,221
Chopin#Ballades#3#Ko11M.222,,,success,,0.6645569620253164,0.865040650406504,0.21857923497267762,0.8661408450704224,0.0,0.5228635384949841,0.5989346143755607,222
Chopin#Ballades#3#Ko11M.223,,,success,,0.5760517799352752,0.8498412698412697,0.25414364640883974,0.96875,0.0,0.5297573392370769,0.5986607624441362,223
Chopin#Ballades#3#Ko11M.225,,,success,,0.553314121037464,0.8386724386724387,0.3592814371257485,0.98125,1.0,0.7465035993671302,0.8433091399274757,225
Chopin#Ballades#3#Ko11M.39,,,success,,0.39436619718309857,0.8717948717948718,0.32335329341317365,0.9375,0.5,0.6054028724782288,0.6759152672444926,39
Chopin#Ballades#3#Ko11M.46,,,success,,0.5,0.5476190476190476,0.18285714285714283,0.7109047619047618,0.5,0.4882761904761904,0.5646309523809523,46
Chopin#Ballades#3#Ko11M.47,,,success,,0.5454545454545454,0.5925925925925927,0.15384615384615385,0.6846153846153846,0.5,0.4953017353017353,0.5806656306656306,47
Chopin#Ballades#3#Ko11M.48,,,success,,0.5384615384615384,0.55,0.17931034482758623,0.75,0.0,0.40355437665782495,0.45961538461538465,48
Chopin#Ballades#3#Ko11M.49,,,success,,0.5205479452054795,0.7272727272727272,0.18543046357615894,0.31468531468531474,0.0,0.3495872901479361,0.3906264967908804,49
Chopin#Ballades#3#Ko11M.7,,,success,,0.5675675675675675,0.8508771929824561,0.16216216216216217,0.6990537634408602,0.5,0.5559321372306092,0.654374630997721,7
Chopin#Ballades#3#Ko11M.8,,,success,,0.662251655629139,0.7950617283950615,0.11956521739130435,0.5856842105263159,0.5,0.5325125623883642,0.6357493986376291,8
Chopin#Ballades#3#LinPeng06M.168,,,success,,0.46288209606986896,0.8936170212765958,0.17679558011049723,0.8866206896551724,0.0,0.48398307742242686,0.5607799517504093,168
Chopin#Ballades#3#LinPeng06M.169,,,success,,0.48559670781893005,0.9400000000000002,0.23668639053254434,0.9144,0.0,0.5153366196702949,0.5849991769547326,169
Chopin#Ballades#3#LinPeng06M.170,,,success,,0.42276422764227645,0.7659574468085105,0.44171779141104295,0.9801599999999999,0.0,0.522119893172366,0.5422204186126967,170
Chopin#Ballades#3#LinPeng06M.172,,,success,,0.3453237410071942,0.9166666666666666,0.15873015873015875,0.8138823529411765,0.0,0.4469205838690392,0.5189681901537593,172
Chopin#Ballades#3#LinPeng06M.221,,,success,,0.53156146179402,0.8181818181818181,0.20540540540540542,0.8408000000000001,0.0,0.4791897370762488,0.5476358199939596,221
Chopin#Ballades#3#LinPeng06M.222,,,success,,0.6089965397923875,0.8777777777777778,0.22950819672131148,0.8617021276595744,0.0,0.5155969283902102,0.587119111307435,222
Chopin#Ballades#3#LinPeng06M.223,,,success,,0.628930817610063,0.8730864197530863,0.29508196721311475,0.9819759036144577,0.0,0.5558150216381443,0.6209982852444018,223
Chopin#Ballades#3#LinPeng06M.225,,,success,,0.633720930232558,0.7802350427350427,0.33879781420765026,0.9285714285714286,0.0,0.5362650431493359,0.5856318503847573,225
Chopin#Ballades#3#LinPeng06M.39,,,success,,0.5,0.9464285714285715,0.3398692810457516,0.9492753623188406,0.5,0.6471146429586327,0.723925983436853,39
Chopin#Ballades#3#LinPeng06M.46,,,success,,0.35555555555555557,0.6000000000000001,0.043715846994535526,0.30824999999999997,0.5,0.36150428051001826,0.4409513888888889,46
Chopin#Ballades#3#LinPeng06M.47,,,success,,0.5757575757575758,0.5909090909090908,0.3673469387755102,0.8692307692307693,0.0,0.4806488749345892,0.5089743589743589,47
Chopin#Ballades#3#LinPeng06M.48,,,success,,0.5818181818181818,0.8333333333333334,0.2622950819672131,0.5,0.0,0.4354893194237456,0.47878787878787876,48
Chopin#Ballades#3#LinPeng06M.49,,,success,,0.5245901639344263,0.8466666666666667,0.13245033112582782,0.393006993006993,0.5,0.47934283094678276,0.5660659559020216,49
Chopin#Ballades#3#LinPeng06M.7,,,zero_mv2h,zero_mv2h,0,0,0,0,0,0,0,7
Chopin#Ballades#3#LinPeng06M.8,,,success,,0.7272727272727273,0.6833333333333333,0.18181818181818182,0.7380000000000001,0.5,0.5660848484848485,0.6621515151515152,8
Chopin#Etudes_op_10#2#Hebert03M.1,,,conversion_error,conversion_error,0,0,0,0,0,0,0,1
Chopin#Etudes_op_10#2#Hebert03M.11,,,success,,0.7918367346938776,1.0,0.6470588235294118,0.9942988505747126,1.0,0.8866388817596004,0.9465338963171476,11
Chopin#Etudes_op_10#2#Hebert03M.13,,,conversion_error,conversion_error,0,0,0,0,0,0,0,13
Chopin#Etudes_op_10#2#Hebert03M.15,,,conversion_error,conversion_error,0,0,0,0,0,0,0,15
Chopin#Etudes_op_10#2#Hebert03M.17,,,success,,0.6355932203389831,1.0,0.5523809523809524,0.9538461538461539,0.0,0.628364065313218,0.6473598435462843,17
Chopin#Etudes_op_10#2#Hebert03M.19,,,success,,0.7916666666666666,1.0,0.5784313725490197,0.9519518072289155,1.0,0.8644099692889202,0.9359046184738955,19
Chopin#Etudes_op_10#2#Hebert03M.21,,,success,,0.712962962962963,1.0,0.46464646464646464,0.7353725490196078,1.0,0.7825963953258072,0.8620838779956427,21
Chopin#Etudes_op_10#2#Hebert03M.23,,,success,,0.6601941747572815,1.0,0.5686274509803922,0.85,1.0,0.8157643251475347,0.8775485436893203,23
Chopin#Etudes_op_10#2#Hebert03M.25,,,success,,0.48000000000000004,1.0,0.19417475728155337,0.9751999999999998,1.0,0.7298749514563105,0.8637999999999999,25
Chopin#Etudes_op_10#2#Hebert03M.27,,,conversion_error,conversion_error,0,0,0,0,0,0,0,27
Chopin#Etudes_op_10#2#Hebert03M.29,,,success,,0.6477272727272727,1.0,0.32380952380952377,0.881684210526316,1.0,0.7706442014126225,0.8823528708133972,29
Chopin#Etudes_op_10#2#Hebert03M.3,,,success,,0.7242798353909465,1.0,0.627450980392157,0.9648450704225351,1.0,0.8633151772411278,0.9222812264533704,3
Chopin#Etudes_op_10#2#Hebert03M.31,,,success,,0.6885245901639345,1.0,0.29126213592233013,0.9480784313725491,0.0,0.5855730314917628,0.6591507553841209,31
Chopin#Etudes_op_10#2#Hebert03M.33,,,success,,0.7641509433962265,1.0,0.5196078431372549,0.8714117647058822,1.0,0.8310341102478727,0.9088906770255272,33
Chopin#Etudes_op_10#2#Hebert03M.35,,,success,,0.6827309236947792,1.0,0.29411764705882354,0.9772602739726027,1.0,0.7908217689452411,0.9149977994168454,35
Chopin#Etudes_op_10#2#Hebert03M.37,,,success,,0.689922480620155,1.0,0.5392156862745098,0.958388888888889,1.0,0.8375054111567106,0.912077842377261,37
Chopin#Etudes_op_10#2#Hebert03M.39,,,success,,0.7137254901960783,1.0,0.44999999999999996,0.9236417910447761,1.0,0.8174734562481708,0.9093418203102136,39
Chopin#Etudes_op_10#2#Hebert03M.41,,,success,,0.5587044534412955,1.0,0.5,0.958139534883721,1.0,0.8033687976650032,0.879210997081254,41
Chopin#Etudes_op_10#2#Hebert03M.43,,,timeout,timeout,0,0,0,0,0,0,0,43
Chopin#Etudes_op_10#2#Hebert03M.5,,,conversion_error,conversion_error,0,0,0,0,0,0,0,5
Chopin#Etudes_op_10#2#Hebert03M.7,,,success,,0.7598253275109169,1.0,0.49019607843137264,0.8184210526315789,1.0,0.8136884917147735,0.8945615950356239,7
Chopin#Etudes_op_10#2#Hebert03M.9,,,success,,0.8225108225108225,1.0,0.6470588235294118,0.9375454545454545,1.0,0.8814230201171377,0.9400140692640693,9
Chopin#Etudes_op_10#2#JeonH02M.1,,,success,,0.7647058823529411,1.0,0.6666666666666666,0.8658536585365854,1.0,0.8594452415112386,0.9076398852223816,1
Chopin#Etudes_op_10#2#JeonH02M.11,,,success,,0.8571428571428572,0.9839901477832512,0.6666666666666666,0.723404255319149,1.0,0.8462407853823848,0.8911343150613144,11
Chopin#Etudes_op_10#2#JeonH02M.13,,,success,,0.7984189723320158,0.9839901477832512,0.6666666666666666,0.8089887640449438,1.0,0.8516129101653755,0.8978494710400526,13
Chopin#Etudes_op_10#2#JeonH02M.15,,,success,,0.8340080971659919,1.0,0.6666666666666666,0.8041237113402062,1.0,0.8609596950345729,0.9095329521265496,15
Chopin#Etudes_op_10#2#JeonH02M.17,,,success,,0.8739495798319328,1.0,0.6470588235294118,0.77504,1.0,0.8592096806722689,0.9122473949579832,17
Chopin#Etudes_op_10#2#JeonH02M.19,,,success,,0.8559670781893004,1.0,0.6666666666666666,0.7755102040816326,1.0,0.85962878978752,0.9078693205677333,19
Chopin#Etudes_op_10#2#JeonH02M.21,,,success,,0.8387096774193549,1.0,0.6666666666666666,0.8383838383838383,1.0,0.8687520364939718,0.9192733789507983,21
Chopin#Etudes_op_10#2#JeonH02M.23,,,success,,0.7346938775510204,1.0,0.2843137254901961,0.963855421686747,1.0,0.7965726049455927,0.9246373248094418,23
Chopin#Etudes_op_10#2#JeonH02M.25,,,success,,0.7193675889328062,1.0,0.49019607843137264,0.903897435897436,1.0,0.8226922206523231,0.9058162562075606,25
Chopin#Etudes_op_10#2#JeonH02M.27,,,success,,0.6974789915966387,0.9863013698630136,0.6078431372549019,0.8236111111111111,1.0,0.8230469219651331,0.8768478681426909,27
Chopin#Etudes_op_10#2#JeonH02M.29,,,success,,0.8,1.0,0.5882352941176471,0.8805970149253731,1.0,0.853766461808604,0.9201492537313433,29
Chopin#Etudes_op_10#2#JeonH02M.3,,,success,,0.8442622950819673,1.0,0.627450980392157,0.8125600000000002,1.0,0.8568546550948248,0.9142055737704919,3
Chopin#Etudes_op_10#2#JeonH02M.31,,,success,,0.8208092485549133,1.0,0.5392156862745098,0.8651428571428571,0.0,0.645033558394456,0.6714880264244426,31
Chopin#Etudes_op_10#2#JeonH02M.33,,,success,,0.7246376811594202,1.0,0.5490196078431372,0.902375,1.0,0.8352064578005116,0.906753170289855,33
Chopin#Etudes_op_10#2#JeonH02M.35,,,success,,0.8347107438016529,1.0,0.6470588235294118,0.8105263157894737,1.0,0.8584591766241075,0.9113092648977816,35
Chopin#Etudes_op_10#2#JeonH02M.37,,,success,,0.8641975308641975,0.9848602484472049,0.6666666666666666,0.75,1.0,0.8531448891956138,0.8997644448278506,37
Chopin#Etudes_op_10#2#JeonH02M.39,,,success,,0.8207171314741035,0.9836134453781512,0.6666666666666666,0.9550561797752809,1.0,0.8852106846588403,0.9398466891568839,39
Chopin#Etudes_op_10#2#JeonH02M.41,,,success,,0.6919831223628691,0.979516806722689,0.5196078431372549,0.9842539682539682,1.0,0.8350723480953561,0.9139384743348815,41
Chopin#Etudes_op_10#2#JeonH02M.43,,,success,,0.7053140096618358,1.0,0.5588235294117647,0.9803389830508474,0.0,0.6488953044248896,0.6714132481781708,43
Chopin#Etudes_op_10#2#JeonH02M.5,,,success,,0.6916666666666667,1.0,0.15686274509803924,0.8973684210526316,1.0,0.7491795665634675,0.8972587719298246,5
Chopin#Etudes_op_10#2#JeonH02M.7,,,success,,0.8154506437768241,1.0,0.6470588235294118,0.8233253012048193,1.0,0.8571669537022111,0.9096939862454109,7
Chopin#Etudes_op_10#2#JeonH02M.9,,,success,,0.8033472803347281,1.0,0.6666666666666666,0.8705882352941177,1.0,0.8681204364591025,0.9184838789072114,9
Chopin#Etudes_op_10#4#Duepree06M.20,,,success,,0.8059701492537314,0.9734848484848485,0.6666666666666666,0.6701030927835051,0.5,0.7232449514377504,0.7373895226305213,20
Chopin#Etudes_op_10#4#Duepree06M.31,,,success,,0.5833333333333334,0.7342342342342342,0.38235294117647056,0.8980425531914893,0.0,0.5195926123871055,0.5539025301897642,31
Chopin#Etudes_op_10#4#Knoll03M.20,,,success,,0.7191011235955056,0.9718875502008033,0.45098039215686286,0.7169156626506024,0.0,0.5717769457207549,0.6019760841117279,20
Chopin#Etudes_op_10#4#Knoll03M.31,,,success,,0.45936395759717313,0.9228395061728395,0.12380952380952381,0.7731875,0.0,0.4558400975159073,0.5388477409425032,31
Chopin#Etudes_op_10#4#Kurz03M.20,,,success,,0.7586206896551724,1.0,0.5588235294117647,0.6823529411764706,0.0,0.5999594320486816,0.6102434077079107,20
Chopin#Etudes_op_10#4#Kurz03M.31,,,success,,0.5514705882352942,0.7358974358974358,0.2571428571428571,0.8160000000000001,0.0,0.47210217625511747,0.5258420060331825,31
Chopin#Etudes_op_10#4#LeeSH03M.20,,,success,,0.7849056603773584,0.9261363636363635,0.6666666666666666,0.6966292134831461,0.0,0.6148675808327069,0.601917809374217,20
Chopin#Etudes_op_10#4#LeeSH03M.31,,,success,,0.6176470588235294,0.8333333333333335,0.29411764705882354,0.8802790697674417,0.0,0.5250754217966256,0.5828148654810762,31
Chopin#Etudes_op_10#4#Richardson_2013_03M.20,,,success,,0.8136882129277566,1.0,0.6666666666666666,0.696078431372549,0.0,0.6352866621933945,0.6274416610750764,20
Chopin#Etudes_op_10#4#Richardson_2013_03M.31,,,success,,0.6089965397923875,0.7916666666666666,0.5784313725490197,0.8918666666666666,0.0,0.574192249134948,0.5731324682814302,31
Chopin#Etudes_op_10#4#Sladek03M.20,,,success,,0.5767790262172284,0.953125,0.3921568627450981,0.7075471698113207,0.5,0.6259216117547295,0.6843627990071373,20
Chopin#Etudes_op_10#4#Sladek03M.31,,,conversion_error,conversion_error,0,0,0,0,0,0,0,31
Chopin#Etudes_op_10#4#Yi03M.20,,,success,,0.7716535433070867,0.9156626506024096,0.5196078431372549,0.7469629629629629,0.0,0.5907774000019429,0.6085697892181148,20
Chopin#Etudes_op_10#4#Yi03M.31,,,success,,0.5333333333333333,0.8735632183908045,0.34951456310679613,0.8985945945945946,0.0,0.5310011418851057,0.576372786579683,31
Chopin#Etudes_op_10#4#ZhangE03M.20,,,success,,0.7199999999999999,0.9471544715447153,0.35922330097087385,0.908507042253521,0.5,0.686976962953822,0.768915378449559,20
Chopin#Etudes_op_10#4#ZhangE03M.31,,,conversion_error,conversion_error,0,0,0,0,0,0,0,31
Chopin#Etudes_op_10#4#ZhaoA03M.20,,,success,,0.7384615384615384,1.0,0.6285714285714286,0.7083809523809523,0.0,0.6150827838827839,0.6117106227106227,20
Chopin#Etudes_op_10#4#ZhaoA03M.31,,,success,,0.6326530612244898,0.8458333333333334,0.5,0.9299354838709676,0.0,0.5816843756857581,0.6021054696071977,31
Chopin#Etudes_op_10#5#LiA03M.12,,,success,,0.6842105263157894,0.8269005847953217,0.3103448275862069,1.0,0.0,0.5642911877394636,0.6277777777777778,12
Chopin#Etudes_op_10#5#LiA03M.13,,,success,,0.6276595744680851,1.0,0.09722222222222222,0.918813595846802,0.0,0.528739078507422,0.6366182925787218,13
Chopin#Etudes_op_10#5#LiA03M.15,,,conversion_error,conversion_error,0,0,0,0,0,0,0,15
Chopin#Etudes_op_10#5#LiA03M.16,,,success,,0.6889952153110047,1.0,0.6229508196721312,1.0,0.0,0.6623892069966273,0.6722488038277512,16
Chopin#Etudes_op_10#5#LiA03M.19,,,success,,0.7835051546391752,0.9266666666666667,0.5438596491228069,0.975446906515443,0.0,0.6458956753888183,0.6714046819553212,19
Chopin#Etudes_op_10#5#LiA03M.20,,,success,,0.717948717948718,0.8408045977011495,0.5245901639344263,0.9817045961624274,0.0,0.6130096151493443,0.6351144779530737,20
Chopin#Etudes_op_10#5#LiA03M.23,,,success,,0.5714285714285715,0.9423076923076923,0.5483870967741935,0.9885121882880359,0.0,0.6101271097596986,0.6255621130060749,23
Chopin#Etudes_op_10#5#LiA03M.24,,,success,,0.7978723404255319,0.9629629629629629,0.6666666666666666,0.9918032786885246,0.5,0.7838610497487373,0.8131596455192549,24
Chopin#Etudes_op_10#5#LiA03M.33,,,success,,0.6419753086419754,0.8095238095238095,0.1285714285714286,0.8856879933527211,0.0,0.4931517080179869,0.5842967778796264,33
Chopin#Etudes_op_10#5#LiA03M.34,,,success,,0.684931506849315,0.9523809523809522,0.03529411764705882,0.930625728721337,0.0,0.5206464611197326,0.6419845469879011,34
Chopin#Etudes_op_10#5#LiA03M.36,,,success,,0.6451612903225807,0.8788819875776398,0.02777777777777778,0.9096385542168673,0.0,0.4922919219789731,0.6084204580292719,36
Chopin#Etudes_op_10#5#LiA03M.37,,,success,,0.5977011494252874,0.9347826086956522,0.09722222222222222,0.8591829134720702,0.0,0.49777777876304646,0.5979166678982525,37
Chopin#Etudes_op_10#5#LiA03M.52,,,conversion_error,conversion_error,0,0,0,0,0,0,0,52
Chopin#Etudes_op_10#5#LiA03M.53,,,success,,0.5533980582524272,0.933112582781457,0.11111111111111112,0.9054601107131227,0.0,0.5006163725716236,0.5979926879367518,53
Chopin#Etudes_op_10#5#LiA03M.54,,,success,,0.5177664974619289,1.0,0.4827586206896552,1.0,0.0,0.6001050236303168,0.6294416243654822,54
Chopin#Etudes_op_10#5#LiA03M.76,,,conversion_error,conversion_error,0,0,0,0,0,0,0,76
Chopin#Etudes_op_10#5#LiA03M.77,,,success,,0.41818181818181815,0.9285714285714286,0.21333333333333335,0.9434538152610442,0.5,0.600708079069525,0.6975517655035728,77
Chopin#Etudes_op_10#5#LiC02M.12,,,success,,0.5882352941176471,0.9347826086956522,0.11594202898550725,0.985471296952516,0.0,0.5248862457502645,0.6271222999414539,12
Chopin#Etudes_op_10#5#LiC02M.13,,,success,,0.7058823529411765,0.9761904761904763,0.18571428571428572,0.852429640129144,0.0,0.5440433509950166,0.6336256173151993,13
Chopin#Etudes_op_10#5#LiC02M.15,,,success,,0.6169154228855721,1.0,0.5000000000000001,0.9752627531402204,0.0,0.6184356352051584,0.6480445440064481,15
Chopin#Etudes_op_10#5#LiC02M.16,,,success,,0.5550239234449761,1.0,0.5689655172413792,0.9300924628747548,0.0,0.610816380712222,0.6212790965799327,16
Chopin#Etudes_op_10#5#LiC02M.19,,,success,,0.5918367346938775,0.9811320754716981,0.5344827586206896,0.9831085192530975,0.0,0.6181120176078726,0.6390193323546682,19
Chopin#Etudes_op_10#5#LiC02M.20,,,success,,0.5894736842105263,0.9444444444444444,0.6206896551724138,0.979275003371389,0.0,0.6267765574397546,0.6282982830065899,20
Chopin#Etudes_op_10#5#LiC02M.23,,,conversion_error,conversion_error,0,0,0,0,0,0,0,23
Chopin#Etudes_op_10#5#LiC02M.24,,,success,,0.6808510638297872,0.8954248366013072,0.5344827586206896,1.0,0.5,0.7221517318103567,0.7690689751077736,24
Chopin#Etudes_op_10#5#LiC02M.33,,,success,,0.6706586826347305,0.8366013071895425,0.13888888888888887,0.8446518381217175,0.0,0.4981601433669759,0.5879779569864977,33
Chopin#Etudes_op_10#5#LiC02M.34,,,success,,0.6853146853146853,0.9492753623188407,0.07865168539325841,0.9455007530120482,0.0,0.5317484972077665,0.6450227001613935,34
Chopin#Etudes_op_10#5#LiC02M.36,,,success,,0.5942028985507246,0.9230769230769231,0.09411764705882353,0.9779989523310634,0.0,0.5178792842035069,0.6238196934896778,36
Chopin#Etudes_op_10#5#LiC02M.37,,,success,,0.6289308176100629,0.8723404255319149,0.05333333333333334,0.9698795180722892,0.0,0.50489681890952,0.6177876903035667,37
Chopin#Etudes_op_10#5#LiC02M.52,,,success,,0.49484536082474223,1.0,0.0588235294117647,0.946643717728055,0.0,0.5000625215929124,0.6103722696381993,52
Chopin#Etudes_op_10#5#LiC02M.53,,,success,,0.4897959183673469,0.925,0.23076923076923078,0.9484835895305359,0.0,0.5188097477334227,0.5908198769744707,53
Chopin#Etudes_op_10#5#LiC02M.54,,,success,,0.4742268041237113,1.0,0.14705882352941177,0.9288582903040734,0.0,0.5100287835914393,0.6007712736069462,54
Chopin#Etudes_op_10#5#LiC02M.76,,,success,,0.3567567567567567,1.0,0.06097560975609756,0.8886666666666666,0.5,0.5612798066359042,0.6863558558558558,76
Chopin#Etudes_op_10#5#LiC02M.77,,,success,,0.3163265306122449,0.8160919540229886,0.1794871794871795,1.0,0.5,0.5623811328244827,0.6581046211588084,77
Chopin#Etudes_op_10#5#ZhangW03M.12,,,success,,0.5759162303664922,0.8823529411764706,0.3225806451612903,0.9623493975903614,0.0,0.548639842858923,0.605154642283331,12
Chopin#Etudes_op_10#5#ZhangW03M.13,,,success,,0.6354166666666666,0.9197530864197531,0.26153846153846155,0.9057097957045575,0.0,0.5444836020658878,0.6152198871977443,13
Chopin#Etudes_op_10#5#ZhangW03M.15,,,success,,0.5360824742268041,0.88,0.39705882352941174,0.986649299902312,0.0,0.5599581195317056,0.600682943532279,15
Chopin#Etudes_op_10#5#ZhangW03M.16,,,success,,0.4878048780487805,0.9777777777777777,0.0,0.940221022019111,0.0,0.4811607355691338,0.6014509194614173,16
Chopin#Etudes_op_10#5#ZhangW03M.19,,,conversion_error,conversion_error,0,0,0,0,0,0,0,19
Chopin#Etudes_op_10#5#ZhangW03M.20,,,conversion_error,conversion_error,0,0,0,0,0,0,0,20
Chopin#Etudes_op_10#5#ZhangW03M.23,,,success,,0.8602150537634409,1.0,0.631578947368421,0.978657487091222,0.0,0.6940902976446168,0.7097181352136658,23
Chopin#Etudes_op_10#5#ZhangW03M.24,,,success,,0.5591397849462366,0.9523809523809523,0.6229508196721312,1.0,0.5,0.726894311399864,0.7528801843317973,24
Chopin#Etudes_op_10#5#ZhangW03M.33,,,success,,0.6845637583892618,0.9361702127659575,0.06944444444444443,0.9480206540447506,0.0,0.5276398139288829,0.6421886562999924,33
Chopin#Etudes_op_10#5#ZhangW03M.34,,,success,,0.5547445255474452,1.0,0.0,1.0,0.0,0.510948905109489,0.6386861313868613,34
Chopin#Etudes_op_10#5#ZhangW03M.36,,,success,,0.6111111111111112,0.8400000000000001,0.04,0.9432013769363167,0.0,0.48686249760948563,0.598578122011857,36
Chopin#Etudes_op_10#5#ZhangW03M.37,,,success,,0.6628571428571428,0.8679245283018867,0.09589041095890412,0.9190487664945496,0.0,0.5091441697224967,0.6124576094133948,37
Chopin#Etudes_op_10#5#ZhangW03M.52,,,success,,0.7298578199052133,0.967741935483871,0.2571428571428572,0.9274194624652456,0.0,0.5764324149994374,0.6562548044635825,52
Chopin#Etudes_op_10#5#ZhangW03M.53,,,success,,0.6633165829145728,0.9590643274853801,0.40625,0.9807692307692307,0.0,0.6018800282338368,0.6507875352922959,53
Chopin#Etudes_op_10#5#ZhangW03M.54,,,success,,0.4577114427860697,1.0,0.05555555555555556,0.9655172413793104,0.0,0.4957568479441871,0.6058071710413451,54
Chopin#Etudes_op_10#5#ZhangW03M.56,,,success,,0.5,1.0,0.3870967741935483,0.985471296952516,0.0,0.5745136142292129,0.621367824238129,56
Chopin#Etudes_op_10#5#ZhangW03M.57,,,conversion_error,conversion_error,0,0,0,0,0,0,0,57
Chopin#Etudes_op_10#5#ZhangW03M.76,,,conversion_error,conversion_error,0,0,0,0,0,0,0,76
Chopin#Etudes_op_10#5#ZhangW03M.77,,,success,,0.45333333333333337,0.8775510204081631,0.22058823529411767,1.0,0.5,0.6102945178071228,0.7077210884353742,77
Chopin#Sonata_2#4th#KaszoS16M.0,,,success,,0.41228070175438597,0.8888888888888888,0.044444444444444446,0.9772727272727273,0.0,0.46457735247208926,0.5696105794790005,0
Chopin#Sonata_2#4th#KaszoS16M.1,,,success,,0.48717948717948717,0.8035714285714286,0.0,0.9644995722840035,0.0,0.4510500976069839,0.5638126220087298,1
Chopin#Sonata_2#4th#KaszoS16M.11,,,timeout,timeout,0,0,0,0,0,0,0,11
Chopin#Sonata_2#4th#KaszoS16M.12,,,timeout,timeout,0,0,0,0,0,0,0,12
Chopin#Sonata_2#4th#KaszoS16M.23,,,success,,0.30357142857142855,0.8181818181818182,0.049999999999999996,0.8997005988023952,0.0,0.4142907691111284,0.5053634613889104,23
Chopin#Sonata_2#4th#KaszoS16M.24,,,success,,0.3728813559322034,0.8571428571428571,0.011363636363636362,0.9617687701520037,0.0,0.4406313239181401,0.547948245806766,24
Chopin#Sonata_2#4th#KaszoS16M.26,,,conversion_error,conversion_error,0,0,0,0,0,0,0,26
Chopin#Sonata_2#4th#KaszoS16M.27,,,timeout,timeout,0,0,0,0,0,0,0,27
Chopin#Sonata_2#4th#KaszoS16M.28,,,timeout,timeout,0,0,0,0,0,0,0,28
Chopin#Sonata_2#4th#KaszoS16M.30,,,success,,0.4035874439461883,0.9302325581395349,0.0410958904109589,0.8772455089820359,0.0,0.45043228029574356,0.5527663777669398,30
Chopin#Sonata_2#4th#KaszoS16M.31,,,success,,0.319634703196347,0.7058823529411765,0.10526315789473684,0.8071856287425149,0.0,0.38759316855495507,0.4581756712200096,31
Chopin#Sonata_2#4th#KaszoS16M.32,,,success,,0.3619909502262443,0.631578947368421,0.0,1.0,0.0,0.39871397951893306,0.4983924743986663,32
Chopin#Sonata_2#4th#KaszoS16M.34,,,timeout,timeout,0,0,0,0,0,0,0,34
Chopin#Sonata_2#4th#KaszoS16M.35,,,success,,0.36866359447004604,0.9736842105263158,0.01212121212121212,0.875374251497006,0.0,0.44596865372291605,0.5544305141233419,35
Chopin#Sonata_2#4th#KaszoS16M.37,,,success,,0.4894514767932489,0.9464285714285714,0.1506849315068493,1.0,0.0,0.517312995945734,0.6089700120554551,37
Chopin#Sonata_2#4th#KaszoS16M.38,,,success,,0.3835616438356164,0.6097560975609756,0.03333333333333333,1.0,0.0,0.4053302149459851,0.498329435349148,38
Chopin#Sonata_2#4th#KaszoS16M.49,,,conversion_error,conversion_error,0,0,0,0,0,0,0,49
Chopin#Sonata_2#4th#KaszoS16M.50,,,conversion_error,conversion_error,0,0,0,0,0,0,0,50
Chopin#Sonata_2#4th#KaszoS16M.52,,,success,,0.4789915966386555,0.8363636363636363,0.15277777777777782,0.96875,0.0,0.4873766021560139,0.5710263082505729,52
Chopin#Sonata_2#4th#KaszoS16M.53,,,conversion_error,conversion_error,0,0,0,0,0,0,0,53
Chopin#Sonata_2#4th#KaszoS16M.55,,,conversion_error,conversion_error,0,0,0,0,0,0,0,55
Chopin#Sonata_2#4th#KaszoS16M.56,,,conversion_error,conversion_error,0,0,0,0,0,0,0,56
Chopin#Sonata_2#4th#KaszoS16M.58,,,conversion_error,conversion_error,0,0,0,0,0,0,0,58
Chopin#Sonata_2#4th#KaszoS16M.59,,,timeout,timeout,0,0,0,0,0,0,0,59
Chopin#Sonata_2#4th#KaszoS16M.61,,,timeout,timeout,0,0,0,0,0,0,0,61
Chopin#Sonata_2#4th#KaszoS16M.62,,,conversion_error,conversion_error,0,0,0,0,0,0,0,62
Chopin#Sonata_2#4th#KaszoS16M.64,,,success,,0.25339366515837103,0.6923076923076923,0.0,0.9166666666666666,0.0,0.372473604826546,0.4655920060331825,64
Chopin#Sonata_2#4th#KaszoS16M.65,,,success,,0.36363636363636365,0.875,0.015267175572519083,1.0,1.0,0.6507807078417767,0.8096590909090909,65
Chopin#Sonata_2#4th#KaszoS16M.67,,,timeout,timeout,0,0,0,0,0,0,0,67
Chopin#Sonata_2#4th#KaszoS16M.68,,,success,,0.422680412371134,0.7,0.1139240506329114,1.0,0.0,0.4473208926008091,0.5306701030927835,68
Chopin#Sonata_2#4th#KaszoS16M.70,,,success,,0.37714285714285717,0.6129032258064516,0.011627906976744186,0.9169161676646707,0.0,0.3837180315181447,0.47674056265349485,70
Chopin#Sonata_2#4th#KaszoS16M.71,,,success,,0.3483870967741935,0.8461538461538461,0.022988505747126436,0.937874251497006,0.0,0.4310807400344344,0.5331037986062614,71
Haydn#Keyboard_Sonatas#50-1_no_repeat#GalantM02M.129,,,success,,0.8411214953271028,0.9732142857142856,0.6666666666666666,0.991869918699187,1.0,0.8945744732814482,0.9515514249351438,129
Haydn#Keyboard_Sonatas#50-1_no_repeat#GalantM02M.130,,,success,,0.8409893992932863,1.0,0.6476190476190475,0.9912280701754386,1.0,0.8959673034175545,0.9580543673671813,130
Haydn#Keyboard_Sonatas#50-1_no_repeat#GalantM02M.132,,,success,,0.9479166666666667,0.8996212121212122,0.6666666666666666,0.9910714285714286,1.0,0.9010551948051948,0.9596523268398269,132
Haydn#Keyboard_Sonatas#50-1_no_repeat#GalantM02M.135,,,success,,0.6074074074074074,0.9841269841269842,0.4099999999999999,0.9915824915824916,1.0,0.7986233766233767,0.8957792207792208,135
Haydn#Keyboard_Sonatas#50-1_no_repeat#GalantM02M.136,,,success,,0.6622950819672131,0.8780487804878048,0.26666666666666666,0.9883076923076924,1.0,0.7590636442858754,0.8821628886906776,136
Haydn#Keyboard_Sonatas#50-1_no_repeat#GalantM02M.14,,,success,,0.5267857142857143,0.6842105263157895,0.36,0.8987058823529412,1.0,0.6939404245908889,0.7774255307386113,14
Haydn#Keyboard_Sonatas#50-1_no_repeat#GalantM02M.16,,,success,,0.5301204819277109,0.847457627118644,0.15238095238095237,0.9309787234042554,1.0,0.6921875569663125,0.8271392081126525,16
Haydn#Keyboard_Sonatas#50-1_no_repeat#GalantM02M.17,,,success,,0.7234042553191489,0.875,0.5098039215686274,0.9117647058823529,1.0,0.8039945765540258,0.8775422403003754,17
Haydn#Keyboard_Sonatas#50-1_no_repeat#GalantM02M.26,,,success,,0.7375886524822695,0.92,0.4313725490196078,0.9094782608695652,0.5,0.6996878924742884,0.7667667283379587,26
Haydn#Keyboard_Sonatas#50-1_no_repeat#GalantM02M.27,,,success,,0.6713286713286714,0.8100775193798451,0.45098039215686286,0.9243636363636364,0.5,0.6713500438458031,0.7264424567680382,27
Haydn#Keyboard_Sonatas#50-1_no_repeat#GalantM02M.34,,,success,,0.6521739130434784,1.0,0.5436893203883495,0.9852658227848101,1.0,0.8362258112433276,0.9093599339570722,34
Haydn#Keyboard_Sonatas#50-1_no_repeat#GalantM02M.36,,,success,,0.9253731343283582,0.862689393939394,0.5882352941176471,0.9877037037037036,1.0,0.8728003052178206,0.9439415579928639,36
Haydn#Keyboard_Sonatas#50-1_no_repeat#GalantM02M.66,,,success,,0.8761061946902655,0.9693877551020408,0.6666666666666666,1.0,0.0,0.7024321232917946,0.7113734874480766,66
Haydn#Keyboard_Sonatas#50-1_no_repeat#GalantM02M.69,,,success,,0.7563025210084033,0.8528138528138529,0.3888888888888889,0.9852941176470589,0.0,0.5966598760716408,0.6486026228673287,69
Haydn#Keyboard_Sonatas#50-1_no_repeat#GalantM02M.74,,,success,,0.7070707070707072,0.9716049382716049,0.3142857142857143,0.7708333333333334,1.0,0.7527589385922719,0.8623772446689114,74
Haydn#Keyboard_Sonatas#50-1_no_repeat#GalantM02M.80,,,success,,0.9306930693069307,0.9412878787878788,0.6666666666666666,0.9803370786516854,0.5,0.8037969386826322,0.8380795066866238,80
Haydn#Keyboard_Sonatas#50-1_no_repeat#GalantM02M.83,,,success,,0.8246445497630331,0.92989417989418,0.6296296296296297,0.9938271604938271,1.0,0.875599103956134,0.93709147253776,83
Haydn#Keyboard_Sonatas#50-1_no_repeat#GalantM02M.98,,,success,,0.6573426573426574,0.90625,0.37254901960784315,0.734375,1.0,0.7341033353901001,0.8244919143356644,98
Haydn#Keyboard_Sonatas#50-1_no_repeat#GalantM02M.99,,,timeout,timeout,0,0,0,0,0,0,0,99
Haydn#Keyboard_Sonatas#50-1_no_repeat#HamSY02M.129,,,success,,0.6584615384615384,0.984375,0.6071428571428571,0.9945652173913043,1.0,0.84890892259914,0.9093504389632107,129
Haydn#Keyboard_Sonatas#50-1_no_repeat#HamSY02M.130,,,success,,0.7368421052631579,0.9895833333333334,0.5283018867924528,0.9796888888888888,1.0,0.8468832428555666,0.926528581871345,130
Haydn#Keyboard_Sonatas#50-1_no_repeat#HamSY02M.132,,,success,,0.8399999999999999,0.9588477366255144,0.6476190476190475,1.0,1.0,0.8892933568489123,0.9497119341563786,132
Haydn#Keyboard_Sonatas#50-1_no_repeat#HamSY02M.135,,,success,,0.6538461538461539,0.9537037037037036,0.45714285714285713,0.9784330047462577,1.0,0.8086251438877945,0.8964957155740287,135
Haydn#Keyboard_Sonatas#50-1_no_repeat#HamSY02M.136,,,success,,0.5874125874125874,0.9375,0.2592592592592593,0.9769230769230769,1.0,0.7522189847189847,0.8754589160839161,136
Haydn#Keyboard_Sonatas#50-1_no_repeat#HamSY02M.14,,,success,,0.5228215767634854,0.771604938271605,0.3,0.853837037037037,1.0,0.6896527104144254,0.7870658880180319,14
Haydn#Keyboard_Sonatas#50-1_no_repeat#HamSY02M.16,,,success,,0.6194690265486725,0.8059701492537314,0.14705882352941177,0.9225833333333333,1.0,0.6990162665330298,0.8370056272839344,16
Haydn#Keyboard_Sonatas#50-1_no_repeat#HamSY02M.17,,,success,,0.7031963470319634,0.9666666666666666,0.18627450980392157,0.9619428571428571,1.0,0.7636160761290818,0.9079514677103718,17
Haydn#Keyboard_Sonatas#50-1_no_repeat#HamSY02M.26,,,success,,0.8225806451612904,0.8775510204081631,0.38000000000000006,0.9069767441860465,1.0,0.7974216819511,0.901777102438875,26
Haydn#Keyboard_Sonatas#50-1_no_repeat#HamSY02M.27,,,success,,0.8095238095238096,0.7248062015503874,0.4607843137254902,0.884375,1.0,0.7758978649599374,0.8546762527685493,27
Haydn#Keyboard_Sonatas#50-1_no_repeat#HamSY02M.34,,,success,,0.6402877697841727,0.9477911646586344,0.4607843137254902,0.963470588235294,1.0,0.8024667672807183,0.8878873806695252,34
Haydn#Keyboard_Sonatas#50-1_no_repeat#HamSY02M.36,,,success,,0.9,0.857843137254902,0.6666666666666666,0.9933333333333333,1.0,0.8835686274509804,0.9377941176470588,36
Haydn#Keyboard_Sonatas#50-1_no_repeat#HamSY02M.66,,,success,,0.8407079646017699,1.0,0.6666666666666666,0.9915730337078652,0.0,0.6997895329952604,0.7080702495774087,66
Haydn#Keyboard_Sonatas#50-1_no_repeat#HamSY02M.69,,,success,,0.8346456692913385,0.8257575757575757,0.36190476190476184,0.93125,0.0,0.5907116013907352,0.6479133112622285,69
Haydn#Keyboard_Sonatas#50-1_no_repeat#HamSY02M.74,,,success,,0.6054054054054056,0.9165467625899281,0.40952380952380946,0.7903225806451613,1.0,0.7443597116328609,0.8280686871601237,74
Haydn#Keyboard_Sonatas#50-1_no_repeat#HamSY02M.80,,,success,,0.8768472906403941,0.9759036144578314,0.6666666666666666,0.9791666666666666,0.5,0.7997168476863117,0.832979392941223,80
Haydn#Keyboard_Sonatas#50-1_no_repeat#HamSY02M.83,,,success,,0.7109004739336492,0.9863013698630136,0.6071428571428571,1.0,1.0,0.860868940187904,0.9243004609491657,83
Haydn#Keyboard_Sonatas#50-1_no_repeat#HamSY02M.98,,,success,,0.5882352941176471,0.803030303030303,0.20754716981132076,0.746095238095238,1.0,0.6689816010109018,0.784340208810797,98
Haydn#Keyboard_Sonatas#50-1_no_repeat#HamSY02M.99,,,success,,0.6461538461538463,1.0,0.2156862745098039,0.7315,1.0,0.71866802413273,0.8444134615384615,99
Haydn#Keyboard_Sonatas#50-1_no_repeat#Huang05M.129,,,success,,0.7435897435897436,1.0,0.5294117647058824,1.0,1.0,0.8546003016591251,0.9358974358974359,129
Haydn#Keyboard_Sonatas#50-1_no_repeat#Huang05M.130,,,success,,0.8857142857142857,0.9338006230529595,0.6666666666666666,0.991304347826087,1.0,0.8954971846519998,0.9527048141483331,130
Haydn#Keyboard_Sonatas#50-1_no_repeat#Huang05M.132,,,success,,0.9405940594059405,0.8227360308285164,0.5980392156862745,0.9837662337662337,1.0,0.869027107937393,0.9367740810001727,132
Haydn#Keyboard_Sonatas#50-1_no_repeat#Huang05M.135,,,success,,0.5867507886435331,0.6973684210526316,0.4174757281553398,1.0,1.0,0.740318987570301,0.8210298024240412,135
Haydn#Keyboard_Sonatas#50-1_no_repeat#Huang05M.136,,,success,,0.6191950464396285,0.8860759493670888,0.35238095238095235,0.961038961038961,1.0,0.7637381818453262,0.8665774892114196,136
Haydn#Keyboard_Sonatas#50-1_no_repeat#Huang05M.14,,,success,,0.5258964143426295,0.6153846153846152,0.38,0.8786666666666667,1.0,0.6799895392787823,0.7549869240984779,14
Haydn#Keyboard_Sonatas#50-1_no_repeat#Huang05M.16,,,success,,0.6639004149377593,0.7647058823529412,0.42156862745098034,0.9166896551724137,1.0,0.7533729159828189,0.8363239881157786,16
Haydn#Keyboard_Sonatas#50-1_no_repeat#Huang05M.17,,,success,,0.6964285714285713,0.8873239436619719,0.4313725490196078,0.9499047619047619,1.0,0.7930059652029826,0.8834143192488263,17
Haydn#Keyboard_Sonatas#50-1_no_repeat#Huang05M.26,,,success,,0.7702702702702703,0.8703703703703703,0.5,0.87664,1.0,0.803456128128128,0.8793201601601601,26
Haydn#Keyboard_Sonatas#50-1_no_repeat#Huang05M.27,,,success,,0.567741935483871,0.825,0.10784313725490195,0.8498181818181818,1.0,0.6700806509113909,0.8106400293255132,27
Haydn#Keyboard_Sonatas#50-1_no_repeat#Huang05M.34,,,success,,0.767123287671233,0.9526315789473683,0.6666666666666666,0.995049504950495,1.0,0.8762942076471525,0.9287010928922741,34
Haydn#Keyboard_Sonatas#50-1_no_repeat#Huang05M.36,,,success,,0.7623762376237624,1.0,0.6476190476190475,1.0,1.0,0.8819990570485621,0.9405940594059405,36
Haydn#Keyboard_Sonatas#50-1_no_repeat#Huang05M.66,,,success,,0.861111111111111,0.967391304347826,0.6285714285714286,0.9939759036144579,0.0,0.6902099495289648,0.7056195797683488,66
Haydn#Keyboard_Sonatas#50-1_no_repeat#Huang05M.69,,,success,,0.890625,0.9042553191489362,0.5050505050505051,0.905,0.0,0.6409861648398882,0.674970079787234,69
Haydn#Keyboard_Sonatas#50-1_no_repeat#Huang05M.74,,,success,,0.6666666666666666,0.7761006289308177,0.5145631067961165,0.7109375,1.0,0.7336535804787202,0.788426198899371,74
Haydn#Keyboard_Sonatas#50-1_no_repeat#Huang05M.80,,,success,,0.8390243902439024,0.975,0.6666666666666666,0.9430379746835443,0.5,0.7847458063188226,0.8142655912318617,80
Haydn#Keyboard_Sonatas#50-1_no_repeat#Huang05M.83,,,success,,0.9473684210526315,0.9198501872659176,0.6666666666666666,0.9722222222222222,1.0,0.9012214994414876,0.9598602076351929,83
Haydn#Keyboard_Sonatas#50-1_no_repeat#Huang05M.98,,,success,,0.6538461538461537,0.9279761904761905,0.2621359223300971,0.75,1.0,0.7187916533304882,0.8329555860805861,98
Haydn#Keyboard_Sonatas#50-1_no_repeat#Huang05M.99,,,success,,0.6571428571428573,1.0,0.3300970873786408,0.72925,1.0,0.7432979889042997,0.8465982142857142,99
Haydn#Keyboard_Sonatas#50-1_no_repeat#JeonH03M.129,,,conversion_error,conversion_error,0,0,0,0,0,0,0,129
Haydn#Keyboard_Sonatas#50-1_no_repeat#JeonH03M.130,,,conversion_error,conversion_error,0,0,0,0,0,0,0,130
Haydn#Keyboard_Sonatas#50-1_no_repeat#JeonH03M.132,,,success,,0.9509803921568627,0.8034420289855071,0.6666666666666666,1.0,1.0,0.8842178175618074,0.9386056052855924,132
Haydn#Keyboard_Sonatas#50-1_no_repeat#JeonH03M.135,,,success,,0.6434108527131784,0.8985507246376812,0.34259259259259256,0.9938461538461537,1.0,0.7756800647579212,0.8839519327992533,135
Haydn#Keyboard_Sonatas#50-1_no_repeat#JeonH03M.136,,,conversion_error,conversion_error,0,0,0,0,0,0,0,136
Haydn#Keyboard_Sonatas#50-1_no_repeat#JeonH03M.14,,,success,,0.5818181818181819,0.7000000000000001,0.20618556701030927,0.9862222222222221,1.0,0.6948451942101427,0.817010101010101,14
Haydn#Keyboard_Sonatas#50-1_no_repeat#JeonH03M.16,,,success,,0.75,0.8497652582159624,0.37254901960784315,0.8529552238805971,1.0,0.7650539003408806,0.8631801205241398,16
Haydn#Keyboard_Sonatas#50-1_no_repeat#JeonH03M.17,,,success,,0.8557213930348259,0.9037558685446011,0.4117647058823529,0.88896,1.0,0.8120403934923559,0.9121093153948567,17
Haydn#Keyboard_Sonatas#50-1_no_repeat#JeonH03M.26,,,success,,0.8142857142857143,0.8909090909090909,0.4757281553398059,0.9117647058823529,0.5,0.7185375332833928,0.7792398777692895,26
Haydn#Keyboard_Sonatas#50-1_no_repeat#JeonH03M.27,,,success,,0.8029197080291971,0.7391304347826085,0.5,0.825,0.5,0.6734100285623612,0.7167625357029515,27
Haydn#Keyboard_Sonatas#50-1_no_repeat#JeonH03M.34,,,success,,0.6666666666666666,0.9784313725490197,0.1650485436893204,0.9816296296296296,1.0,0.7583552425069272,0.906681917211329,34
Haydn#Keyboard_Sonatas#50-1_no_repeat#JeonH03M.36,,,success,,0.98,0.8487318840579711,0.6666666666666666,0.9943181818181818,1.0,0.8979433465085638,0.9557625164690382,36
Haydn#Keyboard_Sonatas#50-1_no_repeat#JeonH03M.66,,,success,,0.7839195979899497,1.0,0.49019607843137264,0.9852941176470589,0.0,0.6518819588136762,0.6923034289092521,66
Haydn#Keyboard_Sonatas#50-1_no_repeat#JeonH03M.74,,,success,,0.6772486772486772,0.873076923076923,0.3518518518518518,0.7017894736842105,1.0,0.7207933851723325,0.8130287685024526,74
Haydn#Keyboard_Sonatas#50-1_no_repeat#JeonH03M.80,,,success,,0.912621359223301,0.9883720930232558,0.6666666666666666,0.989010989010989,0.5,0.8113342215848425,0.8475011103143865,80
Haydn#Keyboard_Sonatas#50-1_no_repeat#JeonH03M.83,,,success,,0.776255707762557,0.9477911646586344,0.6296296296296297,1.0,1.0,0.8707353004101641,0.9310117181052979,83
Haydn#Keyboard_Sonatas#50-1_no_repeat#JeonH03M.99,,,success,,0.656934306569343,1.0,0.16666666666666666,0.7744705882352941,1.0,0.7196143122942608,0.8578512237011593,99
Haydn#Keyboard_Sonatas#50-1_no_repeat#KARYAG06M.129,,,success,,0.8427672955974843,0.9724770642201835,0.6666666666666666,0.95,1.0,0.8863822052968668,0.941311089954417,129
Haydn#Keyboard_Sonatas#50-1_no_repeat#KARYAG06M.130,,,success,,0.9403508771929825,0.9290123456790124,0.6666666666666666,0.9603174603174603,1.0,0.8992694699712244,0.9574201707973639,130
Haydn#Keyboard_Sonatas#50-1_no_repeat#KARYAG06M.132,,,success,,0.8720379146919431,0.739463601532567,0.6666666666666666,0.9785714285714285,1.0,0.8513479222925211,0.8975182361989846,132
Haydn#Keyboard_Sonatas#50-1_no_repeat#KARYAG06M.135,,,success,,0.5333333333333332,0.6461538461538462,0.37254901960784315,0.936972972972973,1.0,0.6978018344135991,0.779115038115038,135
Haydn#Keyboard_Sonatas#50-1_no_repeat#KARYAG06M.136,,,success,,0.5828220858895705,0.8783783783783784,0.28571428571428575,0.9421866448846232,1.0,0.7378202789733715,0.850846777288143,136
Haydn#Keyboard_Sonatas#50-1_no_repeat#KARYAG06M.14,,,success,,0.596638655462185,0.7166666666666667,0.31313131313131315,0.9202499999999999,1.0,0.7093373270520329,0.8083888305322129,14
Haydn#Keyboard_Sonatas#50-1_no_repeat#KARYAG06M.16,,,success,,0.7560975609756098,0.8472222222222222,0.49019607843137264,0.8465753424657534,1.0,0.7880182408189915,0.8624737814158963,16
Haydn#Keyboard_Sonatas#50-1_no_repeat#KARYAG06M.17,,,success,,0.8018018018018019,0.92,0.4607843137254902,0.8596842105263157,1.0,0.8084540652107215,0.8953715030820294,17
Haydn#Keyboard_Sonatas#50-1_no_repeat#KARYAG06M.26,,,success,,0.8079470198675497,0.8477011494252874,0.504424778761062,0.92104,1.0,0.8162225896107799,0.8941720423232092,26
Haydn#Keyboard_Sonatas#50-1_no_repeat#KARYAG06M.27,,,success,,0.5211267605633803,0.7990196078431373,0.3773584905660377,0.8151111111111112,1.0,0.7025231940167334,0.7838143698794072,27
Haydn#Keyboard_Sonatas#50-1_no_repeat#KARYAG06M.34,,,success,,0.8802816901408451,0.9404761904761906,0.6666666666666666,0.9780701754385965,1.0,0.8930989445444597,0.9497070140139081,34
Haydn#Keyboard_Sonatas#50-1_no_repeat#KARYAG06M.36,,,success,,0.8100000000000002,0.9871794871794872,0.6476190476190475,1.0,1.0,0.8889597069597069,0.9492948717948718,36
Haydn#Keyboard_Sonatas#50-1_no_repeat#KARYAG06M.66,,,success,,0.8411214953271028,0.9662921348314607,0.5714285714285715,1.0,0.0,0.675768440317427,0.7018534075396409,66
Haydn#Keyboard_Sonatas#50-1_no_repeat#KARYAG06M.69,,,success,,0.8396946564885497,0.9326241134751772,0.606060606060606,0.9601063829787234,0.0,0.6676971518006113,0.6831062882356126,69
Haydn#Keyboard_Sonatas#50-1_no_repeat#KARYAG06M.74,,,success,,0.5585585585585586,0.783625730994152,0.33980582524271846,0.9047619047619048,1.0,0.7173504039114669,0.8117365485786538,74
Haydn#Keyboard_Sonatas#50-1_no_repeat#KARYAG06M.80,,,success,,0.8258706467661691,0.9875,0.6666666666666666,0.9903846153846154,0.5,0.7940843857634902,0.8259388155376961,80
Haydn#Keyboard_Sonatas#50-1_no_repeat#KARYAG06M.83,,,success,,0.8476190476190476,0.9352941176470588,0.5619047619047619,0.9813000000000001,1.0,0.8652235854341737,0.9410532913165266,83
Haydn#Keyboard_Sonatas#50-1_no_repeat#KARYAG06M.98,,,success,,0.6012269938650308,0.7903225806451611,0.09708737864077668,0.6887368421052631,1.0,0.6354747590512464,0.7700716041538638,98
Haydn#Keyboard_Sonatas#50-1_no_repeat#KARYAG06M.99,,,success,,0.6164383561643835,1.0,0.2843137254901961,0.6714285714285714,1.0,0.7144361306166302,0.8219667318982387,99
Haydn#Keyboard_Sonatas#50-1_no_repeat#Shi07M.129,,,success,,0.8051118210862621,1.0,0.5392156862745098,0.9783652173913043,1.0,0.8645385449504153,0.9458692596193916,129
Haydn#Keyboard_Sonatas#50-1_no_repeat#Shi07M.130,,,success,,0.7453874538745388,1.0,0.4951456310679612,0.9788085106382979,1.0,0.8438683191161596,0.9310489911282092,130
Haydn#Keyboard_Sonatas#50-1_no_repeat#Shi07M.132,,,success,,0.8995215311004784,0.7919075144508672,0.6666666666666666,1.0,1.0,0.8716191424436024,0.9228572613878364,132
Haydn#Keyboard_Sonatas#50-1_no_repeat#Shi07M.135,,,success,,0.708955223880597,0.8574561403508771,0.3235294117647059,0.9863283582089553,1.0,0.7752538268410271,0.8881849306101073,135
Haydn#Keyboard_Sonatas#50-1_no_repeat#Shi07M.136,,,success,,0.6421404682274248,0.8999999999999999,0.2952380952380952,0.9331515151515152,1.0,0.754106015723407,0.868822995844735,136
Haydn#Keyboard_Sonatas#50-1_no_repeat#Shi07M.14,,,success,,0.5739130434782609,0.6302083333333334,0.35000000000000003,0.8959333333333334,1.0,0.6900109420289855,0.7750136775362318,14
Haydn#Keyboard_Sonatas#50-1_no_repeat#Shi07M.16,,,success,,0.6204081632653061,0.8380952380952382,0.2156862745098039,0.9333333333333333,1.0,0.7215046018407363,0.8479591836734695,16
Haydn#Keyboard_Sonatas#50-1_no_repeat#Shi07M.17,,,success,,0.7387387387387387,0.857487922705314,0.5196078431372549,0.895875,1.0,0.8023419009162616,0.8730254153610132,17
Haydn#Keyboard_Sonatas#50-1_no_repeat#Shi07M.26,,,success,,0.9197080291970804,0.864406779661017,0.5686274509803922,0.9423076923076923,0.5,0.7590099904292364,0.8066056252914474,26
Haydn#Keyboard_Sonatas#50-1_no_repeat#Shi07M.27,,,success,,0.7969924812030075,0.8000000000000002,0.48571428571428577,0.8421052631578947,0.5,0.6849624060150376,0.7347744360902255,27
Haydn#Keyboard_Sonatas#50-1_no_repeat#Shi07M.34,,,success,,0.7323943661971831,0.9355670103092784,0.4803921568627451,0.9655632183908045,1.0,0.8227833503520022,0.9083811487243165,34
Haydn#Keyboard_Sonatas#50-1_no_repeat#Shi07M.36,,,success,,0.693069306930693,0.8970588235294118,0.5,0.9824561403508771,1.0,0.8145168541621963,0.8931460677027455,36
Haydn#Keyboard_Sonatas#50-1_no_repeat#Shi07M.66,,,success,,0.8981481481481483,0.96875,0.5784313725490197,0.9886818181818181,0.0,0.6868022677757972,0.7138949915824916,66
Haydn#Keyboard_Sonatas#50-1_no_repeat#Shi07M.74,,,success,,0.5465116279069767,0.925,0.24761904761904763,0.6826666666666666,1.0,0.6803594684385381,0.7885445736434108,74
Haydn#Keyboard_Sonatas#50-1_no_repeat#Shi07M.80,,,success,,0.9019607843137256,0.9745098039215686,0.6666666666666666,0.9913793103448276,0.5,0.8069033130493576,0.8419624746450305,80
Haydn#Keyboard_Sonatas#50-1_no_repeat#Shi07M.83,,,success,,0.9142857142857143,0.9142857142857143,0.6476190476190475,0.9941176470588236,1.0,0.8940616246498599,0.955672268907563,83
Haydn#Keyboard_Sonatas#50-1_no_repeat#Shi07M.98,,,success,,0.6540880503144654,0.84375,0.2641509433962264,0.8388387096774194,1.0,0.7201655406776222,0.8341691899979712,98
Haydn#Keyboard_Sonatas#50-1_no_repeat#Shi07M.99,,,success,,0.593103448275862,1.0,0.2169811320754717,0.6768000000000001,1.0,0.6973769160702668,0.8174758620689655,99
Haydn#Keyboard_Sonatas#50-1_no_repeat#YoungS02M.129,,,success,,0.871473354231975,0.9724770642201835,0.6666666666666666,0.9921259842519685,1.0,0.9005486138741589,0.9590191006760318,129
Haydn#Keyboard_Sonatas#50-1_no_repeat#YoungS02M.130,,,success,,0.9052631578947369,0.890224358974359,0.6666666666666666,0.9824561403508771,1.0,0.8889220647773278,0.9444859143049933,130
Haydn#Keyboard_Sonatas#50-1_no_repeat#YoungS02M.132,,,success,,0.9538461538461539,0.8689138576779027,0.6666666666666666,0.9939759036144579,1.0,0.8966805163610362,0.9541839787846286,132
Haydn#Keyboard_Sonatas#50-1_no_repeat#YoungS02M.135,,,success,,0.6466165413533834,0.7534246575342465,0.3786407766990291,0.9716981132075472,1.0,0.7500760177588413,0.8429348280237943,135
Haydn#Keyboard_Sonatas#50-1_no_repeat#YoungS02M.136,,,success,,0.6689655172413792,0.9541666666666667,0.2592592592592593,0.9722222222222222,1.0,0.7709227330779055,0.898838601532567,136
Haydn#Keyboard_Sonatas#50-1_no_repeat#YoungS02M.14,,,success,,0.611353711790393,0.7258064516129032,0.29292929292929293,0.9311836734693878,1.0,0.7122546259603953,0.817085959218171,14
Haydn#Keyboard_Sonatas#50-1_no_repeat#YoungS02M.16,,,success,,0.6175115207373272,0.9011299435028247,0.14563106796116507,0.9309787234042551,1.0,0.7190502511211144,0.8624050469111018,16
Haydn#Keyboard_Sonatas#50-1_no_repeat#YoungS02M.17,,,success,,0.7363184079601991,1.0,0.29126213592233013,0.9660606060606061,1.0,0.7987282299886271,0.9255947535052014,17
Haydn#Keyboard_Sonatas#50-1_no_repeat#YoungS02M.26,,,success,,0.8062015503875968,0.8809523809523808,0.21000000000000002,0.9594146341463414,0.5,0.6713137130972637,0.7866421413715797,26
Haydn#Keyboard_Sonatas#50-1_no_repeat#YoungS02M.27,,,success,,0.7903225806451613,0.7541666666666665,0.3980582524271844,0.8333333333333334,0.5,0.6551761666144691,0.7194556451612903,27
Haydn#Keyboard_Sonatas#50-1_no_repeat#YoungS02M.34,,,success,,0.8357142857142856,1.0,0.4951456310679612,0.9938518518518519,1.0,0.8649423537268198,0.9573915343915343,34
Haydn#Keyboard_Sonatas#50-1_no_repeat#YoungS02M.36,,,success,,0.9162561576354681,0.8670411985018727,0.6666666666666666,1.0,1.0,0.8899928045608014,0.9458243390343352,36
Haydn#Keyboard_Sonatas#50-1_no_repeat#YoungS02M.66,,,success,,0.9622641509433962,0.9702970297029703,0.6666666666666666,1.0,0.0,0.7198455694626066,0.7331402951615916,66
Haydn#Keyboard_Sonatas#50-1_no_repeat#YoungS02M.69,,,success,,0.828125,0.9304029304029303,0.3333333333333333,0.9308510638297872,0.0,0.6045424655132102,0.6723447485581794,69
Haydn#Keyboard_Sonatas#50-1_no_repeat#YoungS02M.74,,,success,,0.6745562130177515,0.9680555555555556,0.4117647058823529,0.9375,1.0,0.798375294891132,0.8950279421433267,74
Haydn#Keyboard_Sonatas#50-1_no_repeat#YoungS02M.80,,,success,,0.9029126213592235,0.9743589743589745,0.6666666666666666,0.9885057471264368,0.5,0.8064888019022602,0.8414443357111586,80
Haydn#Keyboard_Sonatas#50-1_no_repeat#YoungS02M.83,,,success,,0.9333333333333335,0.9081081081081079,0.6666666666666666,0.9883720930232558,1.0,0.8992960402262729,0.9574533836161743,83
Haydn#Keyboard_Sonatas#50-1_no_repeat#YoungS02M.99,,,success,,0.7586206896551724,1.0,0.2547169811320755,0.741872340425532,1.0,0.751042002242556,0.8751232575201761,99
Liszt#Concert_Etude_S145#1#Kleisen06M.78,,,success,,0.22962962962962963,0.33333333333333337,0.0,0.875,0.0,0.28759259259259257,0.3594907407407407,78
Liszt#Concert_Etude_S145#1#Woo06M.78,,,timeout,timeout,0,0,0,0,0,0,0,78
Liszt#Gran_Etudes_de_Paganini#6_Theme_and_Variations#WangA07M.108,,,conversion_error,conversion_error,0,0,0,0,0,0,0,108
Liszt#Gran_Etudes_de_Paganini#6_Theme_and_Variations#WangA07M.109,,,success,,0.32894736842105265,0.5,0.19999999999999998,1.0,1.0,0.6057894736842104,0.7072368421052632,109
Liszt#Gran_Etudes_de_Paganini#6_Theme_and_Variations#WangA07M.111,,,success,,0.304093567251462,0.7777777777777778,0.08695652173913043,0.75,1.0,0.5837655733536741,0.70796783625731,111
Liszt#Gran_Etudes_de_Paganini#6_Theme_and_Variations#WangA07M.112,,,success,,0.30434782608695654,0.9090909090909091,0.042253521126760556,0.9663999999999999,1.0,0.6444184512609252,0.7949596837944664,112
Liszt#Gran_Etudes_de_Paganini#6_Theme_and_Variations#WangA07M.113,,,success,,0.3377777777777778,0.8333333333333334,0.22058823529411767,0.9455384615384615,1.0,0.6674475615887381,0.7791623931623932,113
Liszt#Gran_Etudes_de_Paganini#6_Theme_and_Variations#WangA07M.115,,,success,,0.48962655601659755,1.0,0.2786885245901639,0.9246495726495727,1.0,0.7385929306512669,0.8535690321665426,115
Liszt#Gran_Etudes_de_Paganini#6_Theme_and_Variations#WangA07M.116,,,success,,0.36601307189542487,0.8693693693693694,0.21311475409836067,0.9447407407407409,1.0,0.6786475872207791,0.7950307955013838,116
Liszt#Gran_Etudes_de_Paganini#6_Theme_and_Variations#WangA07M.117,,,success,,0.424,0.837719298245614,0.3064516129032258,0.9218823529411764,1.0,0.6980106528180032,0.7959004127966975,117
Liszt#Gran_Etudes_de_Paganini#6_Theme_and_Variations#WangA07M.141,,,success,,0.35428571428571426,0.8125000000000001,0.10975609756097561,0.5831428571428571,1.0,0.5719369337979094,0.6874821428571428,141
Liszt#Gran_Etudes_de_Paganini#6_Theme_and_Variations#WangA07M.143,,,success,,0.5326086956521738,0.4230769230769231,0.2916666666666667,0.8119999999999998,1.0,0.6118704570791527,0.6919214046822741,143
Liszt#Gran_Etudes_de_Paganini#6_Theme_and_Variations#WangA07M.144,,,success,,0.5095541401273886,0.7685185185185185,0.27777777777777773,0.7178571428571429,1.0,0.6547415158561656,0.7489824503757625,144
Liszt#Gran_Etudes_de_Paganini#6_Theme_and_Variations#WangA07M.145,,,success,,0.4390243902439025,0.8636363636363636,0.12195121951219512,0.6216666666666667,1.0,0.6092557280118256,0.7310818551367332,145
Liszt#Gran_Etudes_de_Paganini#6_Theme_and_Variations#WangA07M.146,,,success,,0.4848484848484848,0.7297297297297299,0.18055555555555552,0.7668235294117647,1.0,0.6323914599091071,0.7453504359974948,146
Liszt#Gran_Etudes_de_Paganini#6_Theme_and_Variations#WangA07M.147,,,success,,0.4729064039408867,0.5462962962962964,0.2602739726027397,0.7737391304347826,1.0,0.6106431606549411,0.6982354576679914,147
Liszt#Gran_Etudes_de_Paganini#6_Theme_and_Variations#WangA07M.149,,,success,,0.5161290322580646,0.34234234234234234,0.23611111111111108,0.6668888888888889,1.0,0.5522942749200814,0.6313400658723239,149
Liszt#Gran_Etudes_de_Paganini#6_Theme_and_Variations#WangA07M.150,,,success,,0.5213675213675214,0.5470085470085472,0.31506849315068497,0.6924999999999999,1.0,0.6151889123053507,0.6902190170940171,150
Liszt#Gran_Etudes_de_Paganini#6_Theme_and_Variations#WangA07M.151,,,success,,0.463768115942029,0.4803921568627451,0.24,0.6194285714285714,1.0,0.5607177688466691,0.6408972110583364,151
Liszt#Gran_Etudes_de_Paganini#6_Theme_and_Variations#WangA07M.152,,,success,,0.4918032786885246,0.47500000000000003,0.24096385542168675,0.6641333333333334,1.0,0.574380093488709,0.6577341530054645,152
Liszt#Gran_Etudes_de_Paganini#6_Theme_and_Variations#WangA07M.154,,,success,,0.4485981308411215,0.5952380952380952,0.07142857142857142,0.5964615384615384,1.0,0.5423452671938653,0.6600744411351888,154
Liszt#Gran_Etudes_de_Paganini#6_Theme_and_Variations#WangA07M.197,,,timeout,timeout,0,0,0,0,0,0,0,197
Liszt#Gran_Etudes_de_Paganini#6_Theme_and_Variations#WangA07M.199,,,success,,0.28940568475452194,0.6325757575757575,0.07216494845360825,1.0,1.0,0.5988292781567776,0.7304953605825699,199
Liszt#Gran_Etudes_de_Paganini#6_Theme_and_Variations#WangA07M.93,,,success,,0.4522613065326634,0.6704761904761904,0.05454545454545455,0.5859310344827586,1.0,0.5526427972074134,0.6771671328729032,93
Liszt#Gran_Etudes_de_Paganini#6_Theme_and_Variations#WangA07M.95,,,success,,0.4055944055944056,0.5555555555555556,0.20588235294117646,0.9230769230769231,0.0,0.41802184743361215,0.4710567210567211,95
Liszt#Gran_Etudes_de_Paganini#6_Theme_and_Variations#WangA07M.96,,,success,,0.47619047619047616,0.4827586206896552,0.2638888888888889,0.96875,1.0,0.6383175971538041,0.7319247742200328,96
Liszt#Gran_Etudes_de_Paganini#6_Theme_and_Variations#WangA07M.97,,,success,,0.5323741007194245,0.6568627450980391,0.21311475409836067,0.9473684210526315,1.0,0.6699440041936912,0.7841513167175238,97
Mozart#Piano_Sonatas#12-1#MunA03M.0,,,success,,0.8674698795180723,0.8489583333333334,0.6666666666666666,0.9833333333333333,0.0,0.6732856425702811,0.6749403865461847,0
Mozart#Piano_Sonatas#12-1#MunA03M.1,,,success,,0.8000000000000002,0.92,0.49696969696969695,0.92,0.5,0.7273939393939395,0.785,1
Mozart#Piano_Sonatas#12-1#MunA03M.100,,,success,,0.7540983606557377,0.8749999999999999,0.43930635838150284,0.8365098039215687,0.5,0.6809829045917619,0.7414020411443266,100
Mozart#Piano_Sonatas#12-1#MunA03M.101,,,success,,0.5517241379310345,0.8722222222222223,0.509090909090909,1.0,0.5,0.6866074538488333,0.7309865900383142,101
Mozart#Piano_Sonatas#12-1#MunA03M.106,,,success,,0.8536585365853658,0.5833333333333334,0.628930817610063,0.9791666666666666,0.0,0.6090178708390858,0.6040396341463414,106
Mozart#Piano_Sonatas#12-1#MunA03M.107,,,success,,0.9462365591397849,0.6488095238095237,0.6666666666666666,1.0,0.0,0.6523425499231951,0.6487615207373272,107
Mozart#Piano_Sonatas#12-1#MunA03M.108,,,success,,0.8888888888888888,0.5989583333333334,0.567741935483871,0.875,0.0,0.5861178315412187,0.5907118055555556,108
Mozart#Piano_Sonatas#12-1#MunA03M.109,,,success,,0.8983050847457625,0.6612903225806451,0.6064516129032258,1.0,0.0,0.6332094040459266,0.6398988518316019,109
Mozart#Piano_Sonatas#12-1#MunA03M.110,,,success,,0.90625,0.7272727272727275,0.6666666666666666,1.0,0.0,0.6600378787878788,0.6583806818181819,110
Mozart#Piano_Sonatas#12-1#MunA03M.112,,,success,,0.8169014084507044,0.71875,0.6666666666666666,1.0,0.0,0.6404636150234742,0.6339128521126761,112
Mozart#Piano_Sonatas#12-1#MunA03M.113,,,success,,0.6891891891891891,0.6666666666666667,0.3393939393939394,0.9166666666666666,0.5,0.6223832923832924,0.6931306306306306,113
Mozart#Piano_Sonatas#12-1#MunA03M.114,,,success,,0.7248322147651006,0.8,0.5217391304347827,0.9523809523809523,0.5,0.6997904595161671,0.7443032917865133,114
Mozart#Piano_Sonatas#12-1#MunA03M.115,,,success,,0.7919463087248322,0.6896551724137931,0.6060606060606061,0.9522857142857143,0.0,0.6079895602969891,0.6084717988560849,115
Mozart#Piano_Sonatas#12-1#MunA03M.117,,,success,,0.802721088435374,0.653846153846154,0.6127167630057804,1.0,0.5,0.7138568010574616,0.739141810570382,117
Mozart#Piano_Sonatas#12-1#MunA03M.118,,,success,,0.7999999999999999,0.8928571428571429,0.48648648648648646,0.749782608695652,1.0,0.7858252476078563,0.8606599378881987,118
Mozart#Piano_Sonatas#12-1#MunA03M.119,,,success,,0.8142857142857143,0.9452380952380953,0.4099378881987578,0.7551020408163265,0.5,0.6849127477077788,0.7536564625850339,119
Mozart#Piano_Sonatas#12-1#MunA03M.120,,,success,,0.7692307692307694,0.9535353535353535,0.39751552795031053,0.9716981132075472,0.5,0.7183959527847962,0.7986160589934175,120
Mozart#Piano_Sonatas#12-1#MunA03M.122,,,success,,0.6478873239436619,0.7294871794871794,0.45962732919254656,1.0,0.5,0.6674003665246776,0.7193436258577104,122
Mozart#Piano_Sonatas#12-1#MunA03M.123,,,success,,0.6923076923076924,0.696124031007752,0.5714285714285714,1.0,0.5,0.6919720589488032,0.7221079308288612,123
Mozart#Piano_Sonatas#12-1#MunA03M.13,,,success,,0.7538461538461538,0.8411458333333333,0.43523316062176165,0.9075555555555557,0.5,0.6875561406713608,0.7506368856837606,13
Mozart#Piano_Sonatas#12-1#MunA03M.14,,,success,,0.773109243697479,0.8333333333333333,0.26347305389221554,0.9854117647058823,0.5,0.671065479125782,0.7729635854341737,14
Mozart#Piano_Sonatas#12-1#MunA03M.141,,,conversion_error,conversion_error,0,0,0,0,0,0,0,141
Mozart#Piano_Sonatas#12-1#MunA03M.142,,,success,,0.6534653465346534,0.706140350877193,0.4804469273743016,1.0,0.5,0.6680105249572296,0.7149014243529616,142
Mozart#Piano_Sonatas#12-1#MunA03M.143,,,success,,0.6722689075630253,0.7916666666666665,0.47904191616766467,1.0,0.5,0.6885954980794713,0.7409838935574229,143
Mozart#Piano_Sonatas#12-1#MunA03M.148,,,success,,0.7252747252747253,0.9457364341085271,0.49710982658959535,0.9230769230769231,0.5,0.7182395818099542,0.7735220206150439,148
Mozart#Piano_Sonatas#12-1#MunA03M.149,,,success,,0.8648648648648649,0.8771929824561404,0.6344827586206897,1.0,0.5,0.775308121188339,0.8105144618302513,149
Mozart#Piano_Sonatas#12-1#MunA03M.15,,,success,,0.6371681415929203,0.7999999999999999,0.26347305389221554,0.9751999999999998,0.5,0.6351682390970271,0.7280920353982301,15
Mozart#Piano_Sonatas#12-1#MunA03M.150,,,success,,0.7356321839080461,0.8599999999999999,0.4357541899441341,0.9386086956521738,0.5,0.6939990139008707,0.758560219890055,150
Mozart#Piano_Sonatas#12-1#MunA03M.151,,,success,,0.702127659574468,0.9202898550724636,0.46706586826347296,0.9688333333333333,0.5,0.7116633432487476,0.7728127119950663,151
Mozart#Piano_Sonatas#12-1#MunA03M.157,,,success,,0.6417910447761194,1.0,0.26347305389221554,0.952848484848485,0.5,0.6716225167033639,0.773659882406151,157
Mozart#Piano_Sonatas#12-1#MunA03M.158,,,success,,0.921875,1.0,0.6666666666666666,0.9766081871345029,0.0,0.7130299707602339,0.7246207967836258,158
Mozart#Piano_Sonatas#12-1#MunA03M.16,,,success,,0.8478260869565217,0.8933333333333333,0.6666666666666666,1.0,0.5,0.7815652173913044,0.8102898550724638,16
Mozart#Piano_Sonatas#12-1#MunA03M.160,,,success,,0.6015037593984963,1.0,0.0855614973262032,0.9511111111111111,0.0,0.5276352735671621,0.6381537176274018,160
Mozart#Piano_Sonatas#12-1#MunA03M.161,,,success,,0.7384615384615385,0.9210526315789473,0.2545454545454545,0.9499999999999998,0.0,0.572811924917188,0.6523785425101214,161
Mozart#Piano_Sonatas#12-1#MunA03M.162,,,success,,0.5909090909090909,0.9166666666666666,0.17142857142857143,0.9255632183908047,0.0,0.5209135094790268,0.6082847439916406,162
Mozart#Piano_Sonatas#12-1#MunA03M.164,,,success,,0.71875,1.0,0.1437125748502994,0.9780588235294119,0.0,0.5681042796759422,0.6742022058823529,164
Mozart#Piano_Sonatas#12-1#MunA03M.165,,,success,,0.8780487804878049,1.0,0.5031446540880502,0.9807692307692307,0.5,0.7723925330690171,0.8397045028142589,165
Mozart#Piano_Sonatas#12-1#MunA03M.166,,,success,,0.7741935483870969,1.0,0.3850931677018633,0.9652093023255813,0.0,0.6248992036829083,0.6848507126781695,166
Mozart#Piano_Sonatas#12-1#MunA03M.17,,,success,,0.7945205479452055,0.9270833333333335,0.5751633986928104,1.0,0.5,0.7593534559942698,0.8054009703196348,17
Mozart#Piano_Sonatas#12-1#MunA03M.18,,,success,,0.7058823529411764,0.631578947368421,0.5028571428571429,0.9705882352941176,0.5,0.6621813356921715,0.7020123839009288,18
Mozart#Piano_Sonatas#12-1#MunA03M.181,,,success,,0.6438356164383562,1.0,0.33532934131736525,0.8489881632084668,0.5,0.6656306241928377,0.7482059449117058,181
Mozart#Piano_Sonatas#12-1#MunA03M.189,,,success,,0.9433962264150944,0.7117117117117118,0.6666666666666666,0.8888888888888888,0.0,0.6421326987364723,0.6359992067539237,189
Mozart#Piano_Sonatas#12-1#MunA03M.190,,,success,,0.9320388349514563,0.6559139784946236,0.6666666666666666,0.8787878787878788,0.0,0.626681471780125,0.6166851730584897,190
Mozart#Piano_Sonatas#12-1#MunA03M.192,,,success,,0.9122807017543859,0.564516129032258,0.6666666666666666,0.6774193548387096,0.0,0.5641765704584041,0.5385540464063384,192
Mozart#Piano_Sonatas#12-1#MunA03M.193,,,success,,0.9285714285714286,0.7931034482758621,0.6666666666666666,0.725,0.0,0.6226683087027916,0.6116687192118226,193
Mozart#Piano_Sonatas#12-1#MunA03M.194,,,success,,0.8771929824561402,0.689655172413793,0.628930817610063,0.6764705882352942,0.0,0.5744499121430581,0.5608296857763069,194
Mozart#Piano_Sonatas#12-1#MunA03M.196,,,success,,0.7633587786259542,0.4482758620689655,0.46060606060606063,0.9230769230769231,0.0,0.5190635248755807,0.5336778909429607,196
Mozart#Piano_Sonatas#12-1#MunA03M.201,,,success,,0.7737226277372262,0.7130952380952382,0.38150289017341044,0.9761904761904762,0.0,0.5689022464392702,0.6157520855057351,201
Mozart#Piano_Sonatas#12-1#MunA03M.25,,,success,,0.7786259541984732,1.0,0.2111801242236025,0.9471219512195123,0.5,0.6873856059283175,0.8064369763544964,25
Mozart#Piano_Sonatas#12-1#MunA03M.26,,,success,,0.6417910447761194,1.0,0.057803468208092484,0.9492916666666666,0.0,0.5297772359301757,0.6477706778606964,26
Mozart#Piano_Sonatas#12-1#MunA03M.27,,,success,,0.7328244274809161,1.0,0.3393939393939394,1.0,0.0,0.6144436733749712,0.6832061068702291,27
Mozart#Piano_Sonatas#12-1#MunA03M.28,,,success,,0.762589928057554,1.0,0.37575757575757573,0.8457446808510638,0.0,0.5968184369332387,0.6520836522271545,28
Mozart#Piano_Sonatas#12-1#MunA03M.30,,,success,,0.624,1.0,0.14857142857142858,0.9111428571428571,0.0,0.5367428571428572,0.6337857142857143,30
Mozart#Piano_Sonatas#12-1#MunA03M.31,,,success,,0.8925619834710744,1.0,0.6666666666666666,0.98,0.0,0.7078457300275482,0.7181404958677686,31
Mozart#Piano_Sonatas#12-1#MunA03M.54,,,success,,0.830188679245283,0.6333333333333334,0.5818181818181818,1.0,0.0,0.6090680388793597,0.6158805031446541,54
Mozart#Piano_Sonatas#12-1#MunA03M.55,,,success,,0.7476635514018692,0.5277777777777779,0.41509433962264153,0.94,0.0,0.5261071337604577,0.5538603322949118,55
Mozart#Piano_Sonatas#12-1#MunA03M.56,,,success,,0.8928571428571428,0.6935483870967741,0.6666666666666666,1.0,0.0,0.6506144393241167,0.6466013824884792,56
Mozart#Piano_Sonatas#12-1#MunA03M.57,,,success,,0.9310344827586207,0.8387096774193549,0.6666666666666666,1.0,0.0,0.6872821653689284,0.6924360400444939,57
Mozart#Piano_Sonatas#12-1#MunA03M.59,,,success,,0.857142857142857,0.65625,0.6666666666666666,0.9487179487179487,0.0,0.6257554945054945,0.6155277014652014,59
Mozart#Piano_Sonatas#12-1#MunA03M.60,,,success,,0.782608695652174,0.5806451612903225,0.6424242424242425,1.0,0.0,0.6011356198733477,0.5908134642356241,60
Mozart#Piano_Sonatas#12-1#MunA03M.61,,,success,,0.8307692307692307,0.5483870967741936,0.6666666666666666,1.0,0.0,0.6091645988420182,0.5947890818858561,61
Mozart#Piano_Sonatas#12-1#MunA03M.62,,,success,,0.787878787878788,0.47701149425287365,0.6666666666666666,1.0,0.0,0.5863113897596657,0.5662225705329154,62
Mozart#Piano_Sonatas#12-1#MunA03M.64,,,success,,0.8175182481751825,0.5215053763440859,0.6666666666666666,1.0,0.0,0.601138058237187,0.5847559061298171,64
Mozart#Piano_Sonatas#12-1#MunA03M.8,,,conversion_error,conversion_error,0,0,0,0,0,0,0,8
Mozart#Piano_Sonatas#12-1#MunA03M.92,,,success,,0.6785714285714285,0.8695652173913044,0.21768707482993196,0.4847272727272728,0.5,0.5501101987039876,0.6332159796725014,92
Mozart#Piano_Sonatas#12-1#MunA03M.93,,,success,,0.6896551724137931,0.8095238095238095,0.4692737430167598,0.9222666666666667,0.5,0.6781438783242059,0.7303614121510673,93
Mozart#Piano_Sonatas#12-1#MunA03M.94,,,success,,0.7741935483870968,0.8444444444444444,0.4804469273743016,0.9167142857142857,0.5,0.7031598411840256,0.7588380696364567,94
Mozart#Piano_Sonatas#12-1#MunA03M.95,,,success,,0.6666666666666667,0.7916666666666666,0.43243243243243246,0.9666666666666667,0.5,0.6714864864864866,0.7312500000000001,95
Mozart#Piano_Sonatas#12-1#MunA03M.96,,,success,,0.8307692307692308,0.6833333333333332,0.5454545454545454,0.7982456140350878,0.5,0.6715605447184394,0.703087044534413,96
Mozart#Piano_Sonatas#12-1#MunA03M.98,,,success,,0.7333333333333333,0.6450980392156863,0.4756756756756757,1.0,0.5,0.6708214096449391,0.7196078431372549,98
Mozart#Piano_Sonatas#12-1#MunA03M.99,,,success,,0.7692307692307693,0.7745098039215687,0.40236686390532544,0.908470588235294,0.5,0.6709156050585915,0.738052790346908,99
Mozart#Piano_Sonatas#12-1#WuuE02M.0,,,success,,0.6835443037974684,0.875,0.6181818181818182,0.9545454545454546,0.0,0.6262543153049482,0.6282724395857308,0
Mozart#Piano_Sonatas#12-1#WuuE02M.1,,,conversion_error,conversion_error,0,0,0,0,0,0,0,1
Mozart#Piano_Sonatas#12-1#WuuE02M.100,,,success,,0.5970149253731343,0.711111111111111,0.21818181818181817,0.9452820512820513,0.5,0.594317981189623,0.6883520219415742,100
Mozart#Piano_Sonatas#12-1#WuuE02M.101,,,conversion_error,conversion_error,0,0,0,0,0,0,0,101
Mozart#Piano_Sonatas#12-1#WuuE02M.106,,,success,,0.9156626506024096,0.782608695652174,0.6666666666666666,1.0,0.0,0.67298760258425,0.6745678365636458,106
Mozart#Piano_Sonatas#12-1#WuuE02M.107,,,success,,0.6526315789473683,0.75,0.47398843930635837,0.8181818181818182,0.0,0.5389603672871089,0.5552033492822966,107
Mozart#Piano_Sonatas#12-1#WuuE02M.108,,,success,,0.819047619047619,0.7756410256410255,0.44848484848484843,0.6818181818181818,0.0,0.5449983349983349,0.5691267066267066,108
Mozart#Piano_Sonatas#12-1#WuuE02M.109,,,success,,0.8,0.9791666666666666,0.4099378881987578,0.6429523809523809,0.0,0.5664113871635611,0.6055297619047619,109
Mozart#Piano_Sonatas#12-1#WuuE02M.110,,,success,,0.912,0.8064516129032259,0.6666666666666666,0.7209302325581395,0.0,0.6212097024256064,0.6098454613653413,110
Mozart#Piano_Sonatas#12-1#WuuE02M.112,,,success,,0.8055555555555556,0.9032258064516129,0.5341614906832298,0.696078431372549,0.0,0.5878042568125894,0.6012149483449294,112
Mozart#Piano_Sonatas#12-1#WuuE02M.113,,,success,,0.7945205479452055,0.7857142857142858,0.578616352201258,0.782608695652174,0.5,0.6882919763025847,0.7157108823279164,113
Mozart#Piano_Sonatas#12-1#WuuE02M.114,,,success,,0.8613138686131386,0.8000000000000002,0.6037735849056604,0.8111111111111111,0.5,0.7152397129259821,0.7431062449310625,114
Mozart#Piano_Sonatas#12-1#WuuE02M.115,,,success,,0.6805555555555556,1.0,0.4429530201342282,0.7100869565217391,0.0,0.5667191064423046,0.5976606280193237,115
Mozart#Piano_Sonatas#12-1#WuuE02M.117,,,success,,0.7341772151898734,0.7777777777777777,0.3497267759562842,0.5547727272727273,0.5,0.5832908992393324,0.6416819300600946,117
Mozart#Piano_Sonatas#12-1#WuuE02M.118,,,success,,0.7341772151898734,1.0,0.34594594594594597,0.6794230769230769,1.0,0.7519092476117792,0.8534000730282376,118
Mozart#Piano_Sonatas#12-1#WuuE02M.119,,,success,,0.7272727272727273,0.8333333333333333,0.5575757575757576,0.8089583333333333,0.5,0.6854280303030303,0.7173910984848485,119
Mozart#Piano_Sonatas#12-1#WuuE02M.120,,,success,,0.75,0.90625,0.48484848484848486,0.9230769230769231,0.5,0.7128350815850816,0.7698317307692308,120
Mozart#Piano_Sonatas#12-1#WuuE02M.122,,,success,,0.7432432432432432,0.7580645161290323,0.43636363636363634,0.9651162790697675,0.5,0.6805575349611359,0.7416060096105107,122
Mozart#Piano_Sonatas#12-1#WuuE02M.123,,,success,,0.8070175438596492,0.8763440860215054,0.6052631578947368,0.9534883720930233,0.5,0.7484226319737829,0.7842125004935444,123
Mozart#Piano_Sonatas#12-1#WuuE02M.13,,,success,,0.8217054263565893,1.0,0.45502645502645506,0.9083265306122448,0.5,0.7370116823990578,0.8075079892422086,13
Mozart#Piano_Sonatas#12-1#WuuE02M.14,,,success,,0.7321428571428573,1.0,0.34285714285714286,0.9696969696969697,0.5,0.708939393939394,0.8004599567099567,14
Mozart#Piano_Sonatas#12-1#WuuE02M.141,,,conversion_error,conversion_error,0,0,0,0,0,0,0,141
Mozart#Piano_Sonatas#12-1#WuuE02M.142,,,success,,0.5631067961165047,0.7343750000000001,0.2918918918918919,0.7504444444444444,0.5,0.5679636264905682,0.6369815601402373,142
Mozart#Piano_Sonatas#12-1#WuuE02M.143,,,success,,0.608695652173913,0.7142857142857143,0.19428571428571426,0.931936507936508,0.5,0.5898407177363698,0.6887294685990338,143
Mozart#Piano_Sonatas#12-1#WuuE02M.148,,,success,,0.7741935483870969,0.8217054263565892,0.49710982658959535,0.9259259259259259,0.5,0.7037869454518415,0.755456225167403,148
Mozart#Piano_Sonatas#12-1#WuuE02M.149,,,success,,0.8051948051948051,0.931372549019608,0.5620915032679739,0.9375,0.5,0.7472317714964773,0.7935168385536033,149
Mozart#Piano_Sonatas#12-1#WuuE02M.15,,,success,,0.6603773584905661,0.9219858156028369,0.14857142857142858,0.956,0.5,0.6373869205329663,0.7595907935233508,15
Mozart#Piano_Sonatas#12-1#WuuE02M.150,,,success,,0.7179487179487181,0.6470588235294118,0.4025157232704402,0.87525,0.5,0.6285546529497139,0.6850643853695324,150
Mozart#Piano_Sonatas#12-1#WuuE02M.151,,,success,,0.9333333333333332,0.9427083333333331,0.6037735849056604,0.9583333333333334,0.5,0.787629716981132,0.8335937499999999,151
Mozart#Piano_Sonatas#12-1#WuuE02M.157,,,success,,0.6616541353383459,1.0,0.4121212121212121,0.9280000000000004,0.5,0.7003550694919116,0.7724135338345866,157
Mozart#Piano_Sonatas#12-1#WuuE02M.158,,,success,,0.9022556390977443,0.9375,0.5911949685534591,0.9938909090909092,0.0,0.6849683033484225,0.7084116370471634,158
Mozart#Piano_Sonatas#12-1#WuuE02M.16,,,success,,0.7111111111111111,0.9444444444444444,0.35838150289017345,0.8888333333333334,0.5,0.6805540783558125,0.7610972222222222,16
Mozart#Piano_Sonatas#12-1#WuuE02M.160,,,conversion_error,conversion_error,0,0,0,0,0,0,0,160
Mozart#Piano_Sonatas#12-1#WuuE02M.161,,,success,,0.9692307692307692,1.0,0.47204968944099374,0.9052413793103447,0.0,0.6693043675964215,0.7186180371352785,161
Mozart#Piano_Sonatas#12-1#WuuE02M.162,,,success,,0.8923076923076922,0.9375,0.30057803468208094,1.0,0.0,0.6260771453979547,0.7074519230769231,162
Mozart#Piano_Sonatas#12-1#WuuE02M.164,,,success,,0.7401574803149605,1.0,0.27329192546583847,1.0,0.0,0.6026898811561598,0.6850393700787402,164
Mozart#Piano_Sonatas#12-1#WuuE02M.165,,,success,,0.7580645161290323,1.0,0.422360248447205,1.0,0.5,0.7360849529152474,0.814516129032258,165
Mozart#Piano_Sonatas#12-1#WuuE02M.166,,,success,,0.6885245901639345,1.0,0.37267080745341613,0.953125,0.0,0.6028640795234701,0.6604123975409837,166
Mozart#Piano_Sonatas#12-1#WuuE02M.17,,,success,,0.7179487179487181,1.0,0.6666666666666666,1.0,0.5,0.7769230769230769,0.8044871794871795,17
Mozart#Piano_Sonatas#12-1#WuuE02M.18,,,success,,0.8148148148148149,0.8500000000000001,0.5093167701863354,0.9168333333333333,0.5,0.7181929836668968,0.7704120370370371,18
Mozart#Piano_Sonatas#12-1#WuuE02M.181,,,success,,0.7786259541984734,1.0,0.5157232704402517,0.9772727272727273,0.5,0.7543243903822905,0.8139746703678001,181
Mozart#Piano_Sonatas#12-1#WuuE02M.189,,,success,,0.9174311926605505,0.8034188034188035,0.628930817610063,0.8902439024390244,0.0,0.6480049432256882,0.6527734746295946,189
Mozart#Piano_Sonatas#12-1#WuuE02M.190,,,success,,0.8041237113402062,0.88,0.48484848484848486,0.6285714285714286,0.0,0.559508724952024,0.5781737849779087,190
Mozart#Piano_Sonatas#12-1#WuuE02M.192,,,conversion_error,conversion_error,0,0,0,0,0,0,0,192
Mozart#Piano_Sonatas#12-1#WuuE02M.193,,,success,,0.8070175438596492,0.8846153846153846,0.2064516129032258,0.5648888888888889,0.0,0.4925946860534297,0.5641304543409806,193
Mozart#Piano_Sonatas#12-1#WuuE02M.194,,,success,,0.8695652173913044,0.7931034482758621,0.5212121212121213,0.6667,0.0,0.5701161573758575,0.5823421664167916,194
Mozart#Piano_Sonatas#12-1#WuuE02M.196,,,success,,0.857142857142857,0.5161290322580645,0.6666666666666666,0.7741935483870968,0.0,0.5628264208909369,0.5368663594470046,196
Mozart#Piano_Sonatas#12-1#WuuE02M.201,,,success,,0.7464788732394366,0.8666666666666666,0.585635359116022,0.9895833333333334,0.0,0.6376728464710918,0.6506822183098592,201
Mozart#Piano_Sonatas#12-1#WuuE02M.25,,,success,,0.6716417910447762,1.0,0.42424242424242425,0.9667428571428571,0.5,0.7125254144860115,0.7845961620469083,25
Mozart#Piano_Sonatas#12-1#WuuE02M.26,,,success,,0.9242424242424244,1.0,0.5212121212121213,0.940677966101695,0.5,0.7772265023112481,0.8412300975860298,26
Mozart#Piano_Sonatas#12-1#WuuE02M.27,,,success,,0.874074074074074,1.0,0.49056603773584906,0.8542380952380952,0.0,0.6437756414096036,0.6820780423280424,27
Mozart#Piano_Sonatas#12-1#WuuE02M.28,,,success,,0.8721804511278195,1.0,0.5590062111801243,0.8113207547169812,0.0,0.648501483404985,0.6708753014612001,28
Mozart#Piano_Sonatas#12-1#WuuE02M.30,,,success,,0.6614173228346457,1.0,0.26086956521739135,1.0,0.0,0.5844573776104074,0.6653543307086615,30
Mozart#Piano_Sonatas#12-1#WuuE02M.31,,,success,,0.736,1.0,0.2515723270440251,0.975609756097561,0.0,0.5926364166283171,0.6779024390243902,31
Mozart#Piano_Sonatas#12-1#WuuE02M.54,,,success,,0.8514851485148514,0.8390804597701149,0.5408805031446542,0.782051282051282,0.0,0.6026994786961805,0.618154222584062,54
Mozart#Piano_Sonatas#12-1#WuuE02M.55,,,success,,0.7692307692307692,0.8333333333333334,0.49056603773584906,0.6875,0.0,0.5561260280599903,0.5725160256410257,55
Mozart#Piano_Sonatas#12-1#WuuE02M.56,,,success,,0.8166666666666668,0.888888888888889,0.5660377358490566,0.7380952380952381,0.0,0.6019377058999701,0.6109126984126985,56
Mozart#Piano_Sonatas#12-1#WuuE02M.57,,,success,,0.7394957983193277,1.0,0.4025157232704402,0.5135135135135135,0.0,0.5311050070206563,0.5632523279582103,57
Mozart#Piano_Sonatas#12-1#WuuE02M.59,,,success,,0.6715328467153284,0.8,0.5454545454545454,0.6578947368421053,0.0,0.5349764258023958,0.5323568958893584,59
Mozart#Piano_Sonatas#12-1#WuuE02M.60,,,success,,0.7517730496453902,0.7857142857142857,0.6424242424242425,0.8157894736842105,0.0,0.5991402102936257,0.5883192022609716,60
Mozart#Piano_Sonatas#12-1#WuuE02M.61,,,success,,0.6962962962962963,0.8,0.45283018867924524,0.8205128205128205,0.0,0.5539278610976724,0.5792022792022793,61
Mozart#Piano_Sonatas#12-1#WuuE02M.62,,,success,,0.796875,0.5773809523809522,0.5660377358490566,0.921875,0.0,0.5724337376460017,0.574032738095238,62
Mozart#Piano_Sonatas#12-1#WuuE02M.64,,,success,,0.8529411764705882,0.7239583333333331,0.6666666666666666,0.9166666666666666,0.0,0.6320465686274509,0.623391544117647,64
Mozart#Piano_Sonatas#12-1#WuuE02M.8,,,conversion_error,conversion_error,0,0,0,0,0,0,0,8
Mozart#Piano_Sonatas#12-1#WuuE02M.92,,,success,,0.676470588235294,0.96875,0.3356643356643356,0.7900370370370371,0.5,0.6541843921873334,0.7338144063180827,92
Mozart#Piano_Sonatas#12-1#WuuE02M.93,,,success,,0.75,1.0,0.5157232704402517,0.9583333333333334,0.5,0.7448113207547171,0.8020833333333334,93
Mozart#Piano_Sonatas#12-1#WuuE02M.94,,,success,,0.75,0.9333333333333335,0.6181818181818182,0.925,0.5,0.7453030303030304,0.7770833333333333,94
Mozart#Piano_Sonatas#12-1#WuuE02M.95,,,success,,0.5161290322580646,0.7857142857142857,0.49710982658959535,0.9545454545454546,0.5,0.65069971982148,0.6890971931294512,95
Mozart#Piano_Sonatas#12-1#WuuE02M.96,,,success,,0.65625,0.7450980392156863,0.5818181818181818,0.9666666666666667,0.5,0.6899665775401069,0.7170036764705883,96
Mozart#Piano_Sonatas#12-1#WuuE02M.98,,,success,,0.6865671641791045,0.775925925925926,0.5031446540880502,0.9333333333333333,0.5,0.6797942155052829,0.723956605859591,98
Mozart#Piano_Sonatas#12-1#WuuE02M.99,,,success,,0.6470588235294118,0.823529411764706,0.4916201117318436,0.9583333333333334,0.5,0.684108336071859,0.7322303921568628,99
Mozart#Piano_Sonatas#12-3#MunA05M.0,,,success,,0.8050314465408805,1.0,0.45962732919254656,1.0,0.5,0.7529317551466854,0.8262578616352201,0
Mozart#Piano_Sonatas#12-3#MunA05M.1,,,success,,0.717948717948718,0.9134615384615384,0.3270440251572327,0.948936170212766,0.5,0.681478090356051,0.7700866066557556,1
Mozart#Piano_Sonatas#12-3#MunA05M.111,,,success,,0.7755102040816325,0.8921568627450981,0.4645161290322581,0.9275862068965517,0.0,0.611953880551108,0.6488133184308206,111
Mozart#Piano_Sonatas#12-3#MunA05M.112,,,conversion_error,conversion_error,0,0,0,0,0,0,0,112
Mozart#Piano_Sonatas#12-3#MunA05M.113,,,conversion_error,conversion_error,0,0,0,0,0,0,0,113
Mozart#Piano_Sonatas#12-3#MunA05M.114,,,success,,0.8247422680412372,0.9511111111111111,0.4313725490196078,1.0,0.0,0.6414451856343912,0.6939633447880871,114
Mozart#Piano_Sonatas#12-3#MunA05M.116,,,success,,0.717557251908397,1.0,0.34319526627218927,0.9319999999999999,0.5,0.6985505036361173,0.7873893129770992,116
Mozart#Piano_Sonatas#12-3#MunA05M.117,,,success,,0.6950354609929078,1.0,0.21556886227544908,0.9501,0.5,0.6721408646536713,0.7862838652482269,117
Mozart#Piano_Sonatas#12-3#MunA05M.118,,,success,,0.68,1.0,0.09937888198757763,0.9381395348837208,0.5,0.6435036833742597,0.7795348837209303,118
Mozart#Piano_Sonatas#12-3#MunA05M.124,,,success,,0.6585365853658537,0.875,0.3529411764705882,0.9035087719298245,0.0,0.5579973067532533,0.6092613393239196,124
Mozart#Piano_Sonatas#12-3#MunA05M.129,,,success,,0.7804878048780488,1.0,0.3726708074534162,0.9506666666666667,0.5,0.7207650557996264,0.8077886178861788,129
Mozart#Piano_Sonatas#12-3#MunA05M.134,,,conversion_error,conversion_error,0,0,0,0,0,0,0,134
Mozart#Piano_Sonatas#12-3#MunA05M.139,,,success,,0.8484848484848486,1.0,0.4836601307189543,1.0,0.5,0.7664289958407606,0.8371212121212122,139
Mozart#Piano_Sonatas#12-3#MunA05M.140,,,success,,0.819672131147541,1.0,0.40522875816993464,0.9888888888888889,0.5,0.7427579556412729,0.8271402550091075,140
Mozart#Piano_Sonatas#12-3#MunA05M.141,,,success,,0.8760330578512397,0.9411764705882353,0.4025157232704402,1.0,0.5,0.743945050341983,0.8293023821098687,141
Mozart#Piano_Sonatas#12-3#MunA05M.143,,,success,,0.9253731343283582,0.9655172413793104,0.4836601307189543,1.0,0.5,0.7749101012853246,0.8477225939269172,143
Mozart#Piano_Sonatas#12-3#MunA05M.144,,,success,,0.8088235294117647,0.9607843137254902,0.23529411764705885,0.9567307692307693,0.5,0.6923265460030166,0.806584653092006,144
Mozart#Piano_Sonatas#12-3#MunA05M.146,,,success,,0.863013698630137,1.0,0.4654088050314465,1.0,0.5,0.7656845007323166,0.8407534246575342,146
Mozart#Piano_Sonatas#12-3#MunA05M.147,,,success,,0.8641975308641974,1.0,0.4774193548387097,0.9923076923076923,0.5,0.7667849156021199,0.8391263057929724,147
Mozart#Piano_Sonatas#12-3#MunA05M.149,,,success,,0.9032258064516129,1.0,0.4836601307189543,0.9705882352941176,0.0,0.671494834492937,0.7184535104364327,149
Mozart#Piano_Sonatas#12-3#MunA05M.150,,,success,,0.88,0.9699453551912569,0.4836601307189543,0.9426229508196722,0.0,0.6552456873459767,0.6981420765027322,150
Mozart#Piano_Sonatas#12-3#MunA05M.151,,,success,,0.8936170212765958,1.0,0.4774193548387097,0.9741379310344828,0.5,0.7690348614299577,0.8419387380777696,151
Mozart#Piano_Sonatas#12-3#MunA05M.153,,,success,,0.7820512820512822,1.0,0.40522875816993464,0.9902745098039215,0.5,0.7355109100050277,0.8180814479638009,153
Mozart#Piano_Sonatas#12-3#MunA05M.154,,,success,,0.8472222222222222,1.0,0.3660130718954248,0.9642857142857143,0.5,0.7355042016806723,0.8278769841269842,154
Mozart#Piano_Sonatas#12-3#MunA05M.156,,,success,,0.7633587786259542,0.8993055555555556,0.32704402515723274,0.9872820512820514,0.5,0.6953980821241588,0.7874865963658904,156
Mozart#Piano_Sonatas#12-3#MunA05M.166,,,success,,0.7358490566037736,0.7777777777777778,0.24516129032258066,0.9193548387096774,0.0,0.5356285926827619,0.6082454182728072,166
Mozart#Piano_Sonatas#12-3#MunA05M.167,,,success,,0.608695652173913,0.8125,0.15894039735099338,0.8543333333333334,0.0,0.48689387657164795,0.5688822463768116,167
Mozart#Piano_Sonatas#12-3#MunA05M.168,,,success,,0.8990825688073395,1.0,0.2222222222222222,0.8229166666666666,0.5,0.6888442915392456,0.8054998088685015,168
Mozart#Piano_Sonatas#12-3#MunA05M.171,,,conversion_error,conversion_error,0,0,0,0,0,0,0,171
Mozart#Piano_Sonatas#12-3#MunA05M.172,,,conversion_error,conversion_error,0,0,0,0,0,0,0,172
Mozart#Piano_Sonatas#12-3#MunA05M.173,,,success,,0.8760330578512397,1.0,0.2569832402234637,0.976375,0.5,0.7218782596149407,0.83810201446281,173
Mozart#Piano_Sonatas#12-3#MunA05M.176,,,success,,0.794701986754967,1.0,0.3174603174603175,0.9437619047619048,0.5,0.7111848417954378,0.8096159728792179,176
Mozart#Piano_Sonatas#12-3#MunA05M.177,,,success,,0.9249999999999999,1.0,0.36158192090395486,0.9661971830985915,0.5,0.7505558208005093,0.8477992957746479,177
Mozart#Piano_Sonatas#12-3#MunA05M.179,,,success,,0.7407407407407407,0.9491525423728814,0.42580645161290326,0.9881428571428571,0.5,0.7207685183738765,0.7945090350641197,179
Mozart#Piano_Sonatas#12-3#MunA05M.180,,,success,,0.9594594594594595,0.9565217391304348,0.4836601307189543,1.0,0.5,0.7799282658617697,0.8539952996474736,180
Mozart#Piano_Sonatas#12-3#MunA05M.182,,,conversion_error,conversion_error,0,0,0,0,0,0,0,182
Mozart#Piano_Sonatas#12-3#MunA05M.188,,,success,,0.6862745098039216,0.938888888888889,0.440251572327044,1.0,0.0,0.6130829942039708,0.6562908496732026,188
Mozart#Piano_Sonatas#12-3#MunA05M.189,,,success,,0.9090909090909091,0.9552845528455284,0.36158192090395486,0.8553481481481482,0.0,0.6162611061977081,0.6799309025211464,189
Mozart#Piano_Sonatas#12-3#MunA05M.190,,,success,,0.6902654867256638,0.9444444444444445,0.40236686390532544,0.9852941176470589,0.0,0.6044741825444986,0.6550010122042917,190
Mozart#Piano_Sonatas#12-3#MunA05M.192,,,success,,0.829268292682927,1.0,0.3675675675675676,0.8832000000000001,0.0,0.616007172050099,0.6781170731707318,192
Mozart#Piano_Sonatas#12-3#MunA05M.193,,,success,,0.8793103448275862,1.0,0.3128491620111732,0.8289481481481482,0.0,0.6042215309973816,0.6770646232439337,193
Mozart#Piano_Sonatas#12-3#MunA05M.200,,,success,,0.9261744966442953,1.0,0.33898305084745767,0.9149850746268657,0.5,0.7360285244237238,0.8352898928177903,200
Mozart#Piano_Sonatas#12-3#MunA05M.201,,,success,,0.8985507246376813,1.0,0.28415300546448086,0.8837111111111112,0.5,0.7132829682426547,0.8205654589371981,201
Mozart#Piano_Sonatas#12-3#MunA05M.21,,,success,,0.5894736842105264,0.5909090909090909,0.3184713375796179,0.9285714285714286,0.5,0.5854851082541327,0.6522385509227615,21
Mozart#Piano_Sonatas#12-3#MunA05M.215,,,success,,0.7959183673469388,1.0,0.2657342657342657,0.8611111111111112,0.5,0.6845527488384631,0.7892573696145124,215
Mozart#Piano_Sonatas#12-3#MunA05M.222,,,success,,0.6896551724137931,1.0,0.2553191489361702,0.8586666666666666,0.5,0.660728197603326,0.762080459770115,222
Mozart#Piano_Sonatas#12-3#MunA05M.223,,,success,,0.693069306930693,0.8397435897435896,0.2608695652173913,0.7198620689655172,0.5,0.6027089061714382,0.68816874140995,223
Mozart#Piano_Sonatas#12-3#MunA05M.224,,,success,,0.9142857142857143,0.8854166666666666,0.3673469387755102,0.575,0.0,0.5484098639455782,0.5936755952380952,224
Mozart#Piano_Sonatas#12-3#MunA05M.225,,,success,,0.9285714285714286,1.0,0.4183006535947712,0.7307692307692307,0.0,0.6155282625870862,0.6648351648351648,225
Mozart#Piano_Sonatas#12-3#MunA05M.233,,,success,,0.7415730337078652,0.8571428571428571,0.3006535947712418,0.9791666666666666,0.5,0.6757072304577262,0.7694706393793472,233
Mozart#Piano_Sonatas#12-3#MunA05M.234,,,success,,0.6304347826086957,0.7105263157894737,0.26143790849673204,0.8125,0.0,0.4829798013789802,0.5383652745995423,234
Mozart#Piano_Sonatas#12-3#MunA05M.3,,,success,,0.8590604026845637,0.9689265536723164,0.4575163398692811,0.952,0.0,0.6475006592452323,0.69499673908922,3
Mozart#Piano_Sonatas#12-3#MunA05M.38,,,success,,0.8833333333333334,1.0,0.20765027322404372,0.93872,0.5,0.7059407213114754,0.8305133333333333,38
Mozart#Piano_Sonatas#12-3#MunA05M.39,,,success,,0.8264462809917354,0.9592592592592593,0.21857923497267762,0.9608571428571429,0.5,0.693028383616163,0.8116406707770344,39
Mozart#Piano_Sonatas#12-3#MunA05M.4,,,success,,0.8028169014084506,1.0,0.4025157232704402,0.9818181818181818,0.5,0.7374301612994145,0.8211587708066581,4
Mozart#Piano_Sonatas#12-3#MunA05M.40,,,conversion_error,conversion_error,0,0,0,0,0,0,0,40
Mozart#Piano_Sonatas#12-3#MunA05M.43,,,success,,0.9259259259259259,1.0,0.3502824858757062,0.9222222222222223,0.5,0.739686126804771,0.837037037037037,43
Mozart#Piano_Sonatas#12-3#MunA05M.44,,,success,,0.9210526315789473,0.9705882352941176,0.4836601307189543,0.9696969696969697,0.5,0.7689995934577978,0.8403344591425087,44
Mozart#Piano_Sonatas#12-3#MunA05M.46,,,success,,0.7999999999999999,0.8525641025641026,0.34682080924855485,0.9584999999999999,0.5,0.6915769823625315,0.7777660256410256,46
Mozart#Piano_Sonatas#12-3#MunA05M.47,,,conversion_error,conversion_error,0,0,0,0,0,0,0,47
Mozart#Piano_Sonatas#12-3#MunA05M.53,,,success,,0.7200000000000001,0.7941176470588235,0.440251572327044,1.0,0.0,0.5908738438771735,0.6285294117647059,53
Mozart#Piano_Sonatas#12-3#MunA05M.55,,,conversion_error,conversion_error,0,0,0,0,0,0,0,55
Mozart#Piano_Sonatas#12-3#MunA05M.56,,,success,,0.6875,0.9388888888888888,0.3699421965317919,1.0,0.5,0.6992662170841362,0.7815972222222222,56
Mozart#Piano_Sonatas#12-3#MunA05M.57,,,success,,0.7128712871287128,0.8578431372549019,0.4431137724550898,0.9838709677419355,0.0,0.599539832916128,0.6386463480313875,57
Mozart#Piano_Sonatas#12-3#MunA05M.58,,,success,,0.8200000000000001,1.0,0.33519553072625696,0.875945945945946,0.5,0.7062282953344405,0.7989864864864865,58
Mozart#Piano_Sonatas#12-3#MunA05M.7,,,success,,0.8333333333333334,1.0,0.4183006535947712,1.0,0.5,0.7503267973856209,0.8333333333333334,7
Mozart#Piano_Sonatas#12-3#MunA05M.73,,,success,,0.8516129032258065,1.0,0.40993788819875776,0.9782295081967213,0.5,0.7479560599242572,0.832460602855632,73
Mozart#Piano_Sonatas#12-3#MunA05M.74,,,success,,0.9384615384615383,1.0,0.4645161290322581,1.0,0.0,0.6805955334987592,0.7346153846153846,74
Mozart#Piano_Sonatas#12-3#MunA05M.8,,,success,,0.8358208955223881,0.9454545454545454,0.3144654088050315,0.96,0.0,0.611148169956393,0.6853188602442334,8
Mozart#Piano_Sonatas#12-3#MunA05M.85,,,success,,0.6821705426356589,0.8277777777777778,0.2553191489361702,0.8583333333333333,0.5,0.6247201605365881,0.7170704134366925,85
Mozart#Piano_Sonatas#12-3#MunA05M.90,,,success,,0.7228915662650601,0.8929663608562691,0.4150943396226415,0.8986086956521738,0.0,0.5859121924792289,0.6286166556933758,90
Mozart#Piano_Sonatas#12-3#MunA05M.91,,,success,,0.7777777777777777,0.6812865497076024,0.4,0.9593333333333334,0.0,0.5636795321637427,0.6045994152046783,91
Mozart#Piano_Sonatas#12-3#WuuE04M.0,,,success,,0.8079470198675497,1.0,0.407185628742515,1.0,0.5,0.743026529722013,0.8269867549668874,0
Mozart#Piano_Sonatas#12-3#WuuE04M.1,,,success,,0.7605633802816901,1.0,0.445859872611465,0.9803921568627451,0.5,0.73736308195118,0.8102388842861088,1
Mozart#Piano_Sonatas#12-3#WuuE04M.111,,,success,,0.8659793814432989,1.0,0.4836601307189543,0.9333333333333333,0.0,0.6565945690991173,0.699828178694158,111
Mozart#Piano_Sonatas#12-3#WuuE04M.112,,,conversion_error,conversion_error,0,0,0,0,0,0,0,112
Mozart#Piano_Sonatas#12-3#WuuE04M.113,,,conversion_error,conversion_error,0,0,0,0,0,0,0,113
Mozart#Piano_Sonatas#12-3#WuuE04M.114,,,success,,0.7524752475247525,0.8703703703703703,0.4313725490196078,0.9870967741935485,0.0,0.6082629882216558,0.6524855980221679,114
Mozart#Piano_Sonatas#12-3#WuuE04M.116,,,success,,0.7868852459016393,1.0,0.43478260869565216,1.0,0.5,0.7443335709194583,0.8217213114754098,116
Mozart#Piano_Sonatas#12-3#WuuE04M.117,,,success,,0.802721088435374,1.0,0.43478260869565216,0.9524897959183672,0.5,0.7379986986098788,0.8138027210884353,117
Mozart#Piano_Sonatas#12-3#WuuE04M.118,,,success,,0.7466666666666667,1.0,0.42580645161290326,1.0,0.5,0.734494623655914,0.8116666666666666,118
Mozart#Piano_Sonatas#12-3#WuuE04M.124,,,conversion_error,conversion_error,0,0,0,0,0,0,0,124
Mozart#Piano_Sonatas#12-3#WuuE04M.129,,,success,,0.8275862068965518,1.0,0.45161290322580644,0.9558823529411765,0.0,0.647016292612707,0.6958671399594321,129
Mozart#Piano_Sonatas#12-3#WuuE04M.134,,,success,,0.8089887640449439,0.7333333333333333,0.4025157232704402,1.0,0.0,0.5889675641297435,0.6355805243445694,134
Mozart#Piano_Sonatas#12-3#WuuE04M.139,,,success,,0.676923076923077,1.0,0.3529411764705882,0.9852941176470589,0.0,0.6030316742081447,0.665554298642534,139
Mozart#Piano_Sonatas#12-3#WuuE04M.140,,,success,,0.9344262295081968,1.0,0.4836601307189543,1.0,0.5,0.7836172720454302,0.8586065573770492,140
Mozart#Piano_Sonatas#12-3#WuuE04M.141,,,success,,0.8739495798319327,0.9,0.3398692810457516,1.0,0.5,0.7227637721755369,0.8184873949579832,141
Mozart#Piano_Sonatas#12-3#WuuE04M.143,,,success,,0.8730158730158731,0.9622641509433962,0.4183006535947712,0.9869803921568627,0.5,0.7481122139421806,0.8305651040290329,143
Mozart#Piano_Sonatas#12-3#WuuE04M.144,,,success,,0.9193548387096775,0.9629629629629629,0.28758169934640526,0.9414814814814816,0.5,0.7222761965001053,0.8309498207885304,144
Mozart#Piano_Sonatas#12-3#WuuE04M.146,,,success,,0.8,1.0,0.2138364779874214,1.0,0.5,0.7027672955974843,0.825,146
Mozart#Piano_Sonatas#12-3#WuuE04M.147,,,success,,0.7549668874172186,1.0,0.2012578616352201,0.9772549019607844,0.5,0.6866959302026446,0.8080554473445007,147
Mozart#Piano_Sonatas#12-3#WuuE04M.149,,,success,,0.7577639751552795,0.97953216374269,0.4129032258064516,0.9629629629629629,0.5,0.7226324655334768,0.8000647754652331,149
Mozart#Piano_Sonatas#12-3#WuuE04M.150,,,success,,0.821917808219178,0.9681159420289855,0.40522875816993464,1.0,0.0,0.6390525016836197,0.6975084375620408,150
Mozart#Piano_Sonatas#12-3#WuuE04M.151,,,success,,0.851063829787234,1.0,0.37735849056603776,0.9824561403508771,0.5,0.7421756921408298,0.8333799925345278,151
Mozart#Piano_Sonatas#12-3#WuuE04M.153,,,success,,0.8571428571428571,1.0,0.4836601307189543,1.0,0.5,0.7681605975723623,0.8392857142857143,153
Mozart#Piano_Sonatas#12-3#WuuE04M.154,,,success,,0.9333333333333335,1.0,0.380952380952381,1.0,0.5,0.7628571428571429,0.8583333333333334,154
Mozart#Piano_Sonatas#12-3#WuuE04M.156,,,success,,0.7906976744186046,0.94,0.2967741935483871,0.9643809523809524,0.5,0.6983705640695889,0.7987696566998893,156
Mozart#Piano_Sonatas#12-3#WuuE04M.166,,,success,,0.7021276595744682,1.0,0.23529411764705885,0.7678571428571429,0.0,0.541055784015734,0.6174962006079028,166
Mozart#Piano_Sonatas#12-3#WuuE04M.167,,,success,,0.8478260869565217,0.9507936507936509,0.1699346405228758,0.7771351351351351,0.0,0.5491379026816368,0.6439387182213269,167
Mozart#Piano_Sonatas#12-3#WuuE04M.168,,,success,,0.7428571428571428,1.0,0.10062893081761005,0.8055555555555556,0.5,0.6298083258460616,0.7621031746031746,168
Mozart#Piano_Sonatas#12-3#WuuE04M.171,,,success,,0.671875,0.8828828828828829,0.19653179190751444,0.9397333333333332,0.5,0.6382046016247461,0.748622804054054,171
Mozart#Piano_Sonatas#12-3#WuuE04M.172,,,conversion_error,conversion_error,0,0,0,0,0,0,0,172
Mozart#Piano_Sonatas#12-3#WuuE04M.173,,,conversion_error,conversion_error,0,0,0,0,0,0,0,173
Mozart#Piano_Sonatas#12-3#WuuE04M.176,,,success,,0.8831168831168831,0.9479166666666666,0.3502824858757062,0.9104583333333334,0.5,0.7183548737985179,0.8103729707792208,176
Mozart#Piano_Sonatas#12-3#WuuE04M.177,,,success,,0.9058823529411766,1.0,0.3497267759562842,0.9561643835616438,0.5,0.7423547024918209,0.8405116841257051,177
Mozart#Piano_Sonatas#12-3#WuuE04M.179,,,success,,0.8848484848484849,0.9722222222222222,0.30601092896174864,0.9500606060606059,0.5,0.7226284484186123,0.8267828282828282,179
Mozart#Piano_Sonatas#12-3#WuuE04M.180,,,success,,0.9178082191780821,0.9538461538461539,0.3497267759562842,0.9533333333333334,0.5,0.7349428964627707,0.8312469265893923,180
Mozart#Piano_Sonatas#12-3#WuuE04M.182,,,success,,0.9107142857142857,0.8993055555555556,0.3728813559322034,0.9273809523809524,0.5,0.7220564299165995,0.8093501984126985,182
Mozart#Piano_Sonatas#12-3#WuuE04M.188,,,success,,0.7722772277227723,1.0,0.3473053892215569,0.953125,0.0,0.6145415233888658,0.681350556930693,188
Mozart#Piano_Sonatas#12-3#WuuE04M.189,,,success,,0.8703703703703703,1.0,0.32786885245901637,0.8977984496124031,0.0,0.619207534488358,0.6920422049956934,189
Mozart#Piano_Sonatas#12-3#WuuE04M.190,,,success,,0.8,1.0,0.39520958083832336,0.9605263157894737,0.0,0.6311471793255594,0.6901315789473684,190
Mozart#Piano_Sonatas#12-3#WuuE04M.192,,,success,,0.7833333333333333,0.9166666666666666,0.30687830687830686,0.8701111111111112,0.0,0.5753978835978836,0.6425277777777778,192
Mozart#Piano_Sonatas#12-3#WuuE04M.193,,,success,,0.9333333333333333,1.0,0.3240223463687151,0.8562767295597484,0.0,0.6227264818523593,0.6974025157232704,193
Mozart#Piano_Sonatas#12-3#WuuE04M.200,,,success,,0.9041095890410958,1.0,0.36158192090395486,0.9269841269841269,0.5,0.7385351273858356,0.8327734290063057,200
Mozart#Piano_Sonatas#12-3#WuuE04M.201,,,success,,0.9185185185185185,1.0,0.29508196721311475,0.9046888888888888,0.5,0.7236578749241044,0.8308018518518518,201
Mozart#Piano_Sonatas#12-3#WuuE04M.21,,,success,,0.7169811320754718,0.9354838709677419,0.2802547770700637,0.8560606060606061,0.5,0.6577560772347766,0.7521314022759549,21
Mozart#Piano_Sonatas#12-3#WuuE04M.215,,,success,,0.8659793814432989,1.0,0.3407407407407407,0.8706140350877194,0.5,0.7154668314543517,0.8091483541327547,215
Mozart#Piano_Sonatas#12-3#WuuE04M.222,,,success,,0.7241379310344829,0.9476190476190477,0.272108843537415,0.8628235294117647,0.5,0.661337870320542,0.7586451270163238,222
Mozart#Piano_Sonatas#12-3#WuuE04M.223,,,success,,0.7916666666666667,0.8035714285714286,0.3673469387755102,0.8548387096774194,0.0,0.563484748738205,0.6125192012288787,223
Mozart#Piano_Sonatas#12-3#WuuE04M.224,,,success,,0.8857142857142857,0.8854166666666666,0.30065359477124187,0.5991724137931034,0.0,0.5341913921890594,0.5925758415435138,224
Mozart#Piano_Sonatas#12-3#WuuE04M.225,,,success,,0.6428571428571429,0.8095238095238094,0.33557046979865773,0.34615384615384615,0.0,0.42682105366669126,0.4496336996336996,225
Mozart#Piano_Sonatas#12-3#WuuE04M.233,,,success,,0.6262626262626263,0.782608695652174,0.1761006289308176,0.9761904761904762,0.5,0.6122324854072188,0.7212654495263191,233
Mozart#Piano_Sonatas#12-3#WuuE04M.234,,,success,,0.568421052631579,0.9083333333333334,0.3105590062111801,0.7553030303030304,0.5,0.6085232844958246,0.6830143540669857,234
Mozart#Piano_Sonatas#12-3#WuuE04M.3,,,success,,0.8163265306122449,0.9681159420289855,0.40522875816993464,1.0,0.5,0.737934246162233,0.8211106181603076,3
Mozart#Piano_Sonatas#12-3#WuuE04M.38,,,conversion_error,conversion_error,0,0,0,0,0,0,0,38
Mozart#Piano_Sonatas#12-3#WuuE04M.39,,,conversion_error,conversion_error,0,0,0,0,0,0,0,39
Mozart#Piano_Sonatas#12-3#WuuE04M.4,,,success,,0.9051094890510949,0.9689265536723165,0.42580645161290326,0.9736842105263158,0.5,0.7547053409725261,0.8369300633124318,4
Mozart#Piano_Sonatas#12-3#WuuE04M.40,,,conversion_error,conversion_error,0,0,0,0,0,0,0,40
Mozart#Piano_Sonatas#12-3#WuuE04M.43,,,success,,0.9433962264150944,1.0,0.3575418994413408,0.9028571428571429,0.5,0.7407590537427156,0.8365633423180593,43
Mozart#Piano_Sonatas#12-3#WuuE04M.44,,,success,,0.7974683544303798,0.9672131147540983,0.2905027932960894,0.9159298245614035,0.5,0.6942228174083942,0.7951528234364704,44
Mozart#Piano_Sonatas#12-3#WuuE04M.46,,,zero_mv2h,zero_mv2h,0,0,0,0,0,0,0,46
Mozart#Piano_Sonatas#12-3#WuuE04M.47,,,conversion_error,conversion_error,0,0,0,0,0,0,0,47
Mozart#Piano_Sonatas#12-3#WuuE04M.53,,,conversion_error,conversion_error,0,0,0,0,0,0,0,53
Mozart#Piano_Sonatas#12-3#WuuE04M.55,,,conversion_error,conversion_error,0,0,0,0,0,0,0,55
Mozart#Piano_Sonatas#12-3#WuuE04M.56,,,success,,0.8269230769230769,0.9065040650406505,0.3463687150837989,0.896842105263158,0.0,0.5953275924621368,0.6575673118067213,56
Mozart#Piano_Sonatas#12-3#WuuE04M.57,,,success,,0.6346153846153846,0.8388888888888888,0.36686390532544383,0.9721666666666667,0.5,0.6625069690992768,0.736417735042735,57
Mozart#Piano_Sonatas#12-3#WuuE04M.58,,,success,,0.8316831683168316,1.0,0.33898305084745767,0.9015897435897438,0.5,0.7144511925508066,0.8083182279766439,58
Mozart#Piano_Sonatas#12-3#WuuE04M.7,,,success,,0.7153284671532848,0.960573476702509,0.3708609271523179,0.93,0.5,0.6953525742016223,0.7764754859639484,7
Mozart#Piano_Sonatas#12-3#WuuE04M.73,,,success,,0.923076923076923,1.0,0.3050847457627119,0.9246197183098591,0.5,0.7305562774298988,0.8369241603466955,73
Mozart#Piano_Sonatas#12-3#WuuE04M.74,,,success,,0.9264705882352942,1.0,0.440251572327044,1.0,0.5,0.7733444321124676,0.8566176470588236,74
Mozart#Piano_Sonatas#12-3#WuuE04M.8,,,success,,0.7751937984496126,0.9387755102040817,0.2709677419354839,0.9603809523809523,0.5,0.689063600594026,0.7935875652586617,8
Mozart#Piano_Sonatas#12-3#WuuE04M.85,,,success,,0.796875,0.90625,0.272108843537415,0.7642926829268293,0.5,0.6479053052928488,0.7418544207317073,85
Mozart#Piano_Sonatas#12-3#WuuE04M.90,,,success,,0.7898089171974522,1.0,0.4654088050314465,1.0,0.0,0.6510435444457797,0.697452229299363,90
Mozart#Piano_Sonatas#12-3#WuuE04M.91,,,success,,0.8352941176470589,0.5412844036697246,0.4645161290322581,0.982054054054054,0.0,0.5646297408806191,0.5896581438427093,91
Schubert#Impromptu_op.90_D.899#1#Duepree08M.132,,,success,,0.7935222672064778,1.0,0.5686274509803922,0.9922790697674418,0.0,0.6708857575908624,0.6964503342434799,132
Schubert#Impromptu_op.90_D.899#1#Duepree08M.134,,,success,,0.7385892116182573,0.9577464788732394,0.3584905660377359,0.9662702702702703,0.0,0.6042193053599006,0.6656514901904418,134
Schubert#Impromptu_op.90_D.899#1#Duepree08M.136,,,success,,0.7758620689655172,0.9575757575757576,0.5588235294117647,0.8505128205128205,0.0,0.628554835293172,0.6459876617635238,136
Schubert#Impromptu_op.90_D.899#1#Duepree08M.137,,,success,,0.7545454545454545,0.9500000000000001,0.6666666666666666,0.9487179487179487,0.0,0.663986013986014,0.6633158508158508,137
Schubert#Impromptu_op.90_D.899#1#Duepree08M.139,,,success,,0.7649769585253456,0.9369369369369369,0.6176470588235295,0.8967136150234742,0.0,0.6432549138618573,0.6496568776214392,139
Schubert#Impromptu_op.90_D.899#1#Duepree08M.140,,,success,,0.7698744769874478,0.8771929824561403,0.5980392156862745,0.8400900900900902,0.0,0.6170393530439905,0.6217893873834196,140
Schubert#Impromptu_op.90_D.899#1#Duepree08M.141,,,success,,0.6721991701244814,0.8245614035087719,0.5686274509803922,0.7861111111111112,0.0,0.5702998271449514,0.5707179211860911,141
Schubert#Impromptu_op.90_D.899#1#Duepree08M.143,,,success,,0.7272727272727273,0.9729729729729729,0.49019607843137264,0.7631578947368421,0.5,0.690719934682783,0.7408508987456356,143
Schubert#Impromptu_op.90_D.899#1#Duepree08M.144,,,success,,0.7948717948717948,1.0,0.5294117647058824,0.8636818181818181,0.5,0.737593075551899,0.7896384032634032,144
Schubert#Impromptu_op.90_D.899#1#Duepree08M.145,,,success,,0.6935483870967741,0.9415204678362572,0.5980392156862745,0.9555555555555556,0.5,0.7377327252349724,0.7726561026221468,145
Schubert#Impromptu_op.90_D.899#1#Duepree08M.170,,,success,,0.6143790849673203,0.8970588235294117,0.056603773584905655,0.8844338350326374,1.0,0.690495103422855,0.8489679358823423,170
Schubert#Impromptu_op.90_D.899#1#Duepree08M.60,,,success,,0.5638297872340425,0.9397163120567377,0.03921568627450981,0.8523984989967965,0.5,0.5790320569124173,0.7139861495718942,60
Schubert#Impromptu_op.90_D.899#1#Duepree08M.61,,,timeout,timeout,0,0,0,0,0,0,0,61
Schubert#Impromptu_op.90_D.899#1#Duepree08M.63,,,success,,0.6666666666666667,0.8580246913580247,0.12000000000000001,0.8524402499349127,0.5,0.5994263215919209,0.7192829019899011,63
Schubert#Impromptu_op.90_D.899#1#Duepree08M.64,,,success,,0.6256410256410256,0.8727272727272727,0.11764705882352942,0.8764778136035621,0.5,0.598498634159078,0.7187115279929651,64
Schubert#Impromptu_op.90_D.899#1#Duepree08M.66,,,success,,0.7208121827411167,0.9032258064516129,0.09999999999999999,0.8789992895564804,0.0,0.520607455749842,0.6257593196873025,66
Schubert#Impromptu_op.90_D.899#1#Duepree08M.67,,,success,,0.7307692307692308,0.964102564102564,0.1372549019607843,0.8804866630375613,0.5,0.6425226719740281,0.7688396144773391,67
Schubert#Impromptu_op.90_D.899#1#Duepree08M.86,,,success,,0.5465838509316772,0.876923076923077,0.020100502512562814,0.8503749301397207,0.0,0.45879647210140756,0.5684704644986187,86
Schubert#Impromptu_op.90_D.899#1#Jin05M.132,,,success,,0.6396761133603239,1.0,0.5714285714285715,0.9876923076923078,0.0,0.6397593984962406,0.6568421052631579,132
Schubert#Impromptu_op.90_D.899#1#Jin05M.134,,,success,,0.8081632653061225,0.9401709401709402,0.5686274509803922,0.9583333333333334,0.0,0.6550589979581577,0.6766668847025991,134
Schubert#Impromptu_op.90_D.899#1#Jin05M.136,,,success,,0.7372881355932204,0.8571428571428571,0.5588235294117647,0.9541062801932368,0.0,0.6214721604682157,0.6371343182323286,136
Schubert#Impromptu_op.90_D.899#1#Jin05M.137,,,success,,0.75,0.6133333333333334,0.6666666666666666,0.9568965517241379,0.0,0.5973793103448275,0.5800574712643678,137
Schubert#Impromptu_op.90_D.899#1#Jin05M.139,,,success,,0.794759825327511,0.7054263565891473,0.627450980392157,0.965686274509804,0.0,0.6186646873637238,0.6164681141066156,139
Schubert#Impromptu_op.90_D.899#1#Jin05M.140,,,success,,0.8448275862068965,0.7596899224806201,0.6666666666666666,0.9833333333333332,0.0,0.6509035017375032,0.6469627105052125,140
Schubert#Impromptu_op.90_D.899#1#Jin05M.141,,,success,,0.6293103448275862,0.7714285714285716,0.4563106796116505,0.8993710691823901,0.0,0.5512841330100396,0.5750274963596369,141
Schubert#Impromptu_op.90_D.899#1#Jin05M.143,,,success,,0.6486486486486487,0.605263157894737,0.38235294117647056,0.826388888888889,0.0,0.4925307273217491,0.5200751738580687,143
Schubert#Impromptu_op.90_D.899#1#Jin05M.144,,,success,,0.7623318385650224,0.7884615384615384,0.6470588235294118,0.9666666666666668,0.0,0.6329037734445279,0.6293650109233069,144
Schubert#Impromptu_op.90_D.899#1#Jin05M.145,,,success,,0.6866952789699571,0.8490566037735849,0.5980392156862745,0.9635416666666667,0.0,0.6194665530192968,0.6248233873525522,145
Schubert#Impromptu_op.90_D.899#1#Jin05M.157,,,success,,0.4405594405594405,0.6611111111111111,0.1509433962264151,0.8634414414414414,1.0,0.6232110778676816,0.7412779982779982,157
Schubert#Impromptu_op.90_D.899#1#Jin05M.158,,,success,,0.6296296296296297,0.6711111111111109,0.056603773584905655,0.9266156442135808,1.0,0.6567920317078454,0.8068390962385803,158
Schubert#Impromptu_op.90_D.899#1#Jin05M.159,,,success,,0.5360824742268041,0.7746478873239437,0.009433962264150943,0.9244102157131521,1.0,0.6489149079056102,0.808785144315975,159
Schubert#Impromptu_op.90_D.899#1#Jin05M.161,,,success,,0.6052631578947368,0.8333333333333333,0.02857142857142857,0.9288280581693755,1.0,0.6791991955937748,0.8418561373493614,161
Schubert#Impromptu_op.90_D.899#1#Jin05M.162,,,success,,0.5755813953488372,0.9821839080459771,0.10476190476190476,0.9277371183558809,1.0,0.7180528653025201,0.8713756054376738,162
Schubert#Impromptu_op.90_D.899#1#Jin05M.181,,,success,,0.5540540540540541,0.7827956989247312,0.13392857142857145,0.8720925939286087,1.0,0.6685741836671931,0.8022355867268485,181
Schubert#Impromptu_op.90_D.899#1#Jin05M.60,,,success,,0.49350649350649345,0.7549019607843138,0.09482758620689655,0.9170230966638152,0.0,0.4520518274323038,0.5413578877386556,60
Schubert#Impromptu_op.90_D.899#1#Jin05M.61,,,success,,0.5549738219895288,0.8503401360544218,0.08823529411764706,0.8604404095035736,0.0,0.4707979323330342,0.5664385918868811,61
Schubert#Impromptu_op.90_D.899#1#Jin05M.63,,,success,,0.5698324022346368,0.8603603603603603,0.12389380530973454,0.8248201289728236,0.0,0.4757813393755111,0.5637532228919553,63
Schubert#Impromptu_op.90_D.899#1#Jin05M.64,,,conversion_error,conversion_error,0,0,0,0,0,0,0,64
Schubert#Impromptu_op.90_D.899#1#Jin05M.66,,,success,,0.446927374301676,0.84375,0.0,0.95825,0.0,0.4497854748603352,0.562231843575419,66
Schubert#Impromptu_op.90_D.899#1#Jin05M.67,,,success,,0.7978142076502732,0.9672131147540983,0.44660194174757284,0.9445239045718087,0.0,0.6312306337447506,0.6773878067440451,67
Schubert#Impromptu_op.90_D.899#1#Jin05M.80,,,success,,0.3636363636363637,1.0,0.024793388429752063,0.914325956782088,1.0,0.6605511417696407,0.819490580104613,80
Schubert#Impromptu_op.90_D.899#1#Jin05M.81,,,timeout,timeout,0,0,0,0,0,0,0,81
Schubert#Impromptu_op.90_D.899#1#Jin05M.83,,,success,,0.2978723404255319,0.6403508771929826,0.02586206896551724,0.9144418988110735,1.0,0.575705437079021,0.7131662791073969,83
Schubert#Impromptu_op.90_D.899#1#Jin05M.84,,,success,,0.32388663967611336,0.6486486486486486,0.008620689655172414,0.9407650154236982,0.0,0.3843841986807265,0.47832507593711504,84
Schubert#Impromptu_op.90_D.899#1#Jin05M.85,,,success,,0.5732899022801302,0.8078431372549018,0.07843137254901962,0.8557595493943622,0.0,0.4630647922956827,0.5592231472323486,85
Schubert#Impromptu_op.90_D.899#1#Jin05M.86,,,success,,0.6031746031746031,0.7367149758454106,0.09803921568627452,0.8766880442014524,0.0,0.46292336778154813,0.5541444058053665,86
Schubert#Impromptu_op.90_D.899#1#Jin05M.88,,,success,,0.5666666666666667,0.7931034482758622,0.07547169811320754,0.9004448144989894,0.0,0.46713732551094517,0.5650537323603796,88
Schubert#Impromptu_op.90_D.899#1#Jin05M.89,,,success,,0.6011560693641619,1.0,0.09803921568627452,0.9088552677776978,0.0,0.5216101105656269,0.6275028342854649,89
Schubert#Impromptu_op.90_D.899#1#Jin05M.90,,,timeout,timeout,0,0,0,0,0,0,0,90
Schubert#Impromptu_op.90_D.899#1#Jin05M.91,,,success,,0.5961538461538461,0.9090909090909091,0.08490566037735849,0.8985453750034176,0.0,0.4977391581251062,0.6009475325620433,91
Schubert#Impromptu_op.90_D.899#1#Jin05M.93,,,success,,0.6120689655172413,0.8191489361702127,0.02857142857142857,0.9210279865800314,0.0,0.47616346336778276,0.5880614720668713,93
Schubert#Impromptu_op.90_D.899#1#Teo06M.132,,,success,,0.5196850393700788,1.0,0.3391304347826087,0.904,0.5,0.6525630948305375,0.7309212598425197,132
Schubert#Impromptu_op.90_D.899#1#Teo06M.134,,,success,,0.5650557620817844,1.0,0.41739130434782606,0.9305666666666667,0.5,0.6826027466192555,0.7489056071871127,134
Schubert#Impromptu_op.90_D.899#1#Teo06M.136,,,success,,0.748898678414097,1.0,0.22549019607843143,0.8958999999999999,0.0,0.5740577748985057,0.6611996696035243,136
Schubert#Impromptu_op.90_D.899#1#Teo06M.137,,,success,,0.6384976525821596,0.813953488372093,0.5533980582524273,0.9111111111111111,0.0,0.5833920620635582,0.5908905630163409,137
Schubert#Impromptu_op.90_D.899#1#Teo06M.139,,,success,,0.7860262008733624,0.7596899224806201,0.5784313725490197,0.8789954337899544,0.0,0.6006285859385913,0.6061778892859842,139
Schubert#Impromptu_op.90_D.899#1#Teo06M.140,,,success,,0.6727272727272727,0.6396396396396398,0.61,0.9559748427672957,0.0,0.5756683510268417,0.5670854387835521,140
Schubert#Impromptu_op.90_D.899#1#Teo06M.141,,,success,,0.7111111111111111,0.7807017543859649,0.5490196078431372,0.8908045977011495,0.0,0.5863274142082726,0.5956543657995564,141
Schubert#Impromptu_op.90_D.899#1#Teo06M.143,,,success,,0.6543778801843317,0.8380952380952382,0.5294117647058824,0.9519230769230769,0.5,0.6947615919817058,0.7360990488006618,143
Schubert#Impromptu_op.90_D.899#1#Teo06M.144,,,success,,0.7610619469026549,0.7755102040816327,0.5980392156862745,0.9761904761904762,0.5,0.7221603685722078,0.753190656793691,144
Schubert#Impromptu_op.90_D.899#2#Denisova11M.101,,,success,,0.46464646464646464,0.9148148148148147,0.13836477987421383,0.7096815459989112,1.0,0.6455015210668809,0.7722857063650477,101
Schubert#Impromptu_op.90_D.899#2#Denisova11M.102,,,conversion_error,conversion_error,0,0,0,0,0,0,0,102
Schubert#Impromptu_op.90_D.899#2#Denisova11M.103,,,conversion_error,conversion_error,0,0,0,0,0,0,0,103
Schubert#Impromptu_op.90_D.899#2#Denisova11M.104,,,timeout,timeout,0,0,0,0,0,0,0,104
Schubert#Impromptu_op.90_D.899#2#Denisova11M.106,,,success,,0.4,0.6805555555555555,0.1686746987951807,0.5834999999999999,0.0,0.36654605087014724,0.41601388888888885,106
Schubert#Impromptu_op.90_D.899#2#Denisova11M.107,,,success,,0.26804123711340205,0.7500000000000001,0.03488372093023256,0.6001333333333333,0.0,0.3306116582753936,0.40454364261168385,107
Schubert#Impromptu_op.90_D.899#2#Denisova11M.108,,,success,,0.25688073394495414,0.6923076923076924,0.1595744680851064,0.6840604505275164,0.0,0.3585646689730539,0.40831221919504074,108
Schubert#Impromptu_op.90_D.899#2#Denisova11M.111,,,conversion_error,conversion_error,0,0,0,0,0,0,0,111
Schubert#Impromptu_op.90_D.899#2#Denisova11M.112,,,success,,0.18803418803418803,0.8888888888888888,0.13861386138613863,1.0,0.0,0.4431073876618431,0.5192307692307692,112
Schubert#Impromptu_op.90_D.899#2#Denisova11M.113,,,success,,0.3025210084033613,0.6666666666666667,0.26178010471204194,0.778,0.0,0.40179355595641403,0.43679691876750704,113
Schubert#Impromptu_op.90_D.899#2#Denisova11M.114,,,conversion_error,conversion_error,0,0,0,0,0,0,0,114
Schubert#Impromptu_op.90_D.899#2#Denisova11M.117,,,success,,0.29166666666666663,0.6666666666666666,0.24875621890547261,0.5718562874251497,0.0,0.3557891679327911,0.3825474051896207,117
Schubert#Impromptu_op.90_D.899#2#Denisova11M.118,,,success,,0.26666666666666666,0.8333333333333333,0.11650485436893204,1.0,0.0,0.44330097087378634,0.5249999999999999,118
Schubert#Impromptu_op.90_D.899#2#Denisova11M.127,,,success,,0.31304347826086953,0.6428571428571429,0.20754716981132076,0.8,0.5,0.4926895581858666,0.5639751552795031,127
Schubert#Impromptu_op.90_D.899#2#Denisova11M.128,,,success,,0.24347826086956523,0.8333333333333333,0.101010101010101,0.75,0.5,0.4855643390425999,0.5817028985507247,128
Schubert#Impromptu_op.90_D.899#2#Denisova11M.129,,,success,,0.3243243243243243,0.8125,0.19095477386934673,0.8333333333333334,0.5,0.5322224863054009,0.6175394144144144,129
Schubert#Impromptu_op.90_D.899#2#Denisova11M.130,,,success,,0.375,0.84375,0.23300970873786409,1.0,0.0,0.4903519417475728,0.5546875,130
Schubert#Impromptu_op.90_D.899#2#Denisova11M.133,,,success,,0.24427480916030536,0.5384615384615384,0.013071895424836602,1.0,0.0,0.3591616486093361,0.44568408690546096,133
Schubert#Impromptu_op.90_D.899#2#Denisova11M.134,,,success,,0.3793103448275862,0.6666666666666667,0.14193548387096777,0.7668,0.0,0.3909424990730441,0.4531942528735632,134
Schubert#Impromptu_op.90_D.899#2#Denisova11M.135,,,success,,0.32727272727272727,0.6666666666666669,0.14765100671140938,0.9,0.0,0.4083180801301607,0.4734848484848485,135
Schubert#Impromptu_op.90_D.899#2#Denisova11M.136,,,conversion_error,conversion_error,0,0,0,0,0,0,0,136
Schubert#Impromptu_op.90_D.899#2#Denisova11M.137,,,zero_mv2h,zero_mv2h,0,0,0,0,0,0,0,137
Schubert#Impromptu_op.90_D.899#2#Denisova11M.139,,,success,,0.2962962962962963,0.8461538461538461,0.0,0.5556666666666666,0.0,0.33962336182336184,0.4245292022792023,139
Schubert#Impromptu_op.90_D.899#2#Denisova11M.140,,,success,,0.47058823529411764,0.85,0.15503875968992245,0.6278427850181988,0.0,0.4206939560004478,0.48710775507807913,140
Schubert#Impromptu_op.90_D.899#2#Denisova11M.141,,,conversion_error,conversion_error,0,0,0,0,0,0,0,141
Schubert#Impromptu_op.90_D.899#2#Denisova11M.142,,,success,,0.2905982905982906,0.9285714285714286,0.04878048780487805,0.72925,0.5,0.4994400413949195,0.6121049297924298,142
Schubert#Impromptu_op.90_D.899#2#Denisova11M.143,,,success,,0.3333333333333333,0.8055555555555555,0.14634146341463414,0.75,0.5,0.5070460704607045,0.5972222222222222,143
Schubert#Impromptu_op.90_D.899#2#Denisova11M.145,,,conversion_error,conversion_error,0,0,0,0,0,0,0,145
Schubert#Impromptu_op.90_D.899#2#Denisova11M.146,,,success,,0.4444444444444445,0.9545454545454545,0.0975609756097561,0.7332500000000001,0.5,0.5459601749199311,0.6580599747474748,146
Schubert#Impromptu_op.90_D.899#2#Denisova11M.147,,,success,,0.423728813559322,0.909090909090909,0.08130081300813008,0.7606666666666667,0.5,0.5349574404650055,0.6483715973292244,147
Schubert#Impromptu_op.90_D.899#2#Denisova11M.148,,,success,,0.3418803418803419,0.8448979591836735,0.06666666666666667,0.5556666666666666,0.5,0.4618223268794697,0.5606112419326705,148
Schubert#Impromptu_op.90_D.899#2#Denisova11M.149,,,success,,0.3305785123966943,0.8541666666666667,0.0,0.6116121171311995,0.5,0.4592714592389121,0.5740893240486401,149
Schubert#Impromptu_op.90_D.899#2#Denisova11M.151,,,success,,0.5490196078431372,0.888888888888889,0.08130081300813008,0.53672125748503,0.5,0.5111861134450372,0.618657438554264,151
Schubert#Impromptu_op.90_D.899#2#Denisova11M.152,,,success,,0.43564356435643564,0.7894736842105263,0.11382113821138212,0.8181818181818182,0.5,0.5314240409920324,0.635824766687195,152
Schubert#Impromptu_op.90_D.899#2#Denisova11M.157,,,success,,0.28813559322033894,0.8461538461538461,0.160427807486631,0.6664285714285716,0.0,0.3922291636578775,0.4501795027006892,157
Schubert#Impromptu_op.90_D.899#2#Denisova11M.158,,,success,,0.32758620689655177,0.8666666666666667,0.18994413407821226,0.8056666666666666,0.0,0.4379727348616195,0.49997988505747126,158
Schubert#Impromptu_op.90_D.899#2#Denisova11M.159,,,success,,0.4112149532710281,0.7291666666666667,0.273224043715847,0.6388333333333334,0.0,0.41048779939737506,0.44480373831775705,159
Schubert#Impromptu_op.90_D.899#2#Denisova11M.160,,,success,,0.1864406779661017,0.7407407407407406,0.1206030150753769,0.8,0.0,0.3695568867564439,0.4317953546767106,160
Schubert#Impromptu_op.90_D.899#2#Denisova11M.162,,,success,,0.32075471698113206,1.0,0.0634920634920635,1.0,0.0,0.4768493560946391,0.5801886792452831,162
Schubert#Impromptu_op.90_D.899#2#Denisova11M.163,,,success,,0.5185185185185185,1.0,0.0335195530726257,0.9534797604790418,0.0,0.5011035664140373,0.6179995697493901,163
Schubert#Impromptu_op.90_D.899#2#Denisova11M.164,,,success,,0.5454545454545454,1.0,0.021978021978021976,0.9815923708139278,1.0,0.709804987649299,0.8817617290671182,164
Schubert#Impromptu_op.90_D.899#2#Denisova11M.21,,,success,,0.40601503759398494,0.9615384615384615,0.0625,0.8667221963520934,0.5,0.559355139096908,0.683568923871135,21
Schubert#Impromptu_op.90_D.899#2#Denisova11M.215,,,success,,0.481203007518797,0.9666666666666667,0.03896103896103897,1.0,1.0,0.6973661426293005,0.8619674185463659,215
Schubert#Impromptu_op.90_D.899#2#Denisova11M.216,,,success,,0.5954198473282443,1.0,0.0,0.959562375249501,1.0,0.7109964445155491,0.8887455556444364,216
Schubert#Impromptu_op.90_D.899#2#Denisova11M.47,,,success,,0.4696969696969697,0.9655172413793104,0.06535947712418301,0.9514299713825362,1.0,0.6904007319165999,0.8466610456147041,47
Schubert#Impromptu_op.90_D.899#2#Denisova11M.84,,,conversion_error,conversion_error,0,0,0,0,0,0,0,84
Schubert#Impromptu_op.90_D.899#2#Denisova11M.85,,,success,,0.3089430894308943,0.9062500000000001,0.13526570048309178,0.8,0.5,0.5300917579827973,0.6287982723577237,85
Schubert#Impromptu_op.90_D.899#2#Denisova11M.86,,,success,,0.3739837398373983,0.6904761904761905,0.12,0.823076923076923,0.5,0.5015073706781024,0.596884213347628,86
Schubert#Impromptu_op.90_D.899#2#Denisova11M.87,,,success,,0.3140495867768595,0.5,0.23300970873786409,1.0,0.5,0.5094118591029447,0.578512396694215,87
Schubert#Impromptu_op.90_D.899#2#Denisova11M.88,,,success,,0.22058823529411764,0.7692307692307692,0.024390243902439025,0.48194251497005985,0.5,0.3992303526794771,0.4929403798737367,88
Schubert#Impromptu_op.90_D.899#2#Denisova11M.90,,,success,,0.28571428571428575,0.8666666666666667,0.17708333333333331,0.8667999999999999,0.5,0.5392528571428572,0.6297952380952381,90
Schubert#Impromptu_op.90_D.899#2#Denisova11M.91,,,success,,0.3047619047619048,0.6428571428571429,0.2983425414364641,0.8333333333333334,0.5,0.515858984477769,0.5702380952380952,91
Schubert#Impromptu_op.90_D.899#2#Denisova11M.92,,,conversion_error,conversion_error,0,0,0,0,0,0,0,92
Schubert#Impromptu_op.90_D.899#2#Denisova11M.93,,,conversion_error,conversion_error,0,0,0,0,0,0,0,93
Schubert#Impromptu_op.90_D.899#2#Denisova11M.94,,,success,,0.391304347826087,0.7500000000000001,0.1485714285714286,0.8888888888888888,0.0,0.43575293305728097,0.507548309178744,94
Schubert#Impromptu_op.90_D.899#2#Denisova11M.96,,,success,,0.4123711340206186,0.7714285714285715,0.2545454545454545,0.6483333333333332,0.0,0.4173356986655955,0.4580332596956308,96
Schubert#Impromptu_op.90_D.899#2#Denisova11M.97,,,conversion_error,conversion_error,0,0,0,0,0,0,0,97
Schubert#Impromptu_op.90_D.899#2#Denisova11M.98,,,success,,0.28571428571428564,0.9,0.10256410256410257,0.6875,0.5,0.49515567765567764,0.5933035714285715,98
Schubert#Impromptu_op.90_D.899#2#Denisova11M.99,,,success,,0.42857142857142855,0.6333333333333333,0.0975609756097561,0.520875,0.5,0.4360681475029036,0.5206949404761905,99
Schubert#Impromptu_op.90_D.899#2#FaB06M.1,,,success,,0.5405405405405406,0.9642857142857143,0.017241379310344827,0.9205521049904571,1.0,0.6885239478254113,0.856344589954178,1
Schubert#Impromptu_op.90_D.899#2#FaB06M.101,,,success,,0.2150537634408602,0.6666666666666666,0.23899371069182387,0.0,0.5,0.3241428281598701,0.3454301075268817,101
Schubert#Impromptu_op.90_D.899#2#FaB06M.102,,,success,,0.22222222222222224,0.75,0.0,0.8886666666666667,0.5,0.47217777777777775,0.5902222222222222,102
Schubert#Impromptu_op.90_D.899#2#FaB06M.103,,,success,,0.4444444444444444,0.3625,0.08484848484848485,0.7501666666666668,0.5,0.42839191919191927,0.5142777777777778,103
Schubert#Impromptu_op.90_D.899#2#FaB06M.104,,,success,,0.3333333333333333,0.6428571428571429,0.12121212121212122,0.8073606121091151,0.5,0.4809526419023425,0.5708877720748978,104
Schubert#Impromptu_op.90_D.899#2#FaB06M.106,,,success,,0.3617021276595745,0.6875,0.2777777777777778,0.8337610493299117,0.5,0.5321481909534528,0.5957407942473716,106
Schubert#Impromptu_op.90_D.899#2#FaB06M.107,,,conversion_error,conversion_error,0,0,0,0,0,0,0,107
Schubert#Impromptu_op.90_D.899#2#FaB06M.108,,,conversion_error,conversion_error,0,0,0,0,0,0,0,108
Schubert#Impromptu_op.90_D.899#2#FaB06M.11,,,success,,0.5161290322580646,1.0,0.07317073170731707,0.8680569894693373,1.0,0.6914713506869438,0.8460465054318504,11
Schubert#Impromptu_op.90_D.899#2#FaB06M.111,,,success,,0.23076923076923075,0.8181818181818182,0.16831683168316827,0.8,0.5,0.5034535761268435,0.5872377622377623,111
Schubert#Impromptu_op.90_D.899#2#FaB06M.112,,,conversion_error,conversion_error,0,0,0,0,0,0,0,112
Schubert#Impromptu_op.90_D.899#2#FaB06M.113,,,success,,0.24193548387096775,0.5714285714285714,0.08530805687203791,0.75,0.5,0.4297344224343155,0.5158410138248848,113
Schubert#Impromptu_op.90_D.899#2#FaB06M.114,,,success,,0.33928571428571425,0.7222222222222222,0.198019801980198,0.9002994011976048,0.5,0.5319654279371479,0.6154518344263853,114
Schubert#Impromptu_op.90_D.899#2#FaB06M.117,,,success,,0.4065040650406504,0.7777777777777778,0.19689119170984457,0.8666666666666667,0.0,0.4495679402389879,0.5127371273712737,117
Schubert#Impromptu_op.90_D.899#2#FaB06M.118,,,success,,0.39285714285714285,0.7058823529411765,0.14423076923076925,0.9285714285714286,0.0,0.4343083387201034,0.506827731092437,118
Schubert#Impromptu_op.90_D.899#2#FaB06M.12,,,success,,0.46511627906976744,1.0,0.12972972972972974,0.9468263473053892,1.0,0.7083344712209773,0.8529856565937891,12
Schubert#Impromptu_op.90_D.899#2#FaB06M.127,,,success,,0.3853211009174312,0.5555555555555555,0.12871287128712872,0.875,1.0,0.5889179055520231,0.7039691641182466,127
Schubert#Impromptu_op.90_D.899#2#FaB06M.128,,,success,,0.3846153846153846,0.7647058823529412,0.22549019607843138,0.8484848484848485,0.5,0.5446592623063211,0.6244515288632936,128
Schubert#Impromptu_op.90_D.899#2#FaB06M.129,,,success,,0.3269230769230769,0.8333333333333334,0.182648401826484,0.6666666666666666,1.0,0.6019142957499122,0.7067307692307693,129
Schubert#Impromptu_op.90_D.899#2#FaB06M.13,,,timeout,timeout,0,0,0,0,0,0,0,13
Schubert#Impromptu_op.90_D.899#2#FaB06M.130,,,success,,0.37113402061855677,0.75,0.08620689655172413,0.9752994011976048,0.5,0.5365280636735772,0.6491083554540404,130
Schubert#Impromptu_op.90_D.899#2#FaB06M.133,,,conversion_error,conversion_error,0,0,0,0,0,0,0,133
Schubert#Impromptu_op.90_D.899#2#FaB06M.134,,,conversion_error,conversion_error,0,0,0,0,0,0,0,134
Schubert#Impromptu_op.90_D.899#2#FaB06M.135,,,conversion_error,conversion_error,0,0,0,0,0,0,0,135
Schubert#Impromptu_op.90_D.899#2#FaB06M.136,,,conversion_error,conversion_error,0,0,0,0,0,0,0,136
Schubert#Impromptu_op.90_D.899#2#FaB06M.137,,,conversion_error,conversion_error,0,0,0,0,0,0,0,137
Schubert#Impromptu_op.90_D.899#2#FaB06M.139,,,conversion_error,conversion_error,0,0,0,0,0,0,0,139
Schubert#Impromptu_op.90_D.899#2#FaB06M.140,,,success,,0.5148514851485149,0.7522388059701491,0.19161676646706585,0.8749375,0.5,0.5667289115171459,0.660506947779666,140
Schubert#Impromptu_op.90_D.899#2#FaB06M.141,,,conversion_error,conversion_error,0,0,0,0,0,0,0,141
Schubert#Impromptu_op.90_D.899#2#FaB06M.142,,,success,,0.5714285714285714,0.9098039215686274,0.2111801242236025,0.8036222222222221,0.5,0.5992069678886047,0.6962136788048553,142
Schubert#Impromptu_op.90_D.899#2#FaB06M.143,,,success,,0.608695652173913,0.8436363636363636,0.21556886227544908,0.6901052631578948,0.5,0.5716012282487241,0.6606093197420428,143
Schubert#Impromptu_op.90_D.899#2#FaB06M.145,,,conversion_error,conversion_error,0,0,0,0,0,0,0,145
Schubert#Impromptu_op.90_D.899#2#FaB06M.146,,,success,,0.47191011235955055,0.7222222222222222,0.14857142857142858,0.9723333333333333,0.5,0.5630074192973069,0.6666164169787765,146
Schubert#Impromptu_op.90_D.899#2#FaB06M.147,,,success,,0.4705882352941176,0.7647058823529411,0.1142857142857143,0.7616994011976048,1.0,0.6222558466260756,0.7492483797111659,147
Schubert#Impromptu_op.90_D.899#2#FaB06M.148,,,conversion_error,conversion_error,0,0,0,0,0,0,0,148
Schubert#Impromptu_op.90_D.899#2#FaB06M.149,,,conversion_error,conversion_error,0,0,0,0,0,0,0,149
Schubert#Impromptu_op.90_D.899#2#FaB06M.15,,,success,,0.5384615384615384,1.0,0.033519553072625705,0.8587985319683215,1.0,0.6861559247004971,0.849315017607465,15
Schubert#Impromptu_op.90_D.899#2#FaB06M.151,,,conversion_error,conversion_error,0,0,0,0,0,0,0,151
Schubert#Impromptu_op.90_D.899#2#FaB06M.152,,,success,,0.32653061224489793,0.9166666666666666,0.0,0.9265,1.0,0.6339394557823129,0.7924243197278912,152
Schubert#Impromptu_op.90_D.899#2#FaB06M.157,,,success,,0.4672897196261682,0.7899999999999999,0.2918918918918919,0.718,0.0,0.453436322303612,0.493822429906542,157
Schubert#Impromptu_op.90_D.899#2#FaB06M.158,,,success,,0.3888888888888889,0.8000000000000002,0.08,1.0,0.0,0.45377777777777784,0.5472222222222223,158
Schubert#Impromptu_op.90_D.899#2#FaB06M.159,,,success,,0.5242718446601942,0.8596491228070176,0.15706806282722513,0.7842352941176471,0.0,0.46504486488241686,0.5420390653962147,159
Schubert#Impromptu_op.90_D.899#2#FaB06M.16,,,success,,0.5645161290322579,1.0,0.09022556390977443,0.893395028125567,1.0,0.7096273442135199,0.8644777892894563,16
Schubert#Impromptu_op.90_D.899#2#FaB06M.160,,,success,,0.40740740740740744,1.0,0.0,0.8829333333333333,0.0,0.45806814814814817,0.5725851851851852,160
Schubert#Impromptu_op.90_D.899#2#FaB06M.162,,,success,,0.29357798165137616,1.0,0.03686635944700461,0.9360518999073216,0.0,0.45329924820114054,0.5574074703896744,162
Schubert#Impromptu_op.90_D.899#2#FaB06M.163,,,timeout,timeout,0,0,0,0,0,0,0,163
Schubert#Impromptu_op.90_D.899#2#FaB06M.164,,,success,,0.6031746031746031,1.0,0.04424778761061947,0.9427079575788183,1.0,0.7180260696728082,0.8864706401883554,164
Schubert#Impromptu_op.90_D.899#2#FaB06M.167,,,timeout,timeout,0,0,0,0,0,0,0,167
Schubert#Impromptu_op.90_D.899#2#FaB06M.168,,,timeout,timeout,0,0,0,0,0,0,0,168
Schubert#Impromptu_op.90_D.899#2#FaB06M.17,,,success,,0.5967741935483871,0.9238095238095239,0.062015503875969,0.8497518296739854,1.0,0.6864702101815732,0.8425838867579741,17
Schubert#Impromptu_op.90_D.899#2#FaB06M.170,,,success,,0.5511811023622046,1.0,0.0,0.9043690618762475,1.0,0.6911100328476905,0.8638875410596131,170
Schubert#Impromptu_op.90_D.899#2#FaB06M.171,,,success,,0.5196850393700788,1.0,0.10650887573964497,0.8702951240376391,0.5,0.5992978078294726,0.7224950408519295,171
Schubert#Impromptu_op.90_D.899#2#FaB06M.172,,,success,,0.47761194029850745,1.0,0.0967741935483871,0.910785142279984,0.5,0.5970342552253757,0.7220992706446229,172
Schubert#Impromptu_op.90_D.899#2#FaB06M.174,,,success,,0.5760000000000001,0.9142857142857143,0.14814814814814817,0.9124010044427274,1.0,0.710166973375318,0.8506716796821104,174
Schubert#Impromptu_op.90_D.899#2#FaB06M.175,,,timeout,timeout,0,0,0,0,0,0,0,175
Schubert#Impromptu_op.90_D.899#2#FaB06M.176,,,success,,0.5573770491803279,1.0,0.10256410256410257,0.9042069202230807,1.0,0.7128296143935022,0.8653959923508522,176
Schubert#Impromptu_op.90_D.899#2#FaB06M.179,,,success,,0.528,1.0,0.10909090909090909,0.8929279994228411,1.0,0.70600378170275,0.8552319998557103,179
Schubert#Impromptu_op.90_D.899#2#FaB06M.180,,,success,,0.5691056910569107,1.0,0.12903225806451613,0.9379422972237343,1.0,0.7272160492690322,0.8767619970701612,180
Schubert#Impromptu_op.90_D.899#2#FaB06M.181,,,timeout,timeout,0,0,0,0,0,0,0,181
Schubert#Impromptu_op.90_D.899#2#FaB06M.183,,,success,,0.5555555555555555,1.0,0.059171597633136105,0.8639538782109771,1.0,0.6957362062799337,0.8548773584416332,183
Schubert#Impromptu_op.90_D.899#2#FaB06M.184,,,success,,0.5528455284552845,1.0,0.04109589041095891,0.9017113636910188,1.0,0.6991305565114525,0.8636392230365758,184
Schubert#Impromptu_op.90_D.899#2#FaB06M.185,,,success,,0.5920000000000001,1.0,0.0,0.9230304945664228,1.0,0.7030060989132846,0.8787576236416057,185
Schubert#Impromptu_op.90_D.899#2#FaB06M.187,,,conversion_error,conversion_error,0,0,0,0,0,0,0,187
Schubert#Impromptu_op.90_D.899#2#FaB06M.188,,,success,,0.4186046511627907,0.9230769230769231,0.10752688172043011,0.9353168662674651,1.0,0.6769050644455218,0.8192496101267948,188
Schubert#Impromptu_op.90_D.899#2#FaB06M.189,,,timeout,timeout,0,0,0,0,0,0,0,189
Schubert#Impromptu_op.90_D.899#2#FaB06M.19,,,success,,0.4029850746268656,0.96,0.1818181818181818,0.8534756201881951,1.0,0.6796557753266486,0.8041151737037652,19
Schubert#Impromptu_op.90_D.899#2#FaB06M.2,,,success,,0.47619047619047616,1.0,0.046511627906976744,0.8120864247408797,1.0,0.6669577057676666,0.822069225232839,2
Schubert#Impromptu_op.90_D.899#2#FaB06M.20,,,success,,0.416,0.92,0.06818181818181818,0.9034771366358193,1.0,0.6615317909635274,0.8098692841589549,20
Schubert#Impromptu_op.90_D.899#2#FaB06M.21,,,success,,0.4393939393939394,0.9642857142857143,0.07777777777777777,0.8684513503114252,1.0,0.6699817563537713,0.8180327509977697,21
Schubert#Impromptu_op.90_D.899#2#FaB06M.211,,,success,,0.43750000000000006,1.0,0.03773584905660377,0.9763330481893358,0.5,0.590313779449188,0.7284582620473339,211
Schubert#Impromptu_op.90_D.899#2#FaB06M.212,,,success,,0.6280991735537191,1.0,0.026490066225165563,0.8791972055888225,1.0,0.7067572890735414,0.8768240947856354,212
Schubert#Impromptu_op.90_D.899#2#FaB06M.215,,,success,,0.4461538461538462,0.9629629629629629,0.06451612903225806,0.8438417283080897,1.0,0.6634949332914314,0.8132396343562247,215
Schubert#Impromptu_op.90_D.899#2#FaB06M.216,,,success,,0.5789473684210527,1.0,0.0,1.0,1.0,0.7157894736842105,0.8947368421052632,216
Schubert#Impromptu_op.90_D.899#2#FaB06M.220,,,success,,0.576271186440678,0.9696969696969697,0.06289308176100628,0.8867325589784287,1.0,0.6991187593754166,0.858175178779019,220
Schubert#Impromptu_op.90_D.899#2#FaB06M.223,,,success,,0.5736434108527132,1.0,0.07865168539325844,0.9387691661326532,1.0,0.718212852475725,0.8781031442463416,223
Schubert#Impromptu_op.90_D.899#2#FaB06M.224,,,timeout,timeout,0,0,0,0,0,0,0,224
Schubert#Impromptu_op.90_D.899#2#FaB06M.225,,,timeout,timeout,0,0,0,0,0,0,0,225
Schubert#Impromptu_op.90_D.899#2#FaB06M.227,,,success,,0.5454545454545454,1.0,0.07547169811320754,0.8318681331468428,1.0,0.6905588753429192,0.8443306696503471,227
Schubert#Impromptu_op.90_D.899#2#FaB06M.228,,,success,,0.6178861788617885,1.0,0.04081632653061224,0.8861750183842841,1.0,0.708975504755337,0.8760152993115181,228
Schubert#Impromptu_op.90_D.899#2#FaB06M.229,,,success,,0.5454545454545454,0.9666666666666666,0.05755395683453237,0.9602395209580838,1.0,0.7059829379827656,0.868090183269824,229
Schubert#Impromptu_op.90_D.899#2#FaB06M.231,,,timeout,timeout,0,0,0,0,0,0,0,231
Schubert#Impromptu_op.90_D.899#2#FaB06M.232,,,success,,0.15602836879432624,0.8571428571428571,0.2137404580152672,0.6666666666666666,0.0,0.3787156701238234,0.4199594731509625,232
Schubert#Impromptu_op.90_D.899#2#FaB06M.233,,,conversion_error,conversion_error,0,0,0,0,0,0,0,233
Schubert#Impromptu_op.90_D.899#2#FaB06M.235,,,timeout,timeout,0,0,0,0,0,0,0,235
Schubert#Impromptu_op.90_D.899#2#FaB06M.236,,,success,,0.09836065573770492,1.0,0.026845637583892617,0.75,1.0,0.5750412586643195,0.7120901639344263,236
Schubert#Impromptu_op.90_D.899#2#FaB06M.239,,,zero_mv2h,zero_mv2h,0,0,0,0,0,0,0,239
Schubert#Impromptu_op.90_D.899#2#FaB06M.240,,,zero_mv2h,zero_mv2h,0,0,0,0,0,0,0,240
Schubert#Impromptu_op.90_D.899#2#FaB06M.243,,,success,,0.4482758620689655,0.753623188405797,0.0,0.9424228466144634,1.0,0.6288643794178452,0.7860804742723065,243
Schubert#Impromptu_op.90_D.899#2#FaB06M.252,,,success,,0.34285714285714286,0.5897435897435898,0.26455026455026454,0.7889333333333333,0.5,0.4972168660968661,0.5553835164835165,252
Schubert#Impromptu_op.90_D.899#2#FaB06M.258,,,success,,0.27826086956521745,0.7692307692307694,0.25806451612903225,1.0,0.0,0.46111123098500373,0.5118729096989967,258
Schubert#Impromptu_op.90_D.899#2#FaB06M.259,,,conversion_error,conversion_error,0,0,0,0,0,0,0,259
Schubert#Impromptu_op.90_D.899#2#FaB06M.260,,,success,,0.3333333333333333,0.8823529411764706,0.09278350515463916,0.9772727272727273,0.5,0.5571485013874341,0.6732397504456328,260
Schubert#Impromptu_op.90_D.899#2#FaB06M.3,,,success,,0.42187500000000006,0.96,0.18823529411764708,0.8647080838323353,0.5,0.5869636755899965,0.6866457709580838,3
Schubert#Impromptu_op.90_D.899#2#FaB06M.4,,,timeout,timeout,0,0,0,0,0,0,0,4
Schubert#Impromptu_op.90_D.899#2#FaB06M.43,,,success,,0.5606060606060606,0.9687499999999999,0.14193548387096774,0.8986495675316033,0.5,0.6139882224017263,0.732001407034416,43
Schubert#Impromptu_op.90_D.899#2#FaB06M.44,,,success,,0.5581395348837209,1.0,0.06451612903225806,0.8575110468717737,0.5,0.5960333421575505,0.7289126454388737,44
Schubert#Impromptu_op.90_D.899#2#FaB06M.47,,,success,,0.5517241379310345,0.967741935483871,0.0,0.9654139995870328,1.0,0.6969760146003876,0.8712200182504846,47
Schubert#Impromptu_op.90_D.899#2#FaB06M.48,,,success,,0.5964912280701754,1.0,0.015503875968992248,0.9801666666666666,1.0,0.7184323541411668,0.8941644736842105,48
Schubert#Impromptu_op.90_D.899#2#FaB06M.52,,,success,,0.6379310344827586,0.9714285714285714,0.026143790849673203,0.8890378100940975,1.0,0.7049082413710202,0.8745993540013569,52
Schubert#Impromptu_op.90_D.899#2#FaB06M.55,,,success,,0.5714285714285713,1.0,0.05747126436781609,0.9144568006843456,1.0,0.7086713272961467,0.8714713430282293,55
Schubert#Impromptu_op.90_D.899#2#FaB06M.56,,,success,,0.523076923076923,1.0,0.06535947712418301,0.8902195608782435,1.0,0.6957311922158699,0.8533241209887916,56
Schubert#Impromptu_op.90_D.899#2#FaB06M.57,,,success,,0.5483870967741935,1.0,0.05333333333333333,0.8516515356384006,1.0,0.6906743931491854,0.8500096581031485,57
Schubert#Impromptu_op.90_D.899#2#FaB06M.59,,,success,,0.5483870967741935,1.0,0.16766467065868262,0.8650361175239881,1.0,0.7162175769913729,0.8533558035745454,59
Schubert#Impromptu_op.90_D.899#2#FaB06M.6,,,success,,0.5528455284552845,0.9696969696969697,0.057803468208092484,0.895106339046046,1.0,0.6950904610812786,0.8544122092995751,6
Schubert#Impromptu_op.90_D.899#2#FaB06M.60,,,success,,0.6290322580645161,0.9722222222222222,0.0851063829787234,0.8960400280520039,1.0,0.7164801782634931,0.8743236270846856,60
Schubert#Impromptu_op.90_D.899#2#FaB06M.61,,,success,,0.5535714285714286,1.0,0.029197080291970802,0.9814814814814815,1.0,0.7128499980689762,0.8837632275132276,61
Schubert#Impromptu_op.90_D.899#2#FaB06M.63,,,timeout,timeout,0,0,0,0,0,0,0,63
Schubert#Impromptu_op.90_D.899#2#FaB06M.64,,,conversion_error,conversion_error,0,0,0,0,0,0,0,64
Schubert#Impromptu_op.90_D.899#2#FaB06M.65,,,conversion_error,conversion_error,0,0,0,0,0,0,0,65
Schubert#Impromptu_op.90_D.899#2#FaB06M.67,,,success,,0.15748031496062992,1.0,0.013888888888888888,1.0,1.0,0.6342738407699038,0.7893700787401574,67
Schubert#Impromptu_op.90_D.899#2#FaB06M.68,,,success,,0.14173228346456695,1.0,0.13836477987421383,0.9005988023952096,1.0,0.636139173146798,0.7605827714649441,68
Schubert#Impromptu_op.90_D.899#2#FaB06M.7,,,timeout,timeout,0,0,0,0,0,0,0,7
Schubert#Impromptu_op.90_D.899#2#FaB06M.8,,,success,,0.5546218487394958,1.0,0.10126582278481013,0.9321419345529695,1.0,0.7176059212154551,0.8716909458231163,8
Schubert#Impromptu_op.90_D.899#2#FaB06M.84,,,success,,0.2935779816513761,0.8205128205128205,0.0,0.637,0.5,0.45021816043283935,0.5627727005410492,84
Schubert#Impromptu_op.90_D.899#2#FaB06M.85,,,conversion_error,conversion_error,0,0,0,0,0,0,0,85
Schubert#Impromptu_op.90_D.899#2#FaB06M.86,,,conversion_error,conversion_error,0,0,0,0,0,0,0,86
Schubert#Impromptu_op.90_D.899#2#FaB06M.87,,,success,,0.3191489361702127,0.7083333333333334,0.14423076923076925,1.0,0.5,0.534342607746863,0.6318705673758865,87
Schubert#Impromptu_op.90_D.899#2#FaB06M.88,,,success,,0.29702970297029707,0.75,0.1485148514851485,0.7277777777777779,0.5,0.4846644664466447,0.5687018701870188,88
Schubert#Impromptu_op.90_D.899#2#FaB06M.90,,,success,,0.37254901960784315,0.6666666666666666,0.14583333333333334,0.7,1.0,0.5770098039215685,0.6848039215686275,90
Schubert#Impromptu_op.90_D.899#2#FaB06M.91,,,success,,0.37837837837837834,0.6666666666666666,0.11891891891891893,0.7773333333333333,1.0,0.5882594594594595,0.7055945945945946,91
Schubert#Impromptu_op.90_D.899#2#FaB06M.92,,,success,,0.3684210526315789,0.7647058823529411,0.09142857142857141,1.0,1.0,0.6449111012826183,0.78328173374613,92
Schubert#Impromptu_op.90_D.899#2#FaB06M.93,,,conversion_error,conversion_error,0,0,0,0,0,0,0,93
Schubert#Impromptu_op.90_D.899#2#FaB06M.94,,,success,,0.31372549019607837,0.5333333333333333,0.0,0.8333333333333334,0.5,0.436078431372549,0.5450980392156862,94
Schubert#Impromptu_op.90_D.899#2#FaB06M.96,,,success,,0.43564356435643564,0.75,0.10062893081761005,0.7448148148148149,0.0,0.40621746199777214,0.48261459479281266,96
Schubert#Impromptu_op.90_D.899#2#FaB06M.97,,,success,,0.09803921568627451,1.0,0.12121212121212122,0.0,0.0,0.24385026737967913,0.27450980392156865,97
Schubert#Impromptu_op.90_D.899#2#FaB06M.98,,,success,,0.33707865168539325,0.5,0.16149068322981366,0.778,0.0,0.3553138669830414,0.4037696629213483,98
Schubert#Impromptu_op.90_D.899#2#FaB06M.99,,,success,,0.5432098765432098,0.805128205128205,0.289308176100629,0.7779333333333334,0.0,0.48311591822107547,0.5315678537511871,99
Schubert#Impromptu_op.90_D.899#2#HuNY06M.1,,,success,,0.5,0.96,0.02531645569620253,0.9747575757575757,1.0,0.6920148062907556,0.8586893939393939,1
Schubert#Impromptu_op.90_D.899#2#HuNY06M.101,,,success,,0.3950617283950617,0.5424242424242424,0.13333333333333336,0.7223333333333333,1.0,0.5586305274971941,0.6649548260381594,101
Schubert#Impromptu_op.90_D.899#2#HuNY06M.102,,,success,,0.275,0.75,0.19393939393939394,0.7223333333333333,1.0,0.5882545454545454,0.6868333333333333,102
Schubert#Impromptu_op.90_D.899#2#HuNY06M.103,,,success,,0.273972602739726,0.875,0.06936416184971098,0.8611666666666666,1.0,0.6159006862512207,0.7525348173515982,103
Schubert#Impromptu_op.90_D.899#2#HuNY06M.104,,,conversion_error,conversion_error,0,0,0,0,0,0,0,104
Schubert#Impromptu_op.90_D.899#2#HuNY06M.106,,,conversion_error,conversion_error,0,0,0,0,0,0,0,106
Schubert#Impromptu_op.90_D.899#2#HuNY06M.107,,,conversion_error,conversion_error,0,0,0,0,0,0,0,107
Schubert#Impromptu_op.90_D.899#2#HuNY06M.108,,,success,,0.28888888888888886,0.6666666666666666,0.23958333333333331,1.0,0.0,0.43902777777777774,0.4888888888888889,108
Schubert#Impromptu_op.90_D.899#2#HuNY06M.11,,,success,,0.576,1.0,0.04705882352941177,0.8605142655864743,1.0,0.6967146178231772,0.8591285663966186,11
Schubert#Impromptu_op.90_D.899#2#HuNY06M.111,,,conversion_error,conversion_error,0,0,0,0,0,0,0,111
Schubert#Impromptu_op.90_D.899#2#HuNY06M.112,,,conversion_error,conversion_error,0,0,0,0,0,0,0,112
Schubert#Impromptu_op.90_D.899#2#HuNY06M.113,,,success,,0.2692307692307693,0.45454545454545464,0.1073170731707317,0.5,0.5,0.36621865938939113,0.430944055944056,113
Schubert#Impromptu_op.90_D.899#2#HuNY06M.114,,,conversion_error,conversion_error,0,0,0,0,0,0,0,114
Schubert#Impromptu_op.90_D.899#2#HuNY06M.117,,,conversion_error,conversion_error,0,0,0,0,0,0,0,117
Schubert#Impromptu_op.90_D.899#2#HuNY06M.118,,,success,,0.35294117647058826,0.6923076923076924,0.25961538461538464,0.9513888888888888,0.0,0.45125062845651076,0.49915943941679236,118
Schubert#Impromptu_op.90_D.899#2#HuNY06M.12,,,success,,0.5396825396825397,1.0,0.0888888888888889,0.904282344402105,1.0,0.7065707545947066,0.8609912210211611,12
Schubert#Impromptu_op.90_D.899#2#HuNY06M.127,,,success,,0.2626262626262626,0.7272727272727272,0.10185185185185185,0.875,1.0,0.5933501683501683,0.7162247474747474,127
Schubert#Impromptu_op.90_D.899#2#HuNY06M.128,,,success,,0.3076923076923077,0.6666666666666667,0.099009900990099,0.5409999999999999,0.5,0.4228737750698147,0.5038397435897436,128
Schubert#Impromptu_op.90_D.899#2#HuNY06M.129,,,success,,0.3564356435643564,0.8333333333333334,0.20657276995305163,0.8571428571428571,1.0,0.6506969207987197,0.7617279585101367,129
Schubert#Impromptu_op.90_D.899#2#HuNY06M.13,,,success,,0.507936507936508,1.0,0.0903954802259887,0.9207103035308694,1.0,0.7038084583386732,0.8571617028668443,13
Schubert#Impromptu_op.90_D.899#2#HuNY06M.130,,,success,,0.31818181818181823,0.7272727272727274,0.11206896551724137,1.0,0.5,0.5315047021943574,0.6363636363636365,130
Schubert#Impromptu_op.90_D.899#2#HuNY06M.133,,,success,,0.29357798165137616,0.7857142857142857,0.07511737089201877,0.9722222222222222,0.5,0.5253263720959805,0.637878622396971,133
Schubert#Impromptu_op.90_D.899#2#HuNY06M.134,,,conversion_error,conversion_error,0,0,0,0,0,0,0,134
Schubert#Impromptu_op.90_D.899#2#HuNY06M.135,,,success,,0.34951456310679613,0.7692307692307694,0.21390374331550802,1.0,0.5,0.5665298151306147,0.6546863330843914,135
Schubert#Impromptu_op.90_D.899#2#HuNY06M.136,,,success,,0.2884615384615385,0.358974358974359,0.14965986394557823,1.0,0.5,0.45941915227629515,0.5368589743589743,136
Schubert#Impromptu_op.90_D.899#2#HuNY06M.137,,,zero_mv2h,zero_mv2h,0,0,0,0,0,0,0,137
Schubert#Impromptu_op.90_D.899#2#HuNY06M.139,,,success,,0.5106382978723404,0.7916666666666666,0.20606060606060606,0.659088888888889,0.5,0.5334908918977004,0.615348463356974,139
Schubert#Impromptu_op.90_D.899#2#HuNY06M.140,,,success,,0.48936170212765956,0.7894736842105262,0.21714285714285717,0.9445,0.5,0.5880956486962086,0.6808338465845465,140
Schubert#Impromptu_op.90_D.899#2#HuNY06M.141,,,success,,0.46808510638297873,1.0,0.21383647798742136,0.811871794871795,0.5,0.598758675848439,0.6949892253136934,141
Schubert#Impromptu_op.90_D.899#2#HuNY06M.142,,,success,,0.5238095238095238,0.8232558139534883,0.1696969696969697,0.6668,0.5,0.5367124614919964,0.6284663344407531,142
Schubert#Impromptu_op.90_D.899#2#HuNY06M.143,,,success,,0.6067415730337079,0.8814652014652015,0.22641509433962262,0.7960555555555556,0.5,0.6021354848788175,0.6960655825136163,143
Schubert#Impromptu_op.90_D.899#2#HuNY06M.145,,,conversion_error,conversion_error,0,0,0,0,0,0,0,145
Schubert#Impromptu_op.90_D.899#2#HuNY06M.146,,,conversion_error,conversion_error,0,0,0,0,0,0,0,146
Schubert#Impromptu_op.90_D.899#2#HuNY06M.147,,,success,,0.574468085106383,0.7522388059701492,0.2111801242236025,0.8333333333333334,0.5,0.5742440697266936,0.6650100561024664,147
Schubert#Impromptu_op.90_D.899#2#HuNY06M.148,,,conversion_error,conversion_error,0,0,0,0,0,0,0,148
Schubert#Impromptu_op.90_D.899#2#HuNY06M.149,,,success,,0.4782608695652174,0.8181818181818181,0.1437125748502994,1.0,0.5,0.588031052519467,0.6991106719367589,149
Schubert#Impromptu_op.90_D.899#2#HuNY06M.15,,,timeout,timeout,0,0,0,0,0,0,0,15
Schubert#Impromptu_op.90_D.899#2#HuNY06M.151,,,success,,0.611764705882353,0.9226190476190477,0.30303030303030304,0.6787142857142856,1.0,0.7032256684491978,0.8032745098039216,151
Schubert#Impromptu_op.90_D.899#2#HuNY06M.152,,,success,,0.5686274509803921,0.8912337662337663,0.0880503144654088,0.7812242478897626,0.5,0.565827155913866,0.6852713662759802,152
Schubert#Impromptu_op.90_D.899#2#HuNY06M.157,,,success,,0.4313725490196078,0.6428571428571428,0.0782122905027933,0.5478571428571428,0.0,0.34005982504733734,0.40552170868347337,157
Schubert#Impromptu_op.90_D.899#2#HuNY06M.158,,,success,,0.34,0.6666666666666666,0.03208556149732621,1.0,0.0,0.40775044563279855,0.5016666666666667,158
Schubert#Impromptu_op.90_D.899#2#HuNY06M.159,,,success,,0.4583333333333333,0.8000000000000002,0.1116751269035533,1.0,0.0,0.47400169204737735,0.5645833333333334,159
Schubert#Impromptu_op.90_D.899#2#HuNY06M.16,,,timeout,timeout,0,0,0,0,0,0,0,16
Schubert#Impromptu_op.90_D.899#2#HuNY06M.160,,,success,,0.14814814814814814,0.8333333333333334,0.07960199004975124,0.750748502994012,0.0,0.36236639490504896,0.43305749611887334,160
Schubert#Impromptu_op.90_D.899#2#HuNY06M.162,,,success,,0.3333333333333333,1.0,0.03902439024390244,1.0,0.0,0.4744715447154471,0.5833333333333333,162
Schubert#Impromptu_op.90_D.899#2#HuNY06M.163,,,success,,0.5225225225225224,1.0,0.04784688995215311,0.9261477045908185,0.0,0.4993034234130988,0.6121675567783352,163
Schubert#Impromptu_op.90_D.899#2#HuNY06M.164,,,success,,0.5982905982905983,1.0,0.0411522633744856,0.9467065868263472,1.0,0.7172298896982863,0.8862492962792364,164
Schubert#Impromptu_op.90_D.899#2#HuNY06M.167,,,success,,0.5517241379310345,1.0,0.05882352941176471,0.9294867170200841,1.0,0.7080068768725767,0.8703027137377797,167
Schubert#Impromptu_op.90_D.899#2#HuNY06M.168,,,success,,0.631578947368421,1.0,0.11320754716981131,0.8901021486438888,1.0,0.7269777286364242,0.8804202740030774,168
Schubert#Impromptu_op.90_D.899#2#HuNY06M.17,,,success,,0.559322033898305,1.0,0.012195121951219513,0.9494115217840181,1.0,0.7041857355267085,0.8771833889205808,17
Schubert#Impromptu_op.90_D.899#2#HuNY06M.170,,,success,,0.6608695652173914,1.0,0.048192771084337345,0.8466479981214041,1.0,0.7111420668846267,0.8768793908346989,170
Schubert#Impromptu_op.90_D.899#2#HuNY06M.171,,,success,,0.6379310344827587,1.0,0.09580838323353293,0.8727247843080672,1.0,0.7212928404048717,0.8776639546977065,171
Schubert#Impromptu_op.90_D.899#2#HuNY06M.172,,,success,,0.5737704918032787,1.0,0.06818181818181818,0.9216424294268606,1.0,0.7127189478823915,0.8738532303075348,172
Schubert#Impromptu_op.90_D.899#2#HuNY06M.174,,,success,,0.6229508196721313,0.9714285714285714,0.06666666666666668,0.9101796407185629,1.0,0.7142451396971865,0.8761397579548165,174
Schubert#Impromptu_op.90_D.899#2#HuNY06M.175,,,success,,0.6034482758620691,1.0,0.14525139664804468,0.9177100344765015,1.0,0.733281941397323,0.8802895775846427,175
Schubert#Impromptu_op.90_D.899#2#HuNY06M.176,,,success,,0.5853658536585366,1.0,0.11042944785276072,0.8826611482916521,1.0,0.71569128996059,0.8670067504875472,176
Schubert#Impromptu_op.90_D.899#2#HuNY06M.179,,,success,,0.5901639344262296,1.0,0.049079754601226995,0.847692637404143,1.0,0.6973872652863199,0.8594641429575932,179
Schubert#Impromptu_op.90_D.899#2#HuNY06M.180,,,success,,0.6,1.0,0.14444444444444446,0.9286569717707442,1.0,0.7346202832430377,0.8821642429426861,180
Schubert#Impromptu_op.90_D.899#2#HuNY06M.181,,,success,,0.5132743362831859,1.0,0.05263157894736842,1.0,1.0,0.7131811830461109,0.8783185840707964,181
Schubert#Impromptu_op.90_D.899#2#HuNY06M.183,,,timeout,timeout,0,0,0,0,0,0,0,183
Schubert#Impromptu_op.90_D.899#2#HuNY06M.184,,,success,,0.5619834710743801,1.0,0.02877697841726619,0.9102703683542006,1.0,0.7002061635691694,0.8680634598571452,184
Schubert#Impromptu_op.90_D.899#2#HuNY06M.185,,,success,,0.5739130434782609,1.0,0.014388489208633093,0.9161676646706587,1.0,0.7008938394715105,0.87252017703723,185
Schubert#Impromptu_op.90_D.899#2#HuNY06M.187,,,success,,0.44628099173553715,1.0,0.04761904761904761,0.875,1.0,0.6737800078709169,0.8303202479338843,187
Schubert#Impromptu_op.90_D.899#2#HuNY06M.188,,,success,,0.4307692307692308,0.9259259259259259,0.053763440860215055,0.8833727725272348,1.0,0.6587662740165212,0.8100169823055978,188
Schubert#Impromptu_op.90_D.899#2#HuNY06M.189,,,success,,0.4881889763779528,0.9333333333333333,0.020512820512820513,0.8583569140166789,0.5,0.5600784088481572,0.6949698059319913,189
Schubert#Impromptu_op.90_D.899#2#HuNY06M.19,,,success,,0.4444444444444445,1.0,0.147239263803681,0.8702994011976048,1.0,0.6923966218891461,0.8286859614105123,19
Schubert#Impromptu_op.90_D.899#2#HuNY06M.2,,,success,,0.5128205128205129,1.0,0.012048192771084336,0.8995204590818363,1.0,0.6848778329346866,0.8530852429755873,2
Schubert#Impromptu_op.90_D.899#2#HuNY06M.20,,,success,,0.40322580645161293,0.9583333333333334,0.07317073170731707,0.943317909635275,1.0,0.6756095562255077,0.8262192623550553,20
Schubert#Impromptu_op.90_D.899#2#HuNY06M.21,,,success,,0.4375,0.962962962962963,0.07734806629834254,0.9333151878062058,0.5,0.5822252434135022,0.7084445376922922,21
Schubert#Impromptu_op.90_D.899#2#HuNY06M.211,,,success,,0.5873015873015873,1.0,0.0,0.9079548203380623,0.5,0.5990512815279299,0.7488141019099124,211
Schubert#Impromptu_op.90_D.899#2#HuNY06M.212,,,success,,0.481203007518797,0.9,0.12578616352201255,0.9258994011976048,1.0,0.6865777144476829,0.8267756021791005,212
Schubert#Impromptu_op.90_D.899#2#HuNY06M.215,,,success,,0.5714285714285714,1.0,0.0,0.9511374840680085,1.0,0.704513211099316,0.880641513874145,215
Schubert#Impromptu_op.90_D.899#2#HuNY06M.216,,,success,,0.6065573770491803,1.0,0.0,0.9429266467065869,1.0,0.7098968047511535,0.8873710059389418,216
Schubert#Impromptu_op.90_D.899#2#HuNY06M.220,,,success,,0.6218487394957982,0.9714285714285714,0.03870967741935484,0.8614517251211863,1.0,0.6986877426929822,0.863682259011389,220
Schubert#Impromptu_op.90_D.899#2#HuNY06M.223,,,success,,0.564516129032258,1.0,0.06818181818181818,0.9144568006843456,1.0,0.7094309495796843,0.869743232429151,223
Schubert#Impromptu_op.90_D.899#2#HuNY06M.224,,,success,,0.5573770491803278,1.0,0.047619047619047616,0.9624299787521731,1.0,0.7134852151103097,0.8799517569831252,224
Schubert#Impromptu_op.90_D.899#2#HuNY06M.225,,,success,,0.564516129032258,1.0,0.06666666666666668,0.9505988023952097,1.0,0.716356319618827,0.8787787328568669,225
Schubert#Impromptu_op.90_D.899#2#HuNY06M.227,,,success,,0.5573770491803279,1.0,0.0,0.8444026855926701,1.0,0.6803559469545997,0.8504449336932496,227
Schubert#Impromptu_op.90_D.899#2#HuNY06M.228,,,success,,0.5901639344262296,1.0,0.0,0.9023610652543248,1.0,0.6985049999361109,0.8731312499201387,228
Schubert#Impromptu_op.90_D.899#2#HuNY06M.229,,,success,,0.5714285714285714,1.0,0.022346368715083796,0.9785590110102376,1.0,0.7144667902307786,0.8874968956097022,229
Schubert#Impromptu_op.90_D.899#2#HuNY06M.231,,,success,,0.4193548387096774,0.9047619047619047,0.40718562874251496,0.9365079365079365,0.0,0.5335620617444068,0.5651561699948797,231
Schubert#Impromptu_op.90_D.899#2#HuNY06M.232,,,success,,0.17054263565891473,0.75,0.0,0.75,0.0,0.3341085271317829,0.41763565891472865,232
Schubert#Impromptu_op.90_D.899#2#HuNY06M.233,,,conversion_error,conversion_error,0,0,0,0,0,0,0,233
Schubert#Impromptu_op.90_D.899#2#HuNY06M.235,,,success,,0.16129032258064516,1.0,0.029197080291970805,1.0,1.0,0.6380974805745232,0.7903225806451613,235
Schubert#Impromptu_op.90_D.899#2#HuNY06M.236,,,success,,0.24000000000000002,1.0,0.013157894736842105,0.939575394665215,1.0,0.6385466578804114,0.7948938486663037,236
Schubert#Impromptu_op.90_D.899#2#HuNY06M.239,,,success,,0.5636363636363637,1.0,0.07253886010362694,1.0,0.5,0.6272350447479982,0.7659090909090909,239
Schubert#Impromptu_op.90_D.899#2#HuNY06M.240,,,success,,0.5254237288135593,1.0,0.08,0.9159281437125749,1.0,0.7042703745052268,0.8603379681315335,240
Schubert#Impromptu_op.90_D.899#2#HuNY06M.243,,,success,,0.3134328358208955,0.6666666666666666,0.06289308176100628,0.8705921490352628,1.0,0.5827169466567662,0.7126729128807062,243
Schubert#Impromptu_op.90_D.899#2#HuNY06M.252,,,success,,0.20560747663551404,0.5,0.12698412698412698,0.0,0.5,0.2665183207239282,0.3014018691588785,252
Schubert#Impromptu_op.90_D.899#2#HuNY06M.258,,,success,,0.43636363636363634,0.8333333333333334,0.21333333333333337,0.7322142857142857,0.0,0.44304891774891775,0.5004778138528139,258
Schubert#Impromptu_op.90_D.899#2#HuNY06M.259,,,success,,0.41071428571428575,0.7,0.34065934065934067,0.8888888888888888,0.0,0.46805250305250307,0.49990079365079365,259
Schubert#Impromptu_op.90_D.899#2#HuNY06M.260,,,success,,0.28571428571428575,0.8125000000000001,0.19230769230769232,0.9583333333333334,0.5,0.5497710622710623,0.6391369047619048,260
Schubert#Impromptu_op.90_D.899#2#HuNY06M.269,,,success,,0.2456140350877193,0.8571428571428571,0.11055276381909548,0.0,0.5,0.3426619312099344,0.4006892230576441,269
Schubert#Impromptu_op.90_D.899#2#HuNY06M.272,,,success,,0.19718309859154928,0.9,0.2711864406779661,0.786142001710864,0.5,0.5309023081960759,0.5958312750756034,272
Schubert#Impromptu_op.90_D.899#2#HuNY06M.273,,,success,,0.335483870967742,0.7843137254901961,0.07567567567567567,0.7502138579982891,0.5,0.4891374260263806,0.5925028636140568,273
Schubert#Impromptu_op.90_D.899#2#HuNY06M.274,,,success,,0.23750000000000002,0.7499999999999999,0.14507772020725387,0.38877777777777783,0.5,0.40427109959700636,0.46906944444444443,274
Schubert#Impromptu_op.90_D.899#2#HuNY06M.3,,,success,,0.6218487394957983,1.0,0.10843373493975904,0.8713176057523508,0.5,0.6203200160375817,0.7482915863120373,3
Schubert#Impromptu_op.90_D.899#2#HuNY06M.4,,,success,,0.5691056910569107,1.0,0.0903954802259887,0.9248075278015396,1.0,0.7168617398168878,0.8734783047146126,4
Schubert#Impromptu_op.90_D.899#2#HuNY06M.43,,,success,,0.6153846153846153,1.0,0.012903225806451613,0.9118597955603943,1.0,0.7080295273502923,0.8818111027362524,43
Schubert#Impromptu_op.90_D.899#2#HuNY06M.44,,,success,,0.5891472868217055,0.9705882352941176,0.07547169811320754,0.9047704590818364,1.0,0.7079955358621735,0.8661264952994149,44
Schubert#Impromptu_op.90_D.899#2#HuNY06M.47,,,success,,0.6050420168067226,1.0,0.0,0.9643284858853722,1.0,0.713874100538419,0.8923426256730238,47
Schubert#Impromptu_op.90_D.899#2#HuNY06M.48,,,success,,0.638655462184874,1.0,0.0,0.9559704121169427,1.0,0.7189251748603633,0.8986564685754541,48
Schubert#Impromptu_op.90_D.899#2#HuNY06M.52,,,success,,0.5087719298245613,0.9523809523809523,0.06451612903225806,0.8842749284040614,1.0,0.6819887879283666,0.8363569526523937,52
Schubert#Impromptu_op.90_D.899#2#HuNY06M.55,,,success,,0.5932203389830508,1.0,0.06857142857142856,0.9366980325064158,1.0,0.719697960012179,0.8824795928723667,55
Schubert#Impromptu_op.90_D.899#2#HuNY06M.56,,,success,,0.5619834710743801,1.0,0.06172839506172839,0.9849392124841228,1.0,0.7217302157240463,0.8867306708896256,56
Schubert#Impromptu_op.90_D.899#2#HuNY06M.57,,,success,,0.576271186440678,1.0,0.06097560975609756,0.9791039156626506,1.0,0.7232701423718852,0.8888437755258322,57
Schubert#Impromptu_op.90_D.899#2#HuNY06M.59,,,success,,0.5669291338582677,1.0,0.011834319526627219,0.9039070453470569,1.0,0.6965340997463904,0.8677090448013312,59
Schubert#Impromptu_op.90_D.899#2#HuNY06M.6,,,timeout,timeout,0,0,0,0,0,0,0,6
Schubert#Impromptu_op.90_D.899#2#HuNY06M.60,,,success,,0.6551724137931035,1.0,0.05673758865248227,0.8687887383128482,1.0,0.7161397481516868,0.8809902880264879,60
Schubert#Impromptu_op.90_D.899#2#HuNY06M.61,,,success,,0.6,1.0,0.0,0.9810094097519246,1.0,0.7162018819503849,0.8952523524379812,61
Schubert#Impromptu_op.90_D.899#2#HuNY06M.63,,,timeout,timeout,0,0,0,0,0,0,0,63
Schubert#Impromptu_op.90_D.899#2#HuNY06M.64,,,timeout,timeout,0,0,0,0,0,0,0,64
Schubert#Impromptu_op.90_D.899#2#HuNY06M.65,,,conversion_error,conversion_error,0,0,0,0,0,0,0,65
Schubert#Impromptu_op.90_D.899#2#HuNY06M.67,,,success,,0.14634146341463414,1.0,0.029850746268656712,1.0,1.0,0.6352384419366581,0.7865853658536586,67
Schubert#Impromptu_op.90_D.899#2#HuNY06M.68,,,timeout,timeout,0,0,0,0,0,0,0,68
Schubert#Impromptu_op.90_D.899#2#HuNY06M.7,,,success,,0.6140350877192983,1.0,0.0813953488372093,0.9307634730538923,1.0,0.72523878192208,0.8861996401932977,7
Schubert#Impromptu_op.90_D.899#2#HuNY06M.8,,,success,,0.5619834710743801,1.0,0.10526315789473684,0.8816004354926511,1.0,0.7097694128923535,0.8608959766417578,8
Schubert#Impromptu_op.90_D.899#2#HuNY06M.84,,,success,,0.25,1.0,0.13725490196078433,0.9166666666666667,1.0,0.6607843137254902,0.7916666666666667,84
Schubert#Impromptu_op.90_D.899#2#HuNY06M.85,,,success,,0.3302752293577982,0.8333333333333333,0.18779342723004694,0.9,1.0,0.6502803979842356,0.7659021406727828,85
Schubert#Impromptu_op.90_D.899#2#HuNY06M.86,,,success,,0.375,0.625,0.0,0.9161666666666667,1.0,0.5832333333333334,0.7290416666666667,86
Schubert#Impromptu_op.90_D.899#2#HuNY06M.87,,,success,,0.391304347826087,0.9583333333333334,0.11504424778761062,0.8989696969696969,1.0,0.6727303251833455,0.8121518445322793,87
Schubert#Impromptu_op.90_D.899#2#HuNY06M.88,,,success,,0.2156862745098039,0.5555555555555557,0.17117117117117117,1.0,0.5,0.4884826002473062,0.5678104575163399,88
Schubert#Impromptu_op.90_D.899#2#HuNY06M.90,,,success,,0.29166666666666663,0.7500000000000001,0.0,1.0,1.0,0.6083333333333334,0.7604166666666667,90
Schubert#Impromptu_op.90_D.899#2#HuNY06M.91,,,success,,0.288659793814433,0.7999999999999999,0.14507772020725387,1.0,1.0,0.6467475028043375,0.7721649484536082,91
Schubert#Impromptu_op.90_D.899#2#HuNY06M.92,,,conversion_error,conversion_error,0,0,0,0,0,0,0,92
Schubert#Impromptu_op.90_D.899#2#HuNY06M.93,,,conversion_error,conversion_error,0,0,0,0,0,0,0,93
Schubert#Impromptu_op.90_D.899#2#HuNY06M.94,,,success,,0.31818181818181823,0.6363636363636364,0.012903225806451613,1.0,0.5,0.49348973607038127,0.6136363636363636,94
Schubert#Impromptu_op.90_D.899#2#HuNY06M.96,,,success,,0.46153846153846156,0.5226890756302521,0.15028901734104047,0.8148888888888889,0.0,0.38988108867972865,0.4497791065144007,96
Schubert#Impromptu_op.90_D.899#2#HuNY06M.97,,,success,,0.3958333333333333,0.7544117647058823,0.03773584905660377,0.6665000000000001,0.0,0.3708961894191639,0.4541862745098039,97
Schubert#Impromptu_op.90_D.899#2#HuNY06M.98,,,success,,0.41463414634146345,0.9393939393939393,0.21383647798742136,0.8402916666666667,1.0,0.6816312460778982,0.7985799381005174,98
Schubert#Impromptu_op.90_D.899#2#HuNY06M.99,,,success,,0.5249999999999999,0.8500000000000001,0.3018867924528302,0.7524545454545456,0.5,0.5858682675814751,0.6568636363636364,99
Schubert#Impromptu_op.90_D.899#2#KaiRuiR05M.1,,,success,,0.584070796460177,0.924731182795699,0.051948051948051945,0.9160205114727515,0.5,0.595354108535336,0.7312056226821568,1
Schubert#Impromptu_op.90_D.899#2#KaiRuiR05M.101,,,success,,0.40860215053763443,0.8564102564102565,0.02531645569620253,0.8094285714285715,1.0,0.6199514868145329,0.7686102445941156,101
Schubert#Impromptu_op.90_D.899#2#KaiRuiR05M.102,,,success,,0.36956521739130427,1.0,0.15568862275449102,0.778522383803821,0.5,0.5607552447899232,0.6620219002987813,102
Schubert#Impromptu_op.90_D.899#2#KaiRuiR05M.103,,,success,,0.45652173913043476,0.47450980392156855,0.09580838323353293,0.8703333333333333,1.0,0.5794346519237739,0.7003412190963342,103
Schubert#Impromptu_op.90_D.899#2#KaiRuiR05M.104,,,success,,0.3333333333333333,0.6363636363636364,0.1575757575757576,1.0,0.5,0.5254545454545455,0.6174242424242424,104
Schubert#Impromptu_op.90_D.899#2#KaiRuiR05M.106,,,success,,0.3132530120481928,0.3,0.05813953488372093,1.0,0.5,0.4342785093863827,0.5283132530120482,106
Schubert#Impromptu_op.90_D.899#2#KaiRuiR05M.107,,,success,,0.32967032967032966,0.7638888888888888,0.024390243902439022,1.0,0.0,0.42358989249233153,0.5233898046398047,107
Schubert#Impromptu_op.90_D.899#2#KaiRuiR05M.108,,,success,,0.2795698924731182,0.75,0.07526881720430106,1.0,0.0,0.4209677419354838,0.5073924731182795,108
Schubert#Impromptu_op.90_D.899#2#KaiRuiR05M.11,,,success,,0.5555555555555555,1.0,0.06976744186046513,0.8700411676646708,1.0,0.6990728330161382,0.8563991808050565,11
Schubert#Impromptu_op.90_D.899#2#KaiRuiR05M.111,,,success,,0.2826086956521739,0.6363636363636365,0.14705882352941177,0.9258888888888889,0.5,0.4983840088868222,0.5862153052261748,111
Schubert#Impromptu_op.90_D.899#2#KaiRuiR05M.112,,,conversion_error,conversion_error,0,0,0,0,0,0,0,112
Schubert#Impromptu_op.90_D.899#2#KaiRuiR05M.113,,,success,,0.16666666666666663,1.0,0.07692307692307691,0.0,0.5,0.3487179487179487,0.41666666666666663,113
Schubert#Impromptu_op.90_D.899#2#KaiRuiR05M.114,,,conversion_error,conversion_error,0,0,0,0,0,0,0,114
Schubert#Impromptu_op.90_D.899#2#KaiRuiR05M.117,,,success,,0.4297520661157025,0.6842105263157896,0.251207729468599,0.8529411764705882,0.0,0.44362229967413586,0.49172594222552013,117
Schubert#Impromptu_op.90_D.899#2#KaiRuiR05M.118,,,conversion_error,conversion_error,0,0,0,0,0,0,0,118
Schubert#Impromptu_op.90_D.899#2#KaiRuiR05M.12,,,success,,0.4920634920634921,1.0,0.056179775280898875,0.89606501283148,1.0,0.6888616560351741,0.847032126223743,12
Schubert#Impromptu_op.90_D.899#2#KaiRuiR05M.127,,,success,,0.34615384615384615,0.6,0.1904761904761905,0.875,1.0,0.6023260073260073,0.7052884615384616,127
Schubert#Impromptu_op.90_D.899#2#KaiRuiR05M.128,,,conversion_error,conversion_error,0,0,0,0,0,0,0,128
Schubert#Impromptu_op.90_D.899#2#KaiRuiR05M.129,,,success,,0.3364485981308411,0.8749999999999999,0.16901408450704225,0.75,1.0,0.6260925365275767,0.7403621495327102,129
Schubert#Impromptu_op.90_D.899#2#KaiRuiR05M.13,,,success,,0.5116279069767442,1.0,0.0410958904109589,0.8877764050212827,1.0,0.6881000404817972,0.8498510779995068,13
Schubert#Impromptu_op.90_D.899#2#KaiRuiR05M.130,,,success,,0.3368421052631579,0.9545454545454546,0.0,0.8571428571428571,0.5,0.5297060833902939,0.6621326042378674,130
Schubert#Impromptu_op.90_D.899#2#KaiRuiR05M.133,,,conversion_error,conversion_error,0,0,0,0,0,0,0,133
Schubert#Impromptu_op.90_D.899#2#KaiRuiR05M.134,,,success,,0.3092783505154639,0.3333333333333333,0.20095693779904306,1.0,0.5,0.46871372432956804,0.5356529209621993,134
Schubert#Impromptu_op.90_D.899#2#KaiRuiR05M.135,,,success,,0.32989690721649484,0.7692307692307692,0.0,0.7163999999999999,0.5,0.46310553528945275,0.578881919111816,135
Schubert#Impromptu_op.90_D.899#2#KaiRuiR05M.136,,,success,,0.22033898305084745,0.888888888888889,0.1045751633986928,1.0,0.5,0.5427606070676859,0.652306967984934,136
Schubert#Impromptu_op.90_D.899#2#KaiRuiR05M.137,,,conversion_error,conversion_error,0,0,0,0,0,0,0,137
Schubert#Impromptu_op.90_D.899#2#KaiRuiR05M.139,,,success,,0.42307692307692313,0.8125000000000001,0.09599999999999999,0.8333333333333334,0.5,0.5329820512820513,0.6422275641025642,139
Schubert#Impromptu_op.90_D.899#2#KaiRuiR05M.140,,,success,,0.2990654205607477,0.78,0.11347517730496454,0.542,0.5,0.44690811957314247,0.5302663551401869,140
Schubert#Impromptu_op.90_D.899#2#KaiRuiR05M.141,,,success,,0.3584905660377358,0.8930232558139535,0.24864864864864872,0.888888888888889,0.5,0.5778102718778454,0.6601006776851446,141
Schubert#Impromptu_op.90_D.899#2#KaiRuiR05M.142,,,success,,0.3333333333333333,1.0,0.0,0.5645238095238094,0.5,0.47957142857142854,0.5994642857142857,142
Schubert#Impromptu_op.90_D.899#2#KaiRuiR05M.143,,,success,,0.42105263157894735,0.7357142857142858,0.12121212121212122,0.76325,0.5,0.5082458077010708,0.6050042293233082,143
Schubert#Impromptu_op.90_D.899#2#KaiRuiR05M.145,,,success,,0.5333333333333333,0.9008130081300812,0.2111801242236025,0.9015,0.5,0.6093652931374034,0.7089115853658536,145
Schubert#Impromptu_op.90_D.899#2#KaiRuiR05M.146,,,conversion_error,conversion_error,0,0,0,0,0,0,0,146
Schubert#Impromptu_op.90_D.899#2#KaiRuiR05M.147,,,conversion_error,conversion_error,0,0,0,0,0,0,0,147
Schubert#Impromptu_op.90_D.899#2#KaiRuiR05M.148,,,conversion_error,conversion_error,0,0,0,0,0,0,0,148
Schubert#Impromptu_op.90_D.899#2#KaiRuiR05M.149,,,success,,0.40707964601769914,0.8947368421052632,0.03726708074534161,0.8143917619306841,0.5,0.5306950661597976,0.6540520625134116,149
Schubert#Impromptu_op.90_D.899#2#KaiRuiR05M.15,,,timeout,timeout,0,0,0,0,0,0,0,15
Schubert#Impromptu_op.90_D.899#2#KaiRuiR05M.151,,,success,,0.6041666666666666,0.8695652173913043,0.10055865921787709,0.8552537781579698,1.0,0.6859088642867636,0.8322464155539852,151
Schubert#Impromptu_op.90_D.899#2#KaiRuiR05M.152,,,success,,0.6236559139784946,0.8571428571428571,0.23899371069182387,0.722333000665336,1.0,0.6884250964957024,0.800782942946672,152
Schubert#Impromptu_op.90_D.899#2#KaiRuiR05M.157,,,success,,0.31775700934579443,0.7857142857142857,0.24870466321243523,1.0,0.0,0.4704351916545031,0.5258678237650201,157
Schubert#Impromptu_op.90_D.899#2#KaiRuiR05M.158,,,success,,0.3725490196078432,0.7142857142857143,0.08938547486033521,0.6564999999999999,0.0,0.3665440417507785,0.43583368347338936,158
Schubert#Impromptu_op.90_D.899#2#KaiRuiR05M.159,,,success,,0.5333333333333333,0.823529411764706,0.12716763005780346,0.8611111111111112,0.0,0.46902829725339074,0.5544934640522876,159
Schubert#Impromptu_op.90_D.899#2#KaiRuiR05M.16,,,success,,0.5378151260504201,0.9666666666666666,0.0,0.8976710568154188,1.0,0.6804305699065012,0.8505382123831264,16
Schubert#Impromptu_op.90_D.899#2#KaiRuiR05M.160,,,success,,0.2162162162162162,1.0,0.03208556149732621,0.9166666666666666,0.0,0.43299368887604184,0.5332207207207207,160
Schubert#Impromptu_op.90_D.899#2#KaiRuiR05M.162,,,conversion_error,conversion_error,0,0,0,0,0,0,0,162
Schubert#Impromptu_op.90_D.899#2#KaiRuiR05M.163,,,success,,0.49230769230769234,1.0,0.07659574468085105,0.933469946113334,0.0,0.5004746766203755,0.6064444096052566,163
Schubert#Impromptu_op.90_D.899#2#KaiRuiR05M.164,,,success,,0.6046511627906976,1.0,0.09433962264150943,0.9754901960784313,1.0,0.7348961963021277,0.8950353397172822,164
Schubert#Impromptu_op.90_D.899#2#KaiRuiR05M.167,,,timeout,timeout,0,0,0,0,0,0,0,167
Schubert#Impromptu_op.90_D.899#2#KaiRuiR05M.168,,,timeout,timeout,0,0,0,0,0,0,0,168
Schubert#Impromptu_op.90_D.899#2#KaiRuiR05M.17,,,success,,0.5826771653543307,0.9333333333333333,0.06504065040650406,0.8492557238464249,1.0,0.6860613745881186,0.8413165556335223,17
Schubert#Impromptu_op.90_D.899#2#KaiRuiR05M.170,,,success,,0.5873015873015873,1.0,0.0,0.876894377910845,1.0,0.6928391930424864,0.8660489913031081,170
Schubert#Impromptu_op.90_D.899#2#KaiRuiR05M.171,,,success,,0.5901639344262296,1.0,0.10650887573964497,0.8990802622575221,1.0,0.7191506144846793,0.8723110491709379,171
Schubert#Impromptu_op.90_D.899#2#KaiRuiR05M.172,,,success,,0.564516129032258,1.0,0.05555555555555556,0.910885629773156,1.0,0.7061914628721939,0.8688504397013534,172
Schubert#Impromptu_op.90_D.899#2#KaiRuiR05M.174,,,success,,0.5901639344262295,0.9714285714285714,0.09999999999999999,0.9354019234258755,1.0,0.7193988858561353,0.8742486073201691,174
Schubert#Impromptu_op.90_D.899#2#KaiRuiR05M.175,,,timeout,timeout,0,0,0,0,0,0,0,175
Schubert#Impromptu_op.90_D.899#2#KaiRuiR05M.176,,,success,,0.607142857142857,1.0,0.1,0.9178368345455857,1.0,0.7249959383376885,0.8812449229221107,176
Schubert#Impromptu_op.90_D.899#2#KaiRuiR05M.179,,,success,,0.6166666666666667,1.0,0.17045454545454544,0.8727247843080671,1.0,0.7319691992858559,0.8723478627436835,179
Schubert#Impromptu_op.90_D.899#2#KaiRuiR05M.180,,,success,,0.4960000000000001,1.0,0.06818181818181818,0.9741895519306215,1.0,0.707674274022488,0.8675473879826554,180
Schubert#Impromptu_op.90_D.899#2#KaiRuiR05M.181,,,timeout,timeout,0,0,0,0,0,0,0,181
Schubert#Impromptu_op.90_D.899#2#KaiRuiR05M.183,,,success,,0.5528455284552846,1.0,0.0684931506849315,0.8203266998843355,1.0,0.6883330758049103,0.843293057084905,183
Schubert#Impromptu_op.90_D.899#2#KaiRuiR05M.184,,,success,,0.5806451612903225,0.9705882352941176,0.0,0.8372226135963367,1.0,0.6776912020361554,0.8471140025451942,184
Schubert#Impromptu_op.90_D.899#2#KaiRuiR05M.185,,,success,,0.6115702479338843,1.0,0.04878048780487805,0.8718283433133732,1.0,0.7064358158104271,0.8708496478118144,185
Schubert#Impromptu_op.90_D.899#2#KaiRuiR05M.187,,,success,,0.3966942148760331,1.0,0.17821782178217818,0.9411764705882353,1.0,0.7032177014492893,0.834467671366067,187
Schubert#Impromptu_op.90_D.899#2#KaiRuiR05M.188,,,success,,0.35114503816793896,0.9090909090909091,0.1005586592178771,0.8573701286300539,1.0,0.6436329470213558,0.7794015189722254,188
Schubert#Impromptu_op.90_D.899#2#KaiRuiR05M.189,,,success,,0.4132231404958678,1.0,0.08653846153846154,1.0,1.0,0.6999523204068658,0.8533057851239669,189
Schubert#Impromptu_op.90_D.899#2#KaiRuiR05M.19,,,success,,0.4793388429752066,1.0,0.15476190476190477,0.8453815261044177,1.0,0.6958964547683057,0.8311800922699061,19
Schubert#Impromptu_op.90_D.899#2#KaiRuiR05M.2,,,success,,0.5882352941176471,1.0,0.048192771084337345,0.8220234669837724,1.0,0.6916903064371513,0.8525646902753549,2
Schubert#Impromptu_op.90_D.899#2#KaiRuiR05M.20,,,success,,0.43749999999999994,0.9259259259259259,0.07185628742514971,0.8985329341317364,1.0,0.6667630294965623,0.8154897150144156,20
Schubert#Impromptu_op.90_D.899#2#KaiRuiR05M.21,,,success,,0.4806201550387597,0.9666666666666666,0.09999999999999999,0.9044868763143058,1.0,0.6903547396039464,0.837943424504933,21
Schubert#Impromptu_op.90_D.899#2#KaiRuiR05M.211,,,success,,0.5864661654135339,0.9705882352941176,0.05031446540880503,0.8899641323413778,0.5,0.5994665996915669,0.7367546332622573,211
Schubert#Impromptu_op.90_D.899#2#KaiRuiR05M.212,,,success,,0.6518518518518519,1.0,0.013513513513513514,0.9231034147920375,1.0,0.7176937560314806,0.8937388166609723,212
Schubert#Impromptu_op.90_D.899#2#KaiRuiR05M.215,,,success,,0.5289256198347108,0.9666666666666667,0.013071895424836602,0.9792914171656687,1.0,0.6975911198183765,0.8687209259167615,215
Schubert#Impromptu_op.90_D.899#2#KaiRuiR05M.216,,,success,,0.5909090909090909,1.0,0.02531645569620253,0.9486615005283551,1.0,0.7129774094267296,0.8848926478593615,216
Schubert#Impromptu_op.90_D.899#2#KaiRuiR05M.220,,,success,,0.5882352941176472,0.9292929292929293,0.0,0.9178418646577812,1.0,0.6870740176136716,0.8588425220170894,220
Schubert#Impromptu_op.90_D.899#2#KaiRuiR05M.223,,,success,,0.564516129032258,1.0,0.08938547486033521,0.9358426005132592,1.0,0.7179488408811705,0.8750896823863793,223
Schubert#Impromptu_op.90_D.899#2#KaiRuiR05M.224,,,success,,0.53125,1.0,0.04166666666666667,0.9053710760297586,1.0,0.6956575485392851,0.8591552690074397,224
Schubert#Impromptu_op.90_D.899#2#KaiRuiR05M.225,,,success,,0.5486725663716815,1.0,0.0,0.9467731204258151,1.0,0.6990891373594993,0.8738614216993741,225
Schubert#Impromptu_op.90_D.899#2#KaiRuiR05M.227,,,success,,0.5806451612903225,1.0,0.05442176870748299,0.8348133051166743,1.0,0.693976047022896,0.8538646166017492,227
Schubert#Impromptu_op.90_D.899#2#KaiRuiR05M.228,,,success,,0.5625000000000001,0.9705882352941176,0.03252032520325203,0.8806408267801745,1.0,0.6892498774555088,0.8534322655185731,228
Schubert#Impromptu_op.90_D.899#2#KaiRuiR05M.229,,,success,,0.5581395348837209,1.0,0.0,0.9206582766430287,1.0,0.69575956230535,0.8696994528816875,229
Schubert#Impromptu_op.90_D.899#2#KaiRuiR05M.231,,,conversion_error,conversion_error,0,0,0,0,0,0,0,231
Schubert#Impromptu_op.90_D.899#2#KaiRuiR05M.232,,,conversion_error,conversion_error,0,0,0,0,0,0,0,232
Schubert#Impromptu_op.90_D.899#2#KaiRuiR05M.233,,,conversion_error,conversion_error,0,0,0,0,0,0,0,233
Schubert#Impromptu_op.90_D.899#2#KaiRuiR05M.235,,,conversion_error,conversion_error,0,0,0,0,0,0,0,235
Schubert#Impromptu_op.90_D.899#2#KaiRuiR05M.236,,,success,,0.125,1.0,0.025806451612903222,1.0,1.0,0.6301612903225806,0.78125,236
Schubert#Impromptu_op.90_D.899#2#KaiRuiR05M.239,,,success,,0.55,1.0,0.06629834254143648,0.8924294268605645,0.5,0.6017455538804002,0.7356073567151411,239
Schubert#Impromptu_op.90_D.899#2#KaiRuiR05M.240,,,success,,0.5037037037037037,1.0,0.0,0.8479272011747978,1.0,0.6703261809757002,0.8379077262196253,240
Schubert#Impromptu_op.90_D.899#2#KaiRuiR05M.243,,,zero_mv2h,zero_mv2h,0,0,0,0,0,0,0,243
Schubert#Impromptu_op.90_D.899#2#KaiRuiR05M.252,,,conversion_error,conversion_error,0,0,0,0,0,0,0,252
Schubert#Impromptu_op.90_D.899#2#KaiRuiR05M.258,,,success,,0.43478260869565216,0.8333333333333334,0.27586206896551724,0.7460000000000002,0.0,0.45799560219890056,0.5035289855072465,258
Schubert#Impromptu_op.90_D.899#2#KaiRuiR05M.259,,,success,,0.4754098360655738,0.7391304347826089,0.29213483146067415,0.9117647058823529,0.0,0.48368796163824196,0.5315762441826339,259
Schubert#Impromptu_op.90_D.899#2#KaiRuiR05M.260,,,success,,0.44776119402985076,0.7500000000000001,0.23958333333333331,1.0,0.5,0.5874689054726369,0.6744402985074627,260
Schubert#Impromptu_op.90_D.899#2#KaiRuiR05M.269,,,success,,0.27419354838709675,1.0,0.2569832402234637,0.562375,0.5,0.5187103577221122,0.5841421370967742,269
Schubert#Impromptu_op.90_D.899#2#KaiRuiR05M.3,,,success,,0.5982905982905983,1.0,0.08433734939759036,0.9054244452271927,0.5,0.6176104785830763,0.7509287608794477,3
Schubert#Impromptu_op.90_D.899#2#KaiRuiR05M.4,,,success,,0.5785123966942148,1.0,0.06896551724137931,0.9319542732716386,1.0,0.7158864374414465,0.8776166674914634,4
Schubert#Impromptu_op.90_D.899#2#KaiRuiR05M.43,,,success,,0.6,0.9393939393939394,0.06451612903225806,0.8418381347245271,0.5,0.589149640630145,0.7203080185296167,43
Schubert#Impromptu_op.90_D.899#2#KaiRuiR05M.44,,,success,,0.5692307692307692,1.0,0.025157232704402514,0.9351714071856287,1.0,0.7059118818241601,0.8761005441040994,44
Schubert#Impromptu_op.90_D.899#2#KaiRuiR05M.47,,,success,,0.4999999999999999,1.0,0.012578616352201257,0.9515968063872254,1.0,0.6928350845478853,0.8628992015968063,47
Schubert#Impromptu_op.90_D.899#2#KaiRuiR05M.48,,,success,,0.6363636363636364,1.0,0.0,0.9555434585374706,1.0,0.7183814189802213,0.8979767737252767,48
Schubert#Impromptu_op.90_D.899#2#KaiRuiR05M.52,,,success,,0.5964912280701754,0.96875,0.0,0.9273631727508839,0.5,0.5985208801642119,0.7481511002052649,52
Schubert#Impromptu_op.90_D.899#2#KaiRuiR05M.55,,,success,,0.53125,1.0,0.05442176870748299,0.9239702413355108,1.0,0.7019284020085987,0.8638050603338777,55
Schubert#Impromptu_op.90_D.899#2#KaiRuiR05M.56,,,success,,0.5271317829457365,1.0,0.04,0.9050988931228453,1.0,0.6944461352137163,0.8580576690171454,56
Schubert#Impromptu_op.90_D.899#2#KaiRuiR05M.57,,,success,,0.5714285714285713,1.0,0.05333333333333333,0.8829693554068333,1.0,0.7015462520337475,0.8635994817088511,57
Schubert#Impromptu_op.90_D.899#2#KaiRuiR05M.59,,,success,,0.5555555555555556,1.0,0.08053691275167785,0.8533517656395219,1.0,0.6978888467893511,0.8522268302987693,59
Schubert#Impromptu_op.90_D.899#2#KaiRuiR05M.6,,,success,,0.5882352941176471,0.9705882352941176,0.06703910614525141,0.928530036700792,1.0,0.7108785344515616,0.8718383915281391,6
Schubert#Impromptu_op.90_D.899#2#KaiRuiR05M.60,,,success,,0.5984251968503937,0.9714285714285714,0.07751937984496123,0.8432721984602224,1.0,0.6981290693168297,0.8532814916847968,60
Schubert#Impromptu_op.90_D.899#2#KaiRuiR05M.61,,,success,,0.5937499999999999,0.9714285714285713,0.08130081300813008,0.8401016716566866,1.0,0.6973162112186776,0.8513200607713144,61
Schubert#Impromptu_op.90_D.899#2#KaiRuiR05M.63,,,conversion_error,conversion_error,0,0,0,0,0,0,0,63
Schubert#Impromptu_op.90_D.899#2#KaiRuiR05M.64,,,conversion_error,conversion_error,0,0,0,0,0,0,0,64
Schubert#Impromptu_op.90_D.899#2#KaiRuiR05M.65,,,conversion_error,conversion_error,0,0,0,0,0,0,0,65
Schubert#Impromptu_op.90_D.899#2#KaiRuiR05M.67,,,conversion_error,conversion_error,0,0,0,0,0,0,0,67
Schubert#Impromptu_op.90_D.899#2#KaiRuiR05M.68,,,timeout,timeout,0,0,0,0,0,0,0,68
Schubert#Impromptu_op.90_D.899#2#KaiRuiR05M.7,,,timeout,timeout,0,0,0,0,0,0,0,7
Schubert#Impromptu_op.90_D.899#2#KaiRuiR05M.8,,,success,,0.5641025641025641,1.0,0.10062893081761005,0.9161094833263904,1.0,0.7161681956493129,0.8700530118572386,8
Schubert#Impromptu_op.90_D.899#2#KaiRuiR05M.84,,,conversion_error,conversion_error,0,0,0,0,0,0,0,84
Schubert#Impromptu_op.90_D.899#2#KaiRuiR05M.85,,,success,,0.380952380952381,0.9642857142857143,0.28169014084507044,0.8,1.0,0.6853856472166331,0.7863095238095239,85
Schubert#Impromptu_op.90_D.899#2#KaiRuiR05M.86,,,success,,0.3191489361702128,0.6249999999999999,0.2181818181818182,1.0,1.0,0.6324661508704061,0.7360372340425532,86
Schubert#Impromptu_op.90_D.899#2#KaiRuiR05M.87,,,success,,0.36734693877551017,0.8333333333333334,0.1090909090909091,0.9444444444444444,0.5,0.5508431251288395,0.661281179138322,87
Schubert#Impromptu_op.90_D.899#2#KaiRuiR05M.88,,,conversion_error,conversion_error,0,0,0,0,0,0,0,88
Schubert#Impromptu_op.90_D.899#2#KaiRuiR05M.90,,,conversion_error,conversion_error,0,0,0,0,0,0,0,90
Schubert#Impromptu_op.90_D.899#2#KaiRuiR05M.91,,,conversion_error,conversion_error,0,0,0,0,0,0,0,91
Schubert#Impromptu_op.90_D.899#2#KaiRuiR05M.92,,,conversion_error,conversion_error,0,0,0,0,0,0,0,92
Schubert#Impromptu_op.90_D.899#2#KaiRuiR05M.93,,,conversion_error,conversion_error,0,0,0,0,0,0,0,93
Schubert#Impromptu_op.90_D.899#2#KaiRuiR05M.94,,,conversion_error,conversion_error,0,0,0,0,0,0,0,94
Schubert#Impromptu_op.90_D.899#2#KaiRuiR05M.96,,,success,,0.4752475247524752,0.888888888888889,0.13173652694610777,0.7699568006843457,0.0,0.45316594825436346,0.5335233035814274,96
Schubert#Impromptu_op.90_D.899#2#KaiRuiR05M.97,,,success,,0.3516483516483517,1.0,0.23899371069182387,1.0,0.0,0.5181284124680351,0.5879120879120879,97
Schubert#Impromptu_op.90_D.899#2#KaiRuiR05M.98,,,success,,0.23529411764705882,0.7500000000000001,0.22641509433962262,1.0,1.0,0.6423418423973363,0.7463235294117647,98
Schubert#Impromptu_op.90_D.899#2#KaiRuiR05M.99,,,success,,0.48101265822784806,0.6364692218350755,0.16352201257861634,0.63875,1.0,0.583950778528308,0.6890579700157309,99
Schubert#Impromptu_op.90_D.899#2#Levitsky09M.1,,,success,,0.6086956521739131,0.9696969696969697,0.048484848484848485,0.9374514197411629,1.0,0.7128657780193788,0.8789610104030114,1
Schubert#Impromptu_op.90_D.899#2#Levitsky09M.101,,,success,,0.30107526881720437,0.608695652173913,0.2515723270440251,0.5835,1.0,0.5489686496070285,0.6233177302477794,101
Schubert#Impromptu_op.90_D.899#2#Levitsky09M.102,,,success,,0.4175824175824176,0.6642857142857144,0.012903225806451611,0.7469583333333334,0.5,0.46834593820158343,0.5822066163003663,102
Schubert#Impromptu_op.90_D.899#2#Levitsky09M.103,,,success,,0.4137931034482758,0.6666666666666666,0.12578616352201255,0.7709583333333333,0.5,0.49544085339405763,0.5878545258620689,103
Schubert#Impromptu_op.90_D.899#2#Levitsky09M.104,,,success,,0.37499999999999994,0.7647058823529412,0.05031446540880503,0.7874444444444444,0.5,0.49549295844123814,0.6067875816993464,104
Schubert#Impromptu_op.90_D.899#2#Levitsky09M.106,,,success,,0.32941176470588235,0.6153846153846153,0.1511627906976744,0.9005988023952096,0.5,0.4993115946366764,0.5863487956214268,106
Schubert#Impromptu_op.90_D.899#2#Levitsky09M.107,,,conversion_error,conversion_error,0,0,0,0,0,0,0,107
Schubert#Impromptu_op.90_D.899#2#Levitsky09M.108,,,conversion_error,conversion_error,0,0,0,0,0,0,0,108
Schubert#Impromptu_op.90_D.899#2#Levitsky09M.11,,,success,,0.5354330708661417,1.0,0.05714285714285714,0.8078362543415748,1.0,0.6800824364701147,0.8358173313019291,11
Schubert#Impromptu_op.90_D.899#2#Levitsky09M.111,,,success,,0.2,0.7,0.18811881188118815,0.7005988023952096,0.0,0.3577435228552795,0.4001497005988024,111
Schubert#Impromptu_op.90_D.899#2#Levitsky09M.112,,,success,,0.2181818181818182,0.7,0.04938271604938271,0.5,0.0,0.2935129068462402,0.35454545454545455,112
Schubert#Impromptu_op.90_D.899#2#Levitsky09M.113,,,success,,0.2733812949640288,0.5729166666666666,0.0392156862745098,0.6948882235528941,0.0,0.31608037429161984,0.3852965462958974,113
Schubert#Impromptu_op.90_D.899#2#Levitsky09M.114,,,conversion_error,conversion_error,0,0,0,0,0,0,0,114
Schubert#Impromptu_op.90_D.899#2#Levitsky09M.117,,,success,,0.2521008403361345,0.8461538461538461,0.12935323383084577,0.8125,0.0,0.40802158406416533,0.4776886716224952,117
Schubert#Impromptu_op.90_D.899#2#Levitsky09M.118,,,success,,0.3106796116504854,0.7857142857142857,0.17475728155339804,0.812874251497006,0.0,0.416805086083035,0.4773170372154443,118
Schubert#Impromptu_op.90_D.899#2#Levitsky09M.12,,,success,,0.5426356589147286,1.0,0.026666666666666665,0.8802962062106424,1.0,0.6899197063584076,0.8557329662813428,12
Schubert#Impromptu_op.90_D.899#2#Levitsky09M.127,,,success,,0.2857142857142857,0.7,0.1523809523809524,1.0,0.5,0.5276190476190477,0.6214285714285714,127
Schubert#Impromptu_op.90_D.899#2#Levitsky09M.128,,,success,,0.28,0.7272727272727273,0.038461538461538464,1.0,0.5,0.5091468531468533,0.6268181818181818,128
Schubert#Impromptu_op.90_D.899#2#Levitsky09M.129,,,success,,0.3177570093457944,0.75,0.26291079812206575,1.0,0.5,0.5661335614935721,0.6419392523364487,129
Schubert#Impromptu_op.90_D.899#2#Levitsky09M.13,,,timeout,timeout,0,0,0,0,0,0,0,13
Schubert#Impromptu_op.90_D.899#2#Levitsky09M.130,,,success,,0.30357142857142855,0.5714285714285715,0.30097087378640774,0.90625,0.5,0.5164441747572815,0.5703125,130
Schubert#Impromptu_op.90_D.899#2#Levitsky09M.133,,,conversion_error,conversion_error,0,0,0,0,0,0,0,133
Schubert#Impromptu_op.90_D.899#2#Levitsky09M.134,,,success,,0.24347826086956523,0.9166666666666666,0.15483870967741936,0.719,0.0,0.40679672744273027,0.469786231884058,134
Schubert#Impromptu_op.90_D.899#2#Levitsky09M.135,,,success,,0.35185185185185186,0.7647058823529413,0.029197080291970802,0.8611111111111112,0.0,0.40137318512157505,0.4944172113289761,135
Schubert#Impromptu_op.90_D.899#2#Levitsky09M.136,,,conversion_error,conversion_error,0,0,0,0,0,0,0,136
Schubert#Impromptu_op.90_D.899#2#Levitsky09M.137,,,conversion_error,conversion_error,0,0,0,0,0,0,0,137
Schubert#Impromptu_op.90_D.899#2#Levitsky09M.139,,,success,,0.43956043956043955,0.8823529411764706,0.19199999999999998,0.6855555555555556,0.0,0.43989378725849315,0.5018672340731164,139
Schubert#Impromptu_op.90_D.899#2#Levitsky09M.140,,,success,,0.3137254901960785,0.7142857142857142,0.031999999999999994,0.5128562874251497,0.5,0.41457349838138846,0.5102168729767356,140
Schubert#Impromptu_op.90_D.899#2#Levitsky09M.141,,,success,,0.44,0.8333333333333331,0.20800000000000002,0.7610888888888889,0.5,0.5484844444444444,0.6336055555555555,141
Schubert#Impromptu_op.90_D.899#2#Levitsky09M.142,,,success,,0.46315789473684216,0.8333333333333334,0.1788617886178862,0.6775384615384615,0.5,0.5305782956453047,0.6185074224021593,142
Schubert#Impromptu_op.90_D.899#2#Levitsky09M.143,,,success,,0.3370786516853933,1.0,0.08130081300813008,0.7223333333333333,0.5,0.5281425596053714,0.6398529962546816,143
Schubert#Impromptu_op.90_D.899#2#Levitsky09M.145,,,success,,0.28260869565217384,1.0,0.15028901734104047,0.79175,0.5,0.5449295425986429,0.6435896739130434,145
Schubert#Impromptu_op.90_D.899#2#Levitsky09M.146,,,success,,0.41558441558441556,0.8461538461538461,0.08383233532934131,0.645875,0.5,0.4982891194135206,0.6019033154345654,146
Schubert#Impromptu_op.90_D.899#2#Levitsky09M.147,,,conversion_error,conversion_error,0,0,0,0,0,0,0,147
Schubert#Impromptu_op.90_D.899#2#Levitsky09M.148,,,timeout,timeout,0,0,0,0,0,0,0,148
Schubert#Impromptu_op.90_D.899#2#Levitsky09M.149,,,conversion_error,conversion_error,0,0,0,0,0,0,0,149
Schubert#Impromptu_op.90_D.899#2#Levitsky09M.15,,,timeout,timeout,0,0,0,0,0,0,0,15
Schubert#Impromptu_op.90_D.899#2#Levitsky09M.151,,,success,,0.3655913978494624,0.8571428571428571,0.14906832298136644,1.0,1.0,0.6743605155947372,0.8056835637480799,151
Schubert#Impromptu_op.90_D.899#2#Levitsky09M.152,,,conversion_error,conversion_error,0,0,0,0,0,0,0,152
Schubert#Impromptu_op.90_D.899#2#Levitsky09M.157,,,conversion_error,conversion_error,0,0,0,0,0,0,0,157
Schubert#Impromptu_op.90_D.899#2#Levitsky09M.158,,,success,,0.3063063063063063,0.6923076923076923,0.06417112299465241,0.9443333333333334,0.0,0.40142369098839686,0.485736832986833,158
Schubert#Impromptu_op.90_D.899#2#Levitsky09M.159,,,success,,0.3770491803278688,0.6862745098039216,0.31746031746031744,0.7777777777777778,0.0,0.43171235707397715,0.460275366977392,159
Schubert#Impromptu_op.90_D.899#2#Levitsky09M.16,,,timeout,timeout,0,0,0,0,0,0,0,16
Schubert#Impromptu_op.90_D.899#2#Levitsky09M.160,,,success,,0.33613445378151263,0.8571428571428571,0.2412060301507538,0.8181818181818182,0.0,0.4505330318513884,0.502864782276547,160
Schubert#Impromptu_op.90_D.899#2#Levitsky09M.162,,,success,,0.2905982905982906,1.0,0.0358744394618834,0.8963864439795108,0.0,0.44457183480793694,0.5467461836444504,162
Schubert#Impromptu_op.90_D.899#2#Levitsky09M.163,,,success,,0.5039370078740156,1.0,0.10362694300518135,0.9712114233072318,0.0,0.5157550748372858,0.6187871077953119,163
Schubert#Impromptu_op.90_D.899#2#Levitsky09M.164,,,success,,0.5354330708661418,1.0,0.019512195121951216,1.0,1.0,0.7109890531976186,0.8838582677165354,164
Schubert#Impromptu_op.90_D.899#2#Levitsky09M.167,,,success,,0.5840707964601771,1.0,0.046511627906976744,0.9548176374523681,1.0,0.7170800123639044,0.8847221084781363,167
Schubert#Impromptu_op.90_D.899#2#Levitsky09M.168,,,timeout,timeout,0,0,0,0,0,0,0,168
Schubert#Impromptu_op.90_D.899#2#Levitsky09M.17,,,conversion_error,conversion_error,0,0,0,0,0,0,0,17
Schubert#Impromptu_op.90_D.899#2#Levitsky09M.170,,,conversion_error,conversion_error,0,0,0,0,0,0,0,170
Schubert#Impromptu_op.90_D.899#2#Levitsky09M.171,,,success,,0.6065573770491803,1.0,0.08187134502923978,0.9307514004249565,0.5,0.6238360245006753,0.7593271943685342,171
Schubert#Impromptu_op.90_D.899#2#Levitsky09M.172,,,success,,0.5454545454545454,1.0,0.055944055944055944,0.88782400775042,0.5,0.5978445218298043,0.7333196383012414,172
Schubert#Impromptu_op.90_D.899#2#Levitsky09M.174,,,success,,0.536231884057971,0.9444444444444444,0.06629834254143646,0.889994205138111,1.0,0.6873937752363926,0.8426676334101316,174
Schubert#Impromptu_op.90_D.899#2#Levitsky09M.175,,,success,,0.5950413223140496,0.9545454545454546,0.05882352941176471,0.8855188961369914,1.0,0.698785840481652,0.8587764182491239,175
Schubert#Impromptu_op.90_D.899#2#Levitsky09M.176,,,success,,0.5689655172413793,1.0,0.09815950920245398,0.9205138110875024,0.5,0.6175277675062671,0.7473698320822204,176
Schubert#Impromptu_op.90_D.899#2#Levitsky09M.179,,,success,,0.5826771653543308,1.0,0.0909090909090909,0.796847481507573,1.0,0.6940867475541989,0.8448811617154759,179
Schubert#Impromptu_op.90_D.899#2#Levitsky09M.180,,,conversion_error,conversion_error,0,0,0,0,0,0,0,180
Schubert#Impromptu_op.90_D.899#2#Levitsky09M.181,,,success,,0.4696969696969697,1.0,0.012658227848101266,0.9619277108433735,1.0,0.6888565816776889,0.8579061701350859,181
Schubert#Impromptu_op.90_D.899#2#Levitsky09M.183,,,timeout,timeout,0,0,0,0,0,0,0,183
Schubert#Impromptu_op.90_D.899#2#Levitsky09M.184,,,success,,0.5245901639344263,1.0,0.064,0.8206866053702504,1.0,0.6818553538609354,0.8363191923261692,184
Schubert#Impromptu_op.90_D.899#2#Levitsky09M.185,,,conversion_error,conversion_error,0,0,0,0,0,0,0,185
Schubert#Impromptu_op.90_D.899#2#Levitsky09M.187,,,conversion_error,conversion_error,0,0,0,0,0,0,0,187
Schubert#Impromptu_op.90_D.899#2#Levitsky09M.188,,,timeout,timeout,0,0,0,0,0,0,0,188
Schubert#Impromptu_op.90_D.899#2#Levitsky09M.189,,,timeout,timeout,0,0,0,0,0,0,0,189
Schubert#Impromptu_op.90_D.899#2#Levitsky09M.19,,,success,,0.453125,1.0,0.011627906976744186,0.825508502994012,1.0,0.6580522819941512,0.819658375748503,19
Schubert#Impromptu_op.90_D.899#2#Levitsky09M.2,,,success,,0.5932203389830509,1.0,0.04938271604938271,0.8695081561015898,0.5,0.6024222422268047,0.7406821237711603,2
Schubert#Impromptu_op.90_D.899#2#Levitsky09M.20,,,success,,0.4126984126984127,0.9600000000000001,0.02247191011235955,0.8854109961894392,1.0,0.6561162638000424,0.8145273522219629,20
Schubert#Impromptu_op.90_D.899#2#Levitsky09M.21,,,success,,0.42424242424242425,0.962962962962963,0.09890109890109888,0.9131297384278065,1.0,0.6798472449068585,0.8250837814082985,21
Schubert#Impromptu_op.90_D.899#2#Levitsky09M.211,,,success,,0.548148148148148,1.0,0.012578616352201257,0.8751140204530699,1.0,0.6871681569906839,0.8558155421503044,211
Schubert#Impromptu_op.90_D.899#2#Levitsky09M.212,,,success,,0.46774193548387105,0.8928571428571429,0.029411764705882356,0.9156184773310523,1.0,0.6611258640755897,0.8190543889180166,212
Schubert#Impromptu_op.90_D.899#2#Levitsky09M.215,,,success,,0.47692307692307695,1.0,0.026143790849673203,0.9584580838323354,1.0,0.6923049903210171,0.8588452901888531,215
Schubert#Impromptu_op.90_D.899#2#Levitsky09M.216,,,success,,0.5454545454545454,1.0,0.025477707006369428,0.9100916787115425,1.0,0.6962047862344914,0.863886556041522,216
Schubert#Impromptu_op.90_D.899#2#Levitsky09M.220,,,success,,0.45614035087719296,0.9166666666666666,0.0,0.9230674207141273,1.0,0.6591748876515974,0.8239686095644967,220
Schubert#Impromptu_op.90_D.899#2#Levitsky09M.223,,,success,,0.5294117647058824,1.0,0.04195804195804195,0.867293639914663,1.0,0.6877326893157174,0.8491763511551363,223
Schubert#Impromptu_op.90_D.899#2#Levitsky09M.224,,,success,,0.4929577464788732,1.0,0.06578947368421052,0.8028630239520957,1.0,0.6723220488230359,0.8239551926077422,224
Schubert#Impromptu_op.90_D.899#2#Levitsky09M.225,,,success,,0.4528301886792453,1.0,0.02395209580838323,0.8569349043847788,1.0,0.6667434377744814,0.827441273266006,225
Schubert#Impromptu_op.90_D.899#2#Levitsky09M.227,,,success,,0.5365853658536586,1.0,0.1893491124260355,0.8933122537641792,1.0,0.7238493464087747,0.8574744049044595,227
Schubert#Impromptu_op.90_D.899#2#Levitsky09M.228,,,timeout,timeout,0,0,0,0,0,0,0,228
Schubert#Impromptu_op.90_D.899#2#Levitsky09M.229,,,success,,0.5303030303030304,1.0,0.03252032520325203,0.8287633513094294,1.0,0.6783173413631423,0.8397665954031149,229
Schubert#Impromptu_op.90_D.899#2#Levitsky09M.231,,,timeout,timeout,0,0,0,0,0,0,0,231
Schubert#Impromptu_op.90_D.899#2#Levitsky09M.232,,,conversion_error,conversion_error,0,0,0,0,0,0,0,232
Schubert#Impromptu_op.90_D.899#2#Levitsky09M.233,,,timeout,timeout,0,0,0,0,0,0,0,233
Schubert#Impromptu_op.90_D.899#2#Levitsky09M.235,,,timeout,timeout,0,0,0,0,0,0,0,235
Schubert#Impromptu_op.90_D.899#2#Levitsky09M.236,,,success,,0.1515151515151515,1.0,0.06289308176100628,0.7341317365269461,1.0,0.5897079939606208,0.7214117220105244,236
Schubert#Impromptu_op.90_D.899#2#Levitsky09M.239,,,success,,0.4444444444444445,1.0,0.0558659217877095,0.7881437125748502,0.5,0.5576908157614009,0.6831470392548237,239
Schubert#Impromptu_op.90_D.899#2#Levitsky09M.240,,,timeout,timeout,0,0,0,0,0,0,0,240
Schubert#Impromptu_op.90_D.899#2#Levitsky09M.243,,,success,,0.28800000000000003,0.5128205128205128,0.11510791366906474,1.0,1.0,0.5831856852979155,0.7002051282051283,243
Schubert#Impromptu_op.90_D.899#2#Levitsky09M.252,,,success,,0.25,0.3333333333333333,0.010989010989010988,0.75,0.5,0.36886446886446883,0.4583333333333333,252
Schubert#Impromptu_op.90_D.899#2#Levitsky09M.258,,,success,,0.45454545454545453,0.7380952380952382,0.32558139534883723,0.8722,0.5,0.578084417597906,0.6412101731601731,258
Schubert#Impromptu_op.90_D.899#2#Levitsky09M.3,,,success,,0.5454545454545455,1.0,0.11764705882352941,0.8959580838323353,0.5,0.611811937622082,0.7353531573217202,3
Schubert#Impromptu_op.90_D.899#2#Levitsky09M.4,,,timeout,timeout,0,0,0,0,0,0,0,4
Schubert#Impromptu_op.90_D.899#2#Levitsky09M.43,,,success,,0.45390070921985815,1.0,0.03773584905660377,0.8710442192538002,1.0,0.6725361555060524,0.8312362321184146,43
Schubert#Impromptu_op.90_D.899#2#Levitsky09M.44,,,success,,0.5925925925925927,1.0,0.013986013986013986,0.9065811905600565,1.0,0.7026319594277326,0.8747934457881623,44
Schubert#Impromptu_op.90_D.899#2#Levitsky09M.47,,,success,,0.5714285714285714,1.0,0.05161290322580645,0.904961505560308,1.0,0.7056005960429371,0.8690975192472199,47
Schubert#Impromptu_op.90_D.899#2#Levitsky09M.48,,,success,,0.609375,0.972972972972973,0.0261437908496732,0.9428538547904192,1.0,0.7102691237226131,0.881300456940848,48
Schubert#Impromptu_op.90_D.899#2#Levitsky09M.52,,,success,,0.5789473684210527,0.967741935483871,0.025806451612903226,0.9121263696122504,1.0,0.6969244250260155,0.8647039183792935,52
Schubert#Impromptu_op.90_D.899#2#Levitsky09M.55,,,success,,0.5599999999999999,1.0,0.08839779005524862,0.9303211758301579,1.0,0.7157437931770814,0.8725802939575396,55
Schubert#Impromptu_op.90_D.899#2#Levitsky09M.56,,,success,,0.49253731343283585,1.0,0.052980132450331126,0.863339585888464,1.0,0.6817714063543262,0.838969224830325,56
Schubert#Impromptu_op.90_D.899#2#Levitsky09M.57,,,conversion_error,conversion_error,0,0,0,0,0,0,0,57
Schubert#Impromptu_op.90_D.899#2#Levitsky09M.59,,,timeout,timeout,0,0,0,0,0,0,0,59
Schubert#Impromptu_op.90_D.899#2#Levitsky09M.6,,,success,,0.5982905982905983,0.9705882352941176,0.06779661016949153,0.9062874251497006,1.0,0.7085925737807817,0.8687915646836042,6
Schubert#Impromptu_op.90_D.899#2#Levitsky09M.60,,,success,,0.5760000000000001,0.9705882352941176,0.03252032520325203,0.8595213323353293,1.0,0.6877259785665398,0.8515273919073618,60
Schubert#Impromptu_op.90_D.899#2#Levitsky09M.61,,,success,,0.5954198473282442,0.9722222222222222,0.0975609756097561,0.8026808806629167,1.0,0.693576785164628,0.8425807375533458,61
Schubert#Impromptu_op.90_D.899#2#Levitsky09M.63,,,timeout,timeout,0,0,0,0,0,0,0,63
Schubert#Impromptu_op.90_D.899#2#Levitsky09M.64,,,timeout,timeout,0,0,0,0,0,0,0,64
Schubert#Impromptu_op.90_D.899#2#Levitsky09M.65,,,timeout,timeout,0,0,0,0,0,0,0,65
Schubert#Impromptu_op.90_D.899#2#Levitsky09M.67,,,timeout,timeout,0,0,0,0,0,0,0,67
Schubert#Impromptu_op.90_D.899#2#Levitsky09M.68,,,conversion_error,conversion_error,0,0,0,0,0,0,0,68
Schubert#Impromptu_op.90_D.899#2#Levitsky09M.7,,,conversion_error,conversion_error,0,0,0,0,0,0,0,7
Schubert#Impromptu_op.90_D.899#2#Levitsky09M.8,,,success,,0.5714285714285714,1.0,0.075,0.884472434441462,1.0,0.7061802011740067,0.8639752514675083,8
Schubert#Impromptu_op.90_D.899#2#Levitsky09M.84,,,success,,0.2142857142857143,0.6,0.0909090909090909,0.5,0.5,0.38103896103896107,0.45357142857142857,84
Schubert#Impromptu_op.90_D.899#2#Levitsky09M.85,,,conversion_error,conversion_error,0,0,0,0,0,0,0,85
Schubert#Impromptu_op.90_D.899#2#Levitsky09M.86,,,zero_mv2h,zero_mv2h,0,0,0,0,0,0,0,86
Schubert#Impromptu_op.90_D.899#2#Levitsky09M.87,,,success,,0.30927835051546393,1.0,0.0,0.8,0.5,0.5218556701030928,0.652319587628866,87
Schubert#Impromptu_op.90_D.899#2#Levitsky09M.88,,,success,,0.2884615384615385,0.9090909090909091,0.013333333333333332,1.0,1.0,0.6421771561771562,0.7993881118881119,88
Schubert#Impromptu_op.90_D.899#2#Levitsky09M.90,,,success,,0.34343434343434337,1.0,0.21505376344086022,1.0,0.5,0.6116976213750407,0.7108585858585859,90
Schubert#Impromptu_op.90_D.899#2#Levitsky09M.91,,,success,,0.2708333333333333,0.6,0.227027027027027,0.75,0.5,0.469572072072072,0.5302083333333334,91
Schubert#Impromptu_op.90_D.899#2#Levitsky09M.92,,,success,,0.24761904761904763,0.9,0.14689265536723164,0.9,0.0,0.43890234059725586,0.5119047619047619,92
Schubert#Impromptu_op.90_D.899#2#Levitsky09M.93,,,success,,0.3177570093457944,0.9230769230769231,0.2514285714285714,0.7618571428571429,0.0,0.45082392934168636,0.5006727688199651,93
Schubert#Impromptu_op.90_D.899#2#Levitsky09M.94,,,conversion_error,conversion_error,0,0,0,0,0,0,0,94
Schubert#Impromptu_op.90_D.899#2#Levitsky09M.96,,,success,,0.3333333333333333,0.9111111111111111,0.13836477987421383,0.8125416666666667,0.0,0.439070178197065,0.5142465277777778,96
Schubert#Impromptu_op.90_D.899#2#Levitsky09M.97,,,success,,0.2736842105263158,0.6818181818181819,0.18633540372670807,1.0,0.0,0.42836755921424113,0.4888755980861244,97
Schubert#Impromptu_op.90_D.899#2#Levitsky09M.98,,,success,,0.3043478260869565,0.40909090909090906,0.13836477987421383,0.79175,0.0,0.32871070301041583,0.37629718379446636,98
Schubert#Impromptu_op.90_D.899#2#Levitsky09M.99,,,success,,0.3448275862068965,0.5606060606060607,0.2012578616352201,0.7444666666666666,1.0,0.5702316350229688,0.6624750783699059,99
Schubert#Impromptu_op.90_D.899#2#Nikiforov09M.1,,,success,,0.5517241379310346,0.9666666666666667,0.05263157894736842,0.9003019129077856,1.0,0.694264859290571,0.8546731793763718,1
Schubert#Impromptu_op.90_D.899#2#Nikiforov09M.101,,,success,,0.2916666666666667,0.7536231884057972,0.13664596273291924,1.0,1.0,0.6363871635610766,0.761322463768116,101
Schubert#Impromptu_op.90_D.899#2#Nikiforov09M.102,,,success,,0.24175824175824176,0.4444444444444444,0.059880239520958084,0.0,0.5,0.24921658514472886,0.29655067155067155,102
Schubert#Impromptu_op.90_D.899#2#Nikiforov09M.103,,,success,,0.36363636363636365,0.7777777777777778,0.028985507246376815,0.7443984757757213,0.5,0.48295962488724786,0.5964531542974657,103
Schubert#Impromptu_op.90_D.899#2#Nikiforov09M.104,,,success,,0.39999999999999997,0.7745098039215685,0.13138686131386862,0.7836994011976047,0.5,0.5179192132866084,0.6145523012797933,104
Schubert#Impromptu_op.90_D.899#2#Nikiforov09M.106,,,conversion_error,conversion_error,0,0,0,0,0,0,0,106
Schubert#Impromptu_op.90_D.899#2#Nikiforov09M.107,,,success,,0.38383838383838387,0.8823529411764706,0.14285714285714288,0.804115154306771,0.0,0.44263272443575363,0.5175766198304064,107
Schubert#Impromptu_op.90_D.899#2#Nikiforov09M.108,,,conversion_error,conversion_error,0,0,0,0,0,0,0,108
Schubert#Impromptu_op.90_D.899#2#Nikiforov09M.11,,,success,,0.5691056910569107,1.0,0.17045454545454544,0.8658163657139667,1.0,0.7210753204450846,0.8587305141927194,11
Schubert#Impromptu_op.90_D.899#2#Nikiforov09M.111,,,conversion_error,conversion_error,0,0,0,0,0,0,0,111
Schubert#Impromptu_op.90_D.899#2#Nikiforov09M.112,,,success,,0.3168316831683168,0.7142857142857142,0.17171717171717168,0.8600301618984254,0.0,0.41257294621392565,0.4727868898381141,112
Schubert#Impromptu_op.90_D.899#2#Nikiforov09M.113,,,success,,0.25999999999999995,0.6,0.08,0.8,0.0,0.348,0.415,113
Schubert#Impromptu_op.90_D.899#2#Nikiforov09M.114,,,conversion_error,conversion_error,0,0,0,0,0,0,0,114
Schubert#Impromptu_op.90_D.899#2#Nikiforov09M.117,,,success,,0.2518518518518519,0.8666666666666667,0.07960199004975124,0.75,0.0,0.389624101713654,0.4671296296296297,117
Schubert#Impromptu_op.90_D.899#2#Nikiforov09M.118,,,success,,0.13675213675213677,1.0,0.031914893617021274,0.6659999999999999,0.0,0.36693340607383157,0.45068803418803416,118
Schubert#Impromptu_op.90_D.899#2#Nikiforov09M.12,,,success,,0.564516129032258,1.0,0.07865168539325842,0.8908468776732251,1.0,0.7068029384197483,0.8638407516763708,12
Schubert#Impromptu_op.90_D.899#2#Nikiforov09M.127,,,success,,0.3157894736842105,0.9166666666666666,0.0,1.0,1.0,0.6464912280701754,0.8081140350877193,127
Schubert#Impromptu_op.90_D.899#2#Nikiforov09M.128,,,conversion_error,conversion_error,0,0,0,0,0,0,0,128
Schubert#Impromptu_op.90_D.899#2#Nikiforov09M.129,,,conversion_error,conversion_error,0,0,0,0,0,0,0,129
Schubert#Impromptu_op.90_D.899#2#Nikiforov09M.13,,,success,,0.5538461538461538,1.0,0.04,0.8779185175260495,1.0,0.6943529342744407,0.8579411678430509,13
Schubert#Impromptu_op.90_D.899#2#Nikiforov09M.130,,,success,,0.2736842105263158,0.9090909090909091,0.1171171171171171,0.8,0.5,0.5199784473468684,0.6206937799043062,130
Schubert#Impromptu_op.90_D.899#2#Nikiforov09M.133,,,conversion_error,conversion_error,0,0,0,0,0,0,0,133
Schubert#Impromptu_op.90_D.899#2#Nikiforov09M.134,,,success,,0.31775700934579443,0.8461538461538461,0.0,0.9375,0.5,0.5202821710999281,0.6503527138749101,134
Schubert#Impromptu_op.90_D.899#2#Nikiforov09M.135,,,success,,0.37894736842105264,0.6250000000000001,0.15894039735099338,0.7381904761904762,0.5,0.4802156483925044,0.5605344611528822,135
Schubert#Impromptu_op.90_D.899#2#Nikiforov09M.136,,,success,,0.3925233644859813,0.7222222222222222,0.22222222222222224,0.8361458900381056,0.0,0.43462273979370625,0.48772286918657726,136
Schubert#Impromptu_op.90_D.899#2#Nikiforov09M.137,,,success,,0.37735849056603776,0.8311111111111111,0.2285714285714286,0.8571428571428571,0.5,0.558836777478287,0.6414031147050016,137
Schubert#Impromptu_op.90_D.899#2#Nikiforov09M.139,,,success,,0.29565217391304355,0.9333333333333333,0.0,0.8335,0.0,0.4124971014492754,0.5156213768115943,139
Schubert#Impromptu_op.90_D.899#2#Nikiforov09M.140,,,success,,0.44230769230769235,0.75,0.13445378151260506,0.7483571428571427,0.5,0.515023723335488,0.6101662087912088,140
Schubert#Impromptu_op.90_D.899#2#Nikiforov09M.141,,,success,,0.4444444444444445,0.5928571428571427,0.12578616352201255,0.6333,0.5,0.45927755016472,0.5426503968253968,141
Schubert#Impromptu_op.90_D.899#2#Nikiforov09M.142,,,success,,0.3529411764705882,0.8181818181818181,0.15384615384615385,0.85425,0.5,0.535843829699712,0.6313432486631015,142
Schubert#Impromptu_op.90_D.899#2#Nikiforov09M.143,,,success,,0.3218390804597701,1.0,0.08,0.795,0.5,0.539367816091954,0.6542097701149425,143
Schubert#Impromptu_op.90_D.899#2#Nikiforov09M.145,,,conversion_error,conversion_error,0,0,0,0,0,0,0,145
Schubert#Impromptu_op.90_D.899#2#Nikiforov09M.146,,,success,,0.5208333333333334,0.8571428571428572,0.08,0.7274231577006628,0.5,0.5370798696353707,0.6513498370442133,146
Schubert#Impromptu_op.90_D.899#2#Nikiforov09M.147,,,success,,0.40449438202247195,0.7999999999999999,0.10852713178294575,0.8078838323353293,0.5,0.5241810692281493,0.6280945535894503,147
Schubert#Impromptu_op.90_D.899#2#Nikiforov09M.148,,,success,,0.4583333333333333,0.8888888888888888,0.1675977653631285,0.6590921702206601,0.5,0.5347824315612021,0.6265785981107206,148
Schubert#Impromptu_op.90_D.899#2#Nikiforov09M.149,,,conversion_error,conversion_error,0,0,0,0,0,0,0,149
Schubert#Impromptu_op.90_D.899#2#Nikiforov09M.15,,,success,,0.564516129032258,1.0,0.1103448275862069,0.8717712439305398,1.0,0.709326440109801,0.8590718432406994,15
Schubert#Impromptu_op.90_D.899#2#Nikiforov09M.151,,,success,,0.54,0.9090909090909091,0.21818181818181817,0.73191535111595,0.5,0.5798376156777355,0.6702515650517148,151
Schubert#Impromptu_op.90_D.899#2#Nikiforov09M.152,,,conversion_error,conversion_error,0,0,0,0,0,0,0,152
Schubert#Impromptu_op.90_D.899#2#Nikiforov09M.157,,,success,,0.40816326530612246,0.6333333333333333,0.1081081081081081,0.7381428571428571,0.0,0.37754951277808424,0.4449098639455782,157
Schubert#Impromptu_op.90_D.899#2#Nikiforov09M.158,,,success,,0.36363636363636365,0.7352941176470589,0.055248618784530384,1.0,0.0,0.4308358200135906,0.5247326203208557,158
Schubert#Impromptu_op.90_D.899#2#Nikiforov09M.159,,,success,,0.3653846153846153,0.8235294117647058,0.08383233532934131,1.0,0.0,0.45454927249573246,0.5472285067873303,159
Schubert#Impromptu_op.90_D.899#2#Nikiforov09M.16,,,success,,0.5645161290322579,1.0,0.0880503144654088,0.8900769888793841,1.0,0.7085286864754102,0.8636482794779106,16
Schubert#Impromptu_op.90_D.899#2#Nikiforov09M.160,,,success,,0.3207547169811321,0.8666666666666667,0.022598870056497175,0.95,0.0,0.43200405074085924,0.5343553459119497,160
Schubert#Impromptu_op.90_D.899#2#Nikiforov09M.162,,,success,,0.2962962962962963,1.0,0.0962566844919786,1.0,0.0,0.47851059615765495,0.5740740740740741,162
Schubert#Impromptu_op.90_D.899#2#Nikiforov09M.163,,,success,,0.45871559633027525,1.0,0.0558659217877095,0.9683490162532079,0.0,0.49658610687423854,0.6067661531458708,163
Schubert#Impromptu_op.90_D.899#2#Nikiforov09M.164,,,success,,0.5811965811965812,1.0,0.011049723756906075,0.9770803221143919,1.0,0.7138653254135758,0.8895692258277433,164
Schubert#Impromptu_op.90_D.899#2#Nikiforov09M.167,,,timeout,timeout,0,0,0,0,0,0,0,167
Schubert#Impromptu_op.90_D.899#2#Nikiforov09M.168,,,success,,0.5689655172413793,1.0,0.047337278106508875,0.883447390932421,0.5,0.5999500372560618,0.7381032270434501,168
Schubert#Impromptu_op.90_D.899#2#Nikiforov09M.17,,,success,,0.5920000000000001,1.0,0.06504065040650406,0.8356188733643825,1.0,0.6985319047541773,0.8569047183410956,17
Schubert#Impromptu_op.90_D.899#2#Nikiforov09M.170,,,zero_mv2h,zero_mv2h,0,0,0,0,0,0,0,170
Schubert#Impromptu_op.90_D.899#2#Nikiforov09M.171,,,zero_mv2h,zero_mv2h,0,0,0,0,0,0,0,171
Schubert#Impromptu_op.90_D.899#2#Nikiforov09M.172,,,success,,0.507936507936508,1.0,0.08839779005524862,0.9332996657287834,1.0,0.705926792744108,0.8603090434163229,172
Schubert#Impromptu_op.90_D.899#2#Nikiforov09M.174,,,timeout,timeout,0,0,0,0,0,0,0,174
Schubert#Impromptu_op.90_D.899#2#Nikiforov09M.175,,,timeout,timeout,0,0,0,0,0,0,0,175
Schubert#Impromptu_op.90_D.899#2#Nikiforov09M.176,,,timeout,timeout,0,0,0,0,0,0,0,176
Schubert#Impromptu_op.90_D.899#2#Nikiforov09M.179,,,success,,0.6016260162601627,1.0,0.10778443113772455,0.888366124893071,1.0,0.7195553144581917,0.8724980352883084,179
Schubert#Impromptu_op.90_D.899#2#Nikiforov09M.180,,,success,,0.5581395348837209,1.0,0.056338028169014086,0.8894781864841744,1.0,0.7007911499073819,0.8619044303419738,180
Schubert#Impromptu_op.90_D.899#2#Nikiforov09M.181,,,timeout,timeout,0,0,0,0,0,0,0,181
Schubert#Impromptu_op.90_D.899#2#Nikiforov09M.183,,,timeout,timeout,0,0,0,0,0,0,0,183
Schubert#Impromptu_op.90_D.899#2#Nikiforov09M.184,,,success,,0.4878048780487805,1.0,0.08695652173913045,0.8902579456471672,1.0,0.6930038690870156,0.844515705923987,184
Schubert#Impromptu_op.90_D.899#2#Nikiforov09M.185,,,success,,0.5806451612903226,1.0,0.06399999999999999,0.8188872842550193,1.0,0.6927064891090684,0.8498831113863354,185
Schubert#Impromptu_op.90_D.899#2#Nikiforov09M.187,,,success,,0.4923076923076923,1.0,0.03409090909090909,0.7567088046129962,1.0,0.6566214812023196,0.8122541242301722,187
Schubert#Impromptu_op.90_D.899#2#Nikiforov09M.188,,,success,,0.46031746031746035,0.8928571428571429,0.022099447513812154,0.936739880239521,1.0,0.6624027861855872,0.8224786208535311,188
Schubert#Impromptu_op.90_D.899#2#Nikiforov09M.189,,,timeout,timeout,0,0,0,0,0,0,0,189
Schubert#Impromptu_op.90_D.899#2#Nikiforov09M.19,,,success,,0.375,1.0,0.09876543209876543,0.9168330006653361,1.0,0.6781196865528203,0.8229582501663341,19
Schubert#Impromptu_op.90_D.899#2#Nikiforov09M.2,,,success,,0.5593220338983049,1.0,0.012048192771084336,0.8622462464628975,1.0,0.6867232946264574,0.8553920700903006,2
Schubert#Impromptu_op.90_D.899#2#Nikiforov09M.20,,,success,,0.40310077519379844,0.9600000000000001,0.02197802197802198,0.8890308883094397,1.0,0.654821937096252,0.8130329158758095,20
Schubert#Impromptu_op.90_D.899#2#Nikiforov09M.21,,,timeout,timeout,0,0,0,0,0,0,0,21
Schubert#Impromptu_op.90_D.899#2#Nikiforov09M.211,,,success,,0.3382352941176471,0.9047619047619048,0.03773584905660377,1.0,0.5,0.5561466095872312,0.685749299719888,211
Schubert#Impromptu_op.90_D.899#2#Nikiforov09M.212,,,success,,0.5801526717557253,1.0,0.025157232704402514,0.8030410355759072,1.0,0.681670188007207,0.8457984268329082,212
Schubert#Impromptu_op.90_D.899#2#Nikiforov09M.215,,,success,,0.512396694214876,0.9642857142857143,0.0,0.9567820879979173,1.0,0.6866928992997015,0.8583661241246269,215
Schubert#Impromptu_op.90_D.899#2#Nikiforov09M.216,,,success,,0.6491228070175439,1.0,0.043795620437956206,0.9820860215053764,1.0,0.7350008897921753,0.9078022071307301,216
Schubert#Impromptu_op.90_D.899#2#Nikiforov09M.220,,,success,,0.5737704918032788,0.9696969696969697,0.06329113924050633,0.8811123559332946,1.0,0.6975741913348099,0.8561449543583858,220
Schubert#Impromptu_op.90_D.899#2#Nikiforov09M.223,,,success,,0.578125,1.0,0.04301075268817204,0.8899548490124927,1.0,0.702218120340133,0.8670199622531232,223
Schubert#Impromptu_op.90_D.899#2#Nikiforov09M.224,,,success,,0.549618320610687,1.0,0.0759493670886076,0.8848307401261734,1.0,0.7020796855650936,0.8586122651842151,224
Schubert#Impromptu_op.90_D.899#2#Nikiforov09M.225,,,success,,0.5538461538461538,1.0,0.0,0.8918604808455378,1.0,0.6891413269383383,0.8614266586729229,225
Schubert#Impromptu_op.90_D.899#2#Nikiforov09M.227,,,success,,0.5873015873015873,1.0,0.062015503875969,0.8441798189588222,1.0,0.6986993820272758,0.8578703515651024,227
Schubert#Impromptu_op.90_D.899#2#Nikiforov09M.228,,,success,,0.537313432835821,0.9411764705882353,0.08130081300813008,0.7708970492749441,1.0,0.6661375531414261,0.81234673817475,228
Schubert#Impromptu_op.90_D.899#2#Nikiforov09M.229,,,success,,0.515625,0.9666666666666667,0.03252032520325203,0.8506959926301243,1.0,0.6731015969000087,0.8332469148241978,229
Schubert#Impromptu_op.90_D.899#2#Nikiforov09M.231,,,conversion_error,conversion_error,0,0,0,0,0,0,0,231
Schubert#Impromptu_op.90_D.899#2#Nikiforov09M.232,,,conversion_error,conversion_error,0,0,0,0,0,0,0,232
Schubert#Impromptu_op.90_D.899#2#Nikiforov09M.233,,,success,,0.14400000000000002,1.0,0.10852713178294575,1.0,0.0,0.4505054263565892,0.536,233
Schubert#Impromptu_op.90_D.899#2#Nikiforov09M.235,,,conversion_error,conversion_error,0,0,0,0,0,0,0,235
Schubert#Impromptu_op.90_D.899#2#Nikiforov09M.236,,,conversion_error,conversion_error,0,0,0,0,0,0,0,236
Schubert#Impromptu_op.90_D.899#2#Nikiforov09M.239,,,success,,0.44274809160305345,1.0,0.0880503144654088,0.7850299401197605,0.5,0.5631656692376446,0.6819445079307035,239
Schubert#Impromptu_op.90_D.899#2#Nikiforov09M.240,,,conversion_error,conversion_error,0,0,0,0,0,0,0,240
Schubert#Impromptu_op.90_D.899#2#Nikiforov09M.243,,,success,,0.32592592592592595,0.6250000000000001,0.014598540145985403,0.8060545575515635,1.0,0.554315804724695,0.6892451208693724,243
Schubert#Impromptu_op.90_D.899#2#Nikiforov09M.252,,,success,,0.2857142857142857,0.6363636363636364,0.2131979695431472,0.9073888888888889,0.5,0.5085329561019917,0.5823667027417028,252
Schubert#Impromptu_op.90_D.899#2#Nikiforov09M.258,,,success,,0.42000000000000004,0.8823529411764708,0.12307692307692307,0.7258177710843374,0.0,0.43024952706754627,0.5070426780652021,258
Schubert#Impromptu_op.90_D.899#2#Nikiforov09M.259,,,success,,0.46296296296296297,0.7142857142857143,0.3258426966292135,0.7692307692307693,0.5,0.554464428621732,0.6116198616198616,259
Schubert#Impromptu_op.90_D.899#2#Nikiforov09M.260,,,success,,0.3620689655172414,0.7777777777777779,0.12765957446808512,0.7607687701520036,0.5,0.5056550175830216,0.6001538783617557,260
Schubert#Impromptu_op.90_D.899#2#Nikiforov09M.272,,,success,,0.22666666666666666,0.618181818181818,0.19895287958115182,0.5,0.5,0.4087602728859273,0.4612121212121212,272
Schubert#Impromptu_op.90_D.899#2#Nikiforov09M.273,,,success,,0.2753623188405797,0.5021645021645023,0.2033898305084746,0.4444285714285714,0.5,0.3850690445884256,0.43048884810841337,273
Schubert#Impromptu_op.90_D.899#2#Nikiforov09M.274,,,success,,0.28346456692913385,1.0,0.21390374331550802,0.1310714285714286,0.5,0.42568794776321406,0.4786339988751406,274
Schubert#Impromptu_op.90_D.899#2#Nikiforov09M.3,,,success,,0.5645161290322581,1.0,0.1411764705882353,0.8711283224456645,1.0,0.7153641844132316,0.8589111128694806,3
Schubert#Impromptu_op.90_D.899#2#Nikiforov09M.4,,,success,,0.5760000000000001,1.0,0.052980132450331126,0.8879816958166284,0.5,0.6033923656533919,0.7409954239541572,4
Schubert#Impromptu_op.90_D.899#2#Nikiforov09M.43,,,success,,0.38759689922480617,0.9130434782608695,0.025157232704402514,0.9337325349301397,1.0,0.6519060290240436,0.8085932281039538,43
Schubert#Impromptu_op.90_D.899#2#Nikiforov09M.44,,,success,,0.46153846153846156,0.8888888888888888,0.03773584905660377,0.8700785796827398,1.0,0.6516483558333388,0.8051264825275226,44
Schubert#Impromptu_op.90_D.899#2#Nikiforov09M.47,,,success,,0.5378151260504201,0.967741935483871,0.029197080291970802,0.956974939010867,1.0,0.6983458161674257,0.8656330001362895,47
Schubert#Impromptu_op.90_D.899#2#Nikiforov09M.48,,,success,,0.6031746031746031,1.0,0.025806451612903222,0.9440309381237526,1.0,0.7146023985822518,0.886801385324589,48
Schubert#Impromptu_op.90_D.899#2#Nikiforov09M.52,,,success,,0.5333333333333333,0.967741935483871,0.024539877300613494,0.8853076978572976,1.0,0.6821845687950231,0.8465957416686254,52
Schubert#Impromptu_op.90_D.899#2#Nikiforov09M.55,,,success,,0.5354330708661418,1.0,0.05405405405405406,0.9069985029940119,1.0,0.6992971255828415,0.8606078934650384,55
Schubert#Impromptu_op.90_D.899#2#Nikiforov09M.56,,,success,,0.5323741007194245,1.0,0.04026845637583893,0.8611067022581343,1.0,0.6867498518706795,0.8483702007443897,56
Schubert#Impromptu_op.90_D.899#2#Nikiforov09M.57,,,timeout,timeout,0,0,0,0,0,0,0,57
Schubert#Impromptu_op.90_D.899#2#Nikiforov09M.59,,,success,,0.5496183206106869,1.0,0.04651162790697675,0.8235769425005413,1.0,0.683941378203641,0.8432988157778071,59
Schubert#Impromptu_op.90_D.899#2#Nikiforov09M.6,,,timeout,timeout,0,0,0,0,0,0,0,6
Schubert#Impromptu_op.90_D.899#2#Nikiforov09M.60,,,success,,0.5230769230769231,1.0,0.016260162601626015,0.8323072505591227,1.0,0.6743288672475344,0.8388460434090115,60
Schubert#Impromptu_op.90_D.899#2#Nikiforov09M.61,,,success,,0.5,1.0,0.0,0.8432260675087749,1.0,0.668645213501755,0.8358065168771938,61
Schubert#Impromptu_op.90_D.899#2#Nikiforov09M.63,,,timeout,timeout,0,0,0,0,0,0,0,63
Schubert#Impromptu_op.90_D.899#2#Nikiforov09M.64,,,success,,0.08196721311475409,1.0,0.2170542635658915,0.8333333333333334,1.0,0.6264709620027957,0.7288251366120219,64
Schubert#Impromptu_op.90_D.899#2#Nikiforov09M.65,,,conversion_error,conversion_error,0,0,0,0,0,0,0,65
Schubert#Impromptu_op.90_D.899#2#Nikiforov09M.67,,,timeout,timeout,0,0,0,0,0,0,0,67
Schubert#Impromptu_op.90_D.899#2#Nikiforov09M.68,,,conversion_error,conversion_error,0,0,0,0,0,0,0,68
Schubert#Impromptu_op.90_D.899#2#Nikiforov09M.7,,,timeout,timeout,0,0,0,0,0,0,0,7
Schubert#Impromptu_op.90_D.899#2#Nikiforov09M.8,,,success,,0.608695652173913,1.0,0.10322580645161289,0.9068227181999637,1.0,0.7237488353650979,0.8788795925934691,8
Schubert#Impromptu_op.90_D.899#2#Nikiforov09M.84,,,success,,0.3,0.8333333333333334,0.13861386138613863,0.9333333333333333,0.5,0.5410561056105611,0.6416666666666666,84
Schubert#Impromptu_op.90_D.899#2#Nikiforov09M.85,,,conversion_error,conversion_error,0,0,0,0,0,0,0,85
Schubert#Impromptu_op.90_D.899#2#Nikiforov09M.86,,,success,,0.3061224489795918,0.8571428571428571,0.10152284263959391,0.8556000000000001,1.0,0.6240776297524085,0.7547163265306123,86
Schubert#Impromptu_op.90_D.899#2#Nikiforov09M.87,,,zero_mv2h,zero_mv2h,0,0,0,0,0,0,0,87
Schubert#Impromptu_op.90_D.899#2#Nikiforov09M.88,,,conversion_error,conversion_error,0,0,0,0,0,0,0,88
Schubert#Impromptu_op.90_D.899#2#Nikiforov09M.90,,,success,,0.2978723404255319,0.4615384615384615,0.2,1.0,1.0,0.5918821603927986,0.6898527004909983,90
Schubert#Impromptu_op.90_D.899#2#Nikiforov09M.91,,,conversion_error,conversion_error,0,0,0,0,0,0,0,91
Schubert#Impromptu_op.90_D.899#2#Nikiforov09M.92,,,conversion_error,conversion_error,0,0,0,0,0,0,0,92
Schubert#Impromptu_op.90_D.899#2#Nikiforov09M.93,,,success,,0.29357798165137616,0.7857142857142856,0.27428571428571424,1.0,0.5,0.5707155963302751,0.6448230668414154,93
Schubert#Impromptu_op.90_D.899#2#Nikiforov09M.94,,,success,,0.37499999999999994,0.8125,0.12121212121212122,1.0,0.5,0.5617424242424243,0.671875,94
Schubert#Impromptu_op.90_D.899#2#Nikiforov09M.96,,,success,,0.39639639639639634,0.8500000000000001,0.13138686131386862,0.7848333333333333,0.0,0.4325233182087197,0.5078074324324324,96
Schubert#Impromptu_op.90_D.899#2#Nikiforov09M.97,,,success,,0.4313725490196078,0.7222222222222223,0.15827338129496404,0.8336424294268605,0.0,0.429102116392731,0.4968093001671727,97
Schubert#Impromptu_op.90_D.899#2#Nikiforov09M.98,,,success,,0.3,0.3137254901960784,0.12422360248447205,0.7084166666666667,1.0,0.4892731518694434,0.5805355392156863,98
Schubert#Impromptu_op.90_D.899#2#Nikiforov09M.99,,,zero_mv2h,zero_mv2h,0,0,0,0,0,0,0,99
Schubert#Impromptu_op.90_D.899#4_no_repeat#Huang10M.0,,,success,,0.8571428571428572,1.0,0.6666666666666666,0.8611111111111112,1.0,0.8769841269841269,0.9295634920634921,0
Schubert#Impromptu_op.90_D.899#4_no_repeat#Huang10M.1,,,success,,0.7866666666666666,0.9807017543859649,0.6666666666666666,0.8958333333333334,0.5,0.7659736842105264,0.7908004385964912,1
Schubert#Impromptu_op.90_D.899#4_no_repeat#Huang10M.10,,,success,,0.6923076923076923,0.9352869352869355,0.18633540372670807,0.9806976744186047,0.0,0.5589255411479881,0.6520730755033082,10
Schubert#Impromptu_op.90_D.899#4_no_repeat#Huang10M.104,,,success,,0.5543478260869565,0.7682926829268292,0.3699421965317919,0.9828965517241378,0.0,0.5350958514539431,0.5763842651844808,104
Schubert#Impromptu_op.90_D.899#4_no_repeat#Huang10M.105,,,success,,0.463768115942029,0.7342342342342343,0.37837837837837834,1.0,0.0,0.5152761457109284,0.5495005875440658,105
Schubert#Impromptu_op.90_D.899#4_no_repeat#Huang10M.110,,,success,,0.504950495049505,0.6705426356589148,0.5389221556886228,1.0,0.0,0.5428830572794086,0.5438732826771049,110
Schubert#Impromptu_op.90_D.899#4_no_repeat#Huang10M.111,,,success,,0.5826086956521739,0.7862318840579711,0.5202312138728323,0.9672941176470589,0.0,0.5712731822460071,0.5840336743393009,111
Schubert#Impromptu_op.90_D.899#4_no_repeat#Huang10M.121,,,success,,0.5438596491228069,0.7853174603174603,0.5575757575757576,0.9924090909090908,0.0,0.5758323915850231,0.5803965500873395,121
Schubert#Impromptu_op.90_D.899#4_no_repeat#Huang10M.128,,,success,,0.608,0.8253623188405795,0.6666666666666666,1.0,0.0,0.6200057971014492,0.6083405797101449,128
Schubert#Impromptu_op.90_D.899#4_no_repeat#Huang10M.129,,,success,,0.5166666666666667,0.8760683760683761,0.37267080745341613,0.9880952380952381,0.0,0.5507002176567394,0.5952075702075702,129
Schubert#Impromptu_op.90_D.899#4_no_repeat#Huang10M.13,,,success,,0.7285714285714284,0.9735042735042735,0.44848484848484843,0.8537560975609756,0.0,0.6008633296243051,0.6389579499091693,13
Schubert#Impromptu_op.90_D.899#4_no_repeat#Huang10M.136,,,success,,0.5387755102040817,0.7477272727272726,0.5333333333333334,0.9791666666666666,0.0,0.5598005565862708,0.5664173623995052,136
Schubert#Impromptu_op.90_D.899#4_no_repeat#Huang10M.138,,,conversion_error,conversion_error,0,0,0,0,0,0,0,138
Schubert#Impromptu_op.90_D.899#4_no_repeat#Huang10M.139,,,success,,0.5384615384615385,0.9384615384615385,0.5029940119760479,0.9782608695652174,0.0,0.5916355916928684,0.6137959866220736,139
Schubert#Impromptu_op.90_D.899#4_no_repeat#Huang10M.14,,,success,,0.7092198581560282,0.9816666666666668,0.42767295597484273,0.9147317073170731,0.0,0.6066582376229221,0.651404558034942,14
Schubert#Impromptu_op.90_D.899#4_no_repeat#Huang10M.15,,,success,,0.7611940298507462,1.0,0.36809815950920244,0.9148936170212766,0.0,0.608837161276245,0.6690219117180057,15
Schubert#Impromptu_op.90_D.899#4_no_repeat#Huang10M.156,,,success,,0.6849315068493151,0.8936170212765956,0.6583850931677019,0.9827586206896551,0.0,0.6439384483966536,0.6403267872038915,156
Schubert#Impromptu_op.90_D.899#4_no_repeat#Huang10M.157,,,success,,0.5730337078651685,0.9736842105263158,0.44720496894409933,0.9784516129032258,0.0,0.5944749000477618,0.6312923828236775,157
Schubert#Impromptu_op.90_D.899#4_no_repeat#Huang10M.166,,,success,,0.7599999999999999,1.0,0.12021857923497269,0.9355294117647058,0.0,0.5631495981999357,0.6738823529411764,166
Schubert#Impromptu_op.90_D.899#4_no_repeat#Huang10M.168,,,success,,0.7777777777777778,1.0,0.41509433962264153,0.9576470588235293,1.0,0.8301038352447897,0.9338562091503267,168
Schubert#Impromptu_op.90_D.899#4_no_repeat#Huang10M.170,,,success,,0.7763157894736843,0.9347826086956522,0.3270440251572327,0.9447843137254901,1.0,0.7965853474104119,0.9139706779737067,170
Schubert#Impromptu_op.90_D.899#4_no_repeat#Huang10M.171,,,success,,0.6845637583892619,0.9675675675675677,0.6037735849056604,0.9432727272727274,0.5,0.7398355276270434,0.7738510133073893,171
Schubert#Impromptu_op.90_D.899#4_no_repeat#Huang10M.174,,,success,,0.7547169811320756,0.9833333333333333,0.6666666666666666,0.9807692307692307,0.5,0.7770972423802613,0.8047048863086599,174
Schubert#Impromptu_op.90_D.899#4_no_repeat#Huang10M.175,,,success,,0.6713286713286712,1.0,0.535031847133758,0.9391219512195124,1.0,0.8290964939363883,0.902612655637046,175
Schubert#Impromptu_op.90_D.899#4_no_repeat#Huang10M.176,,,success,,0.7549668874172185,0.9803030303030302,0.6666666666666666,0.9583333333333334,1.0,0.8720539835440497,0.9234008127633956,176
Schubert#Impromptu_op.90_D.899#4_no_repeat#Huang10M.179,,,success,,0.735483870967742,0.9621088435374149,0.36809815950920244,0.96016,0.5,0.7051701748028719,0.7894381786262893,179
Schubert#Impromptu_op.90_D.899#4_no_repeat#Huang10M.18,,,success,,0.7152317880794701,1.0,0.1951219512195122,0.9365106382978724,0.0,0.569372875519371,0.6629356065943356,18
Schubert#Impromptu_op.90_D.899#4_no_repeat#Huang10M.180,,,success,,0.7320261437908497,0.9631613756613756,0.32298136645962733,0.9512195121951219,0.0,0.5938776796213949,0.6616017579118368,180
Schubert#Impromptu_op.90_D.899#4_no_repeat#Huang10M.181,,,success,,0.7638888888888888,0.9862126245847177,0.5859872611464968,0.9167619047619047,0.0,0.6505701358764016,0.6667158545588778,181
Schubert#Impromptu_op.90_D.899#4_no_repeat#Huang10M.184,,,success,,0.7943262411347518,1.0,0.49696969696969695,0.9337551020408165,0.0,0.645010208029053,0.6820203357938921,184
Schubert#Impromptu_op.90_D.899#4_no_repeat#Huang10M.185,,,success,,0.6993006993006994,1.0,0.432748538011696,0.8890666666666667,0.0,0.6042231807958125,0.6470918414918415,185
Schubert#Impromptu_op.90_D.899#4_no_repeat#Huang10M.186,,,conversion_error,conversion_error,0,0,0,0,0,0,0,186
Schubert#Impromptu_op.90_D.899#4_no_repeat#Huang10M.189,,,success,,0.8028169014084507,1.0,0.5696969696969697,0.8846153846153846,0.0,0.651425851144161,0.6718580715059588,189
Schubert#Impromptu_op.90_D.899#4_no_repeat#Huang10M.190,,,success,,0.851063829787234,1.0,0.578616352201258,0.9546181818181818,0.0,0.6768596727613347,0.7014205029013539,190
Schubert#Impromptu_op.90_D.899#4_no_repeat#Huang10M.193,,,success,,0.8493150684931506,1.0,0.6666666666666666,1.0,0.0,0.7031963470319634,0.7123287671232876,193
Schubert#Impromptu_op.90_D.899#4_no_repeat#Huang10M.194,,,success,,0.8456375838926175,0.9513227513227515,0.6666666666666666,1.0,0.0,0.6927254003764072,0.6992400838038422,194
Schubert#Impromptu_op.90_D.899#4_no_repeat#Huang10M.195,,,success,,0.75,0.9694444444444443,0.5534591194968553,0.9347826086956522,0.5,0.7415372345273904,0.7885567632850241,195
Schubert#Impromptu_op.90_D.899#4_no_repeat#Huang10M.196,,,success,,0.7516778523489933,0.9526360544217687,0.43478260869565216,1.0,0.5,0.7278193030932829,0.8010784766926905,196
Schubert#Impromptu_op.90_D.899#4_no_repeat#Huang10M.197,,,success,,0.689655172413793,0.9680623973727421,0.34355828220858897,0.9616410256410257,1.0,0.7925833755272299,0.9048396488568902,197
Schubert#Impromptu_op.90_D.899#4_no_repeat#Huang10M.198,,,success,,0.8378378378378379,0.9686813186813187,0.45283018867924524,0.9855,1.0,0.8489698690396803,0.9480047891297891,198
Schubert#Impromptu_op.90_D.899#4_no_repeat#Huang10M.20,,,success,,0.8435374149659863,0.9771929824561404,0.5660377358490566,0.9375714285714285,0.0,0.6648679123685224,0.6895754564983888,20
Schubert#Impromptu_op.90_D.899#4_no_repeat#Huang10M.200,,,success,,0.6901408450704225,1.0,0.3892617449664429,0.945860465116279,1.0,0.805052611030629,0.9090003275466754,200
Schubert#Impromptu_op.90_D.899#4_no_repeat#Huang10M.201,,,success,,0.7832167832167832,1.0,0.3184713375796178,0.9111111111111111,1.0,0.8025598463815025,0.9235819735819736,201
Schubert#Impromptu_op.90_D.899#4_no_repeat#Huang10M.204,,,success,,0.7769784172661871,1.0,0.5034013605442177,0.9088571428571428,1.0,0.8378473841335096,0.9214588900308325,204
Schubert#Impromptu_op.90_D.899#4_no_repeat#Huang10M.205,,,success,,0.6666666666666667,1.0,0.22360248447204967,0.8497560975609757,1.0,0.7480050497399384,0.8791056910569106,205
Schubert#Impromptu_op.90_D.899#4_no_repeat#Huang10M.208,,,success,,0.8225806451612904,1.0,0.6666666666666666,0.9130434782608695,1.0,0.8804581580177654,0.93390603085554,208
Schubert#Impromptu_op.90_D.899#4_no_repeat#Huang10M.209,,,success,,0.6756756756756758,1.0,0.3712574850299401,0.9061818181818182,1.0,0.7906229957774868,0.8954643734643735,209
Schubert#Impromptu_op.90_D.899#4_no_repeat#Huang10M.210,,,success,,0.6861313868613138,1.0,0.32298136645962733,0.9188717948717948,0.5,0.6855969096385472,0.7762507954332771,210
Schubert#Impromptu_op.90_D.899#4_no_repeat#Huang10M.216,,,success,,0.7586206896551724,0.7763157894736842,0.47798742138364775,0.8666666666666666,1.0,0.7759181134358342,0.8504007864488808,216
Schubert#Impromptu_op.90_D.899#4_no_repeat#Huang10M.217,,,success,,0.8333333333333334,0.7777777777777778,0.5911949685534591,0.872549019607843,0.5,0.7149710198544826,0.7459150326797386,217
Schubert#Impromptu_op.90_D.899#4_no_repeat#Huang10M.218,,,success,,0.8099173553719009,0.9365079365079364,0.578616352201258,0.8420392156862745,0.5,0.733416171953474,0.772116126891528,218
Schubert#Impromptu_op.90_D.899#4_no_repeat#Huang10M.22,,,success,,0.8428571428571429,1.0,0.6666666666666666,1.0,0.0,0.7019047619047619,0.7107142857142857,22
Schubert#Impromptu_op.90_D.899#4_no_repeat#Huang10M.220,,,success,,0.8387096774193548,0.8555555555555556,0.5911949685534591,0.8473333333333333,0.5,0.7265587069723406,0.7603996415770609,220
Schubert#Impromptu_op.90_D.899#4_no_repeat#Huang10M.221,,,success,,0.8292682926829268,0.9,0.6535947712418301,0.9191919191919191,0.5,0.7604109966233352,0.7871150529687114,221
Schubert#Impromptu_op.90_D.899#4_no_repeat#Huang10M.224,,,success,,0.7142857142857143,0.9615384615384616,0.4654088050314465,0.8828125,0.5,0.7048090961711245,0.764659168956044,224
Schubert#Impromptu_op.90_D.899#4_no_repeat#Huang10M.225,,,success,,0.5873015873015873,0.9516129032258065,0.3647798742138365,0.8326086956521739,0.5,0.6472606120786809,0.7178807965448919,225
Schubert#Impromptu_op.90_D.899#4_no_repeat#Huang10M.228,,,success,,0.2686567164179105,0.7727272727272728,0.44025157232704404,0.8571428571428571,0.0,0.4677556837230169,0.4746317115720101,228
Schubert#Impromptu_op.90_D.899#4_no_repeat#Huang10M.229,,,success,,0.2481751824817518,0.7999999999999999,0.4129032258064516,0.95,0.0,0.4822156816576406,0.49954379562043794,229
Schubert#Impromptu_op.90_D.899#4_no_repeat#Huang10M.23,,,success,,0.8029197080291971,0.969047619047619,0.6666666666666666,1.0,0.0,0.6877267987486966,0.6929918317692041,23
Schubert#Impromptu_op.90_D.899#4_no_repeat#Huang10M.236,,,success,,0.5792349726775956,0.8893617021276596,0.32727272727272727,0.8384117647058824,0.0,0.526856233356773,0.5767521098777844,236
Schubert#Impromptu_op.90_D.899#4_no_repeat#Huang10M.237,,,success,,0.5,0.85,0.0,0.9251999999999998,0.5,0.55504,0.6938,237
Schubert#Impromptu_op.90_D.899#4_no_repeat#Huang10M.24,,,success,,0.8115942028985508,0.9602564102564103,0.6666666666666666,1.0,0.0,0.6877034559643256,0.6929626532887403,24
Schubert#Impromptu_op.90_D.899#4_no_repeat#Huang10M.244,,,success,,0.3448275862068966,0.8333333333333334,0.0,1.0,1.0,0.635632183908046,0.7945402298850575,244
Schubert#Impromptu_op.90_D.899#4_no_repeat#Huang10M.249,,,success,,0.7913669064748202,1.0,0.5818181818181818,0.84725,1.0,0.8440870176586003,0.909654226618705,249
Schubert#Impromptu_op.90_D.899#4_no_repeat#Huang10M.25,,,success,,0.7222222222222222,0.9586666666666667,0.6143790849673203,1.0,0.0,0.6590535947712418,0.6702222222222223,25
Schubert#Impromptu_op.90_D.899#4_no_repeat#Huang10M.250,,,success,,0.8142857142857143,1.0,0.6666666666666666,0.8909090909090909,1.0,0.8743722943722944,0.9262987012987013,250
Schubert#Impromptu_op.90_D.899#4_no_repeat#Huang10M.251,,,success,,0.8299319727891157,1.0,0.6347305389221557,0.8898305084745762,0.5,0.7708986040371695,0.804940620315923,251
Schubert#Impromptu_op.90_D.899#4_no_repeat#Huang10M.257,,,success,,0.7522935779816514,0.7857142857142858,0.5157232704402517,0.8387222222222221,0.5,0.6784906712716823,0.7191825214795399,257
Schubert#Impromptu_op.90_D.899#4_no_repeat#Huang10M.258,,,success,,0.8,0.8372093023255814,0.5283018867924529,0.8790416666666666,1.0,0.8089105711569402,0.879062742248062,258
Schubert#Impromptu_op.90_D.899#4_no_repeat#Huang10M.259,,,success,,0.7258064516129032,0.853658536585366,0.49056603773584906,0.8591397849462366,0.5,0.685834162176071,0.7346511932861264,259
Schubert#Impromptu_op.90_D.899#4_no_repeat#Huang10M.26,,,success,,0.7567567567567567,1.0,0.5093167701863354,0.9893617021276596,0.5,0.7510870458141503,0.8115296147211041,26
Schubert#Impromptu_op.90_D.899#4_no_repeat#Huang10M.261,,,success,,0.8253968253968254,0.9021739130434782,0.5408805031446542,0.895352380952381,0.5,0.7327607245074679,0.7807307798481712,261
Schubert#Impromptu_op.90_D.899#4_no_repeat#Huang10M.262,,,success,,0.8292682926829269,0.9666666666666667,0.5935483870967742,0.8982592592592593,0.5,0.7575485211411255,0.7985485546522132,262
Schubert#Impromptu_op.90_D.899#4_no_repeat#Huang10M.269,,,success,,0.8247422680412372,0.9468599033816426,0.31645569620253167,0.6634666666666666,0.5,0.6503049068584156,0.7337672095223866,269
Schubert#Impromptu_op.90_D.899#4_no_repeat#Huang10M.27,,,conversion_error,conversion_error,0,0,0,0,0,0,0,27
Schubert#Impromptu_op.90_D.899#4_no_repeat#Huang10M.3,,,success,,0.7114093959731542,1.0,0.31901840490797545,0.8877,1.0,0.783625560176226,0.8997773489932885,3
Schubert#Impromptu_op.90_D.899#4_no_repeat#Huang10M.30,,,success,,0.75,1.0,0.25531914893617025,0.9321632653061225,1.0,0.7874964828484585,0.9205408163265306,30
Schubert#Impromptu_op.90_D.899#4_no_repeat#Huang10M.31,,,success,,0.7248322147651007,1.0,0.5644171779141105,0.8556444444444445,1.0,0.8289787674247311,0.8951191648023863,31
Schubert#Impromptu_op.90_D.899#4_no_repeat#Huang10M.33,,,success,,0.7320261437908497,0.9749999999999999,0.38036809815950917,0.86475,1.0,0.7904288483900717,0.8929440359477124,33
Schubert#Impromptu_op.90_D.899#4_no_repeat#Huang10M.35,,,success,,0.8759124087591241,1.0,0.6666666666666666,0.7980769230769231,1.0,0.8681311997005429,0.9184973329590118,35
Schubert#Impromptu_op.90_D.899#4_no_repeat#Huang10M.36,,,success,,0.7482993197278912,1.0,0.4121212121212121,0.8453409090909093,1.0,0.8011522881880027,0.8984100572047001,36
Schubert#Impromptu_op.90_D.899#4_no_repeat#Huang10M.37,,,success,,0.8484848484848485,0.9734848484848485,0.6666666666666666,0.82,1.0,0.8617272727272727,0.9104924242424243,37
Schubert#Impromptu_op.90_D.899#4_no_repeat#Huang10M.4,,,success,,0.8211920529801324,1.0,0.5031446540880502,0.8750833333333333,0.5,0.7398840080803032,0.7990688465783664,4
Schubert#Impromptu_op.90_D.899#4_no_repeat#Huang10M.40,,,success,,0.7222222222222222,1.0,0.5086705202312138,0.8386666666666667,1.0,0.8139118818240206,0.8902222222222222,40
Schubert#Impromptu_op.90_D.899#4_no_repeat#Huang10M.45,,,success,,0.671875,0.9285714285714286,0.2666666666666667,0.7329047619047618,1.0,0.7200035714285715,0.8333377976190476,45
Schubert#Impromptu_op.90_D.899#4_no_repeat#Huang10M.46,,,success,,0.7166666666666668,0.8918918918918919,0.3647798742138365,0.75512,1.0,0.7456916865544791,0.8409196396396397,46
Schubert#Impromptu_op.90_D.899#4_no_repeat#Huang10M.47,,,success,,0.7478260869565218,0.7916666666666666,0.5660377358490566,0.7998461538461537,1.0,0.7810753286636797,0.8348347268673355,47
Schubert#Impromptu_op.90_D.899#4_no_repeat#Huang10M.5,,,success,,0.7435897435897435,0.992063492063492,0.2929936305732484,0.9376,1.0,0.7932493732452969,0.9183133089133089,5
Schubert#Impromptu_op.90_D.899#4_no_repeat#Huang10M.50,,,success,,0.8099173553719008,0.9642857142857143,0.5911949685534591,0.872549019607843,0.5,0.7475894115637834,0.7866880223163646,50
Schubert#Impromptu_op.90_D.899#4_no_repeat#Huang10M.51,,,success,,0.816,0.9772727272727274,0.5935483870967742,0.8975384615384618,0.5,0.7568719151815927,0.7977027972027972,51
Schubert#Impromptu_op.90_D.899#4_no_repeat#Huang10M.53,,,success,,0.44274809160305345,0.98,0.32727272727272727,0.9117647058823529,0.5,0.6323571049516267,0.7086281993713516,53
Schubert#Impromptu_op.90_D.899#4_no_repeat#Huang10M.55,,,success,,0.33870967741935487,0.9333333333333335,0.27672955974842767,0.8333333333333334,0.5,0.5764211807668899,0.6513440860215054,55
Schubert#Impromptu_op.90_D.899#4_no_repeat#Huang10M.56,,,success,,0.25,0.7777777777777778,0.5534591194968553,0.8690476190476192,0.5,0.5900569032644504,0.5992063492063492,56
Schubert#Impromptu_op.90_D.899#4_no_repeat#Huang10M.57,,,success,,0.25954198473282447,0.85,0.3270440251572327,0.7592592592592592,0.0,0.43916905382986327,0.46720031099802095,57
Schubert#Impromptu_op.90_D.899#4_no_repeat#Huang10M.6,,,success,,0.7236842105263157,0.945736434108527,0.5031446540880502,0.9659090909090909,1.0,0.8276948779263968,0.9088324338859834,6
Schubert#Impromptu_op.90_D.899#4_no_repeat#Huang10M.8,,,success,,0.7023809523809523,0.9343452380952381,0.26347305389221554,0.9479166666666666,0.5,0.6696231822070144,0.7711607142857142,8
Schubert#Impromptu_op.90_D.899#4_no_repeat#Huang10M.85,,,success,,0.8062015503875969,0.8777777777777777,0.41509433962264153,0.8925000000000001,1.0,0.7983147335576033,0.8941198320413437,85
Schubert#Impromptu_op.90_D.899#4_no_repeat#Huang10M.86,,,success,,0.6129032258064516,1.0,0.34013605442176864,0.882111111111111,1.0,0.7670300782678663,0.8737535842293906,86
Schubert#Impromptu_op.90_D.899#4_no_repeat#Huang10M.87,,,success,,0.7413793103448276,0.8472222222222222,0.44848484848484843,0.8218399999999998,1.0,0.7717852762103796,0.8526103831417624,87
Schubert#Impromptu_op.90_D.899#4_no_repeat#Huang10M.89,,,success,,0.8153846153846153,0.8043478260869567,0.6163522012578617,0.8889537037037036,0.5,0.7250076692866274,0.7521715362938188,89
Schubert#Impromptu_op.90_D.899#4_no_repeat#Huang10M.9,,,success,,0.6666666666666667,0.9303234501347708,0.29447852760736193,0.8811818181818182,0.0,0.5545300925181235,0.619542983745814,9
Schubert#Impromptu_op.90_D.899#4_no_repeat#Huang10M.90,,,success,,0.765625,0.8522727272727273,0.5534591194968553,0.908731182795699,0.5,0.7160176059130563,0.7566572275171066,90
Schubert#Impromptu_op.90_D.899#4_no_repeat#Huang10M.91,,,success,,0.819672131147541,0.9069767441860465,0.6163522012578617,0.8796296296296295,0.5,0.7445261412442157,0.7765696262408042,91
Schubert#Impromptu_op.90_D.899#4_no_repeat#Huang10M.93,,,success,,0.8813559322033898,0.9666666666666667,0.6666666666666666,0.8859649122807017,0.5,0.780130835563485,0.8084968777876895,93
Schubert#Impromptu_op.90_D.899#4_no_repeat#Huang10M.94,,,success,,0.896,0.9693877551020409,0.6666666666666666,0.9393939393939394,0.5,0.7942896722325294,0.8261954236239951,94
Schubert#Impromptu_op.90_D.899#4_no_repeat#Lin11M.0,,,success,,0.6172839506172839,0.8837606837606838,0.3473053892215569,0.9135,1.0,0.752370004719905,0.8536361585944919,0
Schubert#Impromptu_op.90_D.899#4_no_repeat#Lin11M.1,,,success,,0.7792207792207793,0.9565323565323566,0.6163522012578617,0.8981224489795917,1.0,0.8500455571981178,0.9084688961831818,1
Schubert#Impromptu_op.90_D.899#4_no_repeat#Lin11M.10,,,success,,0.6871165644171778,0.933939014202172,0.2909090909090909,0.947953488372093,0.5,0.6719836315801068,0.7672522667478607,10
Schubert#Impromptu_op.90_D.899#4_no_repeat#Lin11M.104,,,success,,0.5666666666666667,0.9768518518518519,0.2751322751322751,0.9525333333333333,0.0,0.5542368253968254,0.6240129629629629,104
Schubert#Impromptu_op.90_D.899#4_no_repeat#Lin11M.105,,,success,,0.5919282511210762,0.7872807017543859,0.328042328042328,0.87004,0.0,0.515458256183558,0.5623122382188656,105
Schubert#Impromptu_op.90_D.899#4_no_repeat#Lin11M.110,,,conversion_error,conversion_error,0,0,0,0,0,0,0,110
Schubert#Impromptu_op.90_D.899#4_no_repeat#Lin11M.111,,,success,,0.5741626794258373,0.9069767441860465,0.4245810055865922,0.9523809523809523,0.0,0.5716202763158856,0.608380093998209,111
Schubert#Impromptu_op.90_D.899#4_no_repeat#Lin11M.121,,,success,,0.5314009661835749,0.6850000000000002,0.29714285714285715,0.9895833333333334,0.0,0.5006254313319531,0.5514960748792271,121
Schubert#Impromptu_op.90_D.899#4_no_repeat#Lin11M.128,,,success,,0.4999999999999999,0.9102222222222222,0.3248730964467005,0.9056521739130435,0.0,0.5281494985163933,0.5789685990338164,128
Schubert#Impromptu_op.90_D.899#4_no_repeat#Lin11M.129,,,conversion_error,conversion_error,0,0,0,0,0,0,0,129
Schubert#Impromptu_op.90_D.899#4_no_repeat#Lin11M.13,,,conversion_error,conversion_error,0,0,0,0,0,0,0,13
Schubert#Impromptu_op.90_D.899#4_no_repeat#Lin11M.136,,,success,,0.5000000000000001,0.8116584564860425,0.30687830687830686,0.971264367816092,0.0,0.5179602262360883,0.5707307060755337,136
Schubert#Impromptu_op.90_D.899#4_no_repeat#Lin11M.138,,,success,,0.7280334728033472,0.6825203252032519,0.3703703703703703,0.9736842105263158,0.0,0.5509216757806571,0.5960595021332288,138
Schubert#Impromptu_op.90_D.899#4_no_repeat#Lin11M.139,,,success,,0.6200873362445415,0.817117117117117,0.38095238095238093,0.9473684210526315,0.0,0.5531050510733342,0.5961432186035724,139
Schubert#Impromptu_op.90_D.899#4_no_repeat#Lin11M.14,,,success,,0.6906474820143884,1.0,0.46060606060606063,0.9212631578947367,0.5,0.7145033401030372,0.7779776599772813,14
Schubert#Impromptu_op.90_D.899#4_no_repeat#Lin11M.15,,,success,,0.6461538461538462,1.0,0.40764331210191085,0.9354838709677419,0.0,0.5978562058446998,0.645409429280397,15
Schubert#Impromptu_op.90_D.899#4_no_repeat#Lin11M.156,,,success,,0.44239631336405527,0.6960784313725491,0.38743455497382207,0.9610666666666667,1.0,0.6973951932754187,0.7748853528508177,156
Schubert#Impromptu_op.90_D.899#4_no_repeat#Lin11M.157,,,success,,0.37714285714285717,0.8181818181818182,0.3314285714285714,1.0,0.0,0.5053506493506493,0.5488311688311689,157
Schubert#Impromptu_op.90_D.899#4_no_repeat#Lin11M.166,,,success,,0.6853146853146853,1.0,0.15286624203821658,0.9677777777777778,0.5,0.6611917410261359,0.7882731157731158,166
Schubert#Impromptu_op.90_D.899#4_no_repeat#Lin11M.168,,,success,,0.786206896551724,1.0,0.5212121212121213,0.9503546099290782,0.5,0.7515547255385847,0.8091403766202006,168
Schubert#Impromptu_op.90_D.899#4_no_repeat#Lin11M.170,,,success,,0.7402597402597403,0.9302325581395349,0.5911949685534591,0.9333333333333333,1.0,0.8390041200572135,0.9009564079331521,170
Schubert#Impromptu_op.90_D.899#4_no_repeat#Lin11M.171,,,success,,0.7532467532467533,0.9748538011695906,0.6666666666666666,0.9245283018867925,1.0,0.8638591045939605,0.9131572140757841,171
Schubert#Impromptu_op.90_D.899#4_no_repeat#Lin11M.174,,,success,,0.7450980392156863,0.9512499999999999,0.509090909090909,0.9779555555555555,1.0,0.83667890077243,0.9185758986928104,174
Schubert#Impromptu_op.90_D.899#4_no_repeat#Lin11M.175,,,success,,0.6575342465753423,0.9585365853658537,0.5153374233128835,0.9460000000000001,1.0,0.8154816510508158,0.8905177079852991,175
Schubert#Impromptu_op.90_D.899#4_no_repeat#Lin11M.176,,,success,,0.6329113924050633,1.0,0.4624277456647399,0.9724444444444446,1.0,0.8135567165028496,0.9013389592123769,176
Schubert#Impromptu_op.90_D.899#4_no_repeat#Lin11M.179,,,success,,0.6027397260273973,0.8955223880597014,0.28415300546448086,0.859375,1.0,0.7283580239103159,0.8394092785217747,179
Schubert#Impromptu_op.90_D.899#4_no_repeat#Lin11M.18,,,success,,0.6891891891891893,1.0,0.28800000000000003,0.8458604651162791,0.0,0.5646099308610937,0.6337624135763671,18
Schubert#Impromptu_op.90_D.899#4_no_repeat#Lin11M.180,,,conversion_error,conversion_error,0,0,0,0,0,0,0,180
Schubert#Impromptu_op.90_D.899#4_no_repeat#Lin11M.181,,,success,,0.588235294117647,1.0,0.15950920245398773,0.9615384615384616,0.0,0.5418565916220193,0.6374434389140271,181
Schubert#Impromptu_op.90_D.899#4_no_repeat#Lin11M.184,,,success,,0.7,1.0,0.3151515151515152,0.8622820512820513,0.5,0.6754867132867133,0.7655705128205128,184
Schubert#Impromptu_op.90_D.899#4_no_repeat#Lin11M.185,,,success,,0.618705035971223,1.0,0.4171779141104294,0.875,0.0,0.5821765900163305,0.6234262589928057,185
Schubert#Impromptu_op.90_D.899#4_no_repeat#Lin11M.186,,,success,,0.6301369863013698,1.0,0.3262411347517731,0.9834666666666666,0.0,0.5879689575439618,0.6534009132420091,186
Schubert#Impromptu_op.90_D.899#4_no_repeat#Lin11M.189,,,success,,0.6666666666666665,1.0,0.40559440559440557,0.9491111111111111,0.0,0.6042744366744366,0.6539444444444444,189
Schubert#Impromptu_op.90_D.899#4_no_repeat#Lin11M.190,,,success,,0.8333333333333333,1.0,0.6415094339622641,0.9468936170212765,0.0,0.6843472768633748,0.6950567375886525,190
Schubert#Impromptu_op.90_D.899#4_no_repeat#Lin11M.193,,,success,,0.6521739130434783,0.98,0.6424242424242425,1.0,0.0,0.6549196310935441,0.6580434782608695,193
Schubert#Impromptu_op.90_D.899#4_no_repeat#Lin11M.194,,,success,,0.8187919463087248,1.0,0.6666666666666666,1.0,0.5,0.7970917225950782,0.8296979865771812,194
Schubert#Impromptu_op.90_D.899#4_no_repeat#Lin11M.195,,,success,,0.64,0.8636363636363636,0.6127167630057804,0.925,0.5,0.7082706253284288,0.7321590909090909,195
Schubert#Impromptu_op.90_D.899#4_no_repeat#Lin11M.196,,,success,,0.830188679245283,0.9550691244239632,0.5157232704402517,0.9736140350877193,0.5,0.7549190218394435,0.8147179596892413,196
Schubert#Impromptu_op.90_D.899#4_no_repeat#Lin11M.197,,,success,,0.7468354430379747,1.0,0.32786885245901637,1.0,0.5,0.7149408590993982,0.8117088607594937,197
Schubert#Impromptu_op.90_D.899#4_no_repeat#Lin11M.198,,,success,,0.6783625730994152,1.0,0.22641509433962262,0.9727058823529413,0.5,0.6754967099583957,0.7877671138630891,198
Schubert#Impromptu_op.90_D.899#4_no_repeat#Lin11M.20,,,success,,0.6518518518518518,1.0,0.6424242424242425,0.9736842105263158,0.0,0.6535920609604821,0.656384015594542,20
Schubert#Impromptu_op.90_D.899#4_no_repeat#Lin11M.200,,,success,,0.6447368421052632,1.0,0.32653061224489793,0.9761904761904762,0.5,0.6894915861081274,0.7802318295739349,200
Schubert#Impromptu_op.90_D.899#4_no_repeat#Lin11M.201,,,success,,0.6853146853146853,1.0,0.05161290322580645,0.9054285714285714,1.0,0.7284712319938127,0.8976858141858142,201
Schubert#Impromptu_op.90_D.899#4_no_repeat#Lin11M.204,,,success,,0.7222222222222223,1.0,0.2481751824817518,0.8934871794871796,1.0,0.7727769168382308,0.9039273504273505,204
Schubert#Impromptu_op.90_D.899#4_no_repeat#Lin11M.205,,,success,,0.6428571428571428,0.926829268292683,0.07272727272727272,0.8755000000000001,1.0,0.7035827367754197,0.8612966027874565,205
Schubert#Impromptu_op.90_D.899#4_no_repeat#Lin11M.208,,,success,,0.8721804511278195,1.0,0.5306122448979591,0.831890909090909,1.0,0.8469367210233376,0.9260178400546821,208
Schubert#Impromptu_op.90_D.899#4_no_repeat#Lin11M.209,,,success,,0.702290076335878,1.0,0.44755244755244755,0.9357948717948719,1.0,0.8171274791366395,0.9095212370326875,209
Schubert#Impromptu_op.90_D.899#4_no_repeat#Lin11M.210,,,success,,0.9312977099236641,1.0,0.5673758865248227,0.8596491228070176,1.0,0.8716645438511008,0.9477367081826704,210
Schubert#Impromptu_op.90_D.899#4_no_repeat#Lin11M.216,,,success,,0.7213114754098361,0.9324324324324323,0.3137254901960784,0.8136222222222222,1.0,0.7562183240521139,0.8668415325161227,216
Schubert#Impromptu_op.90_D.899#4_no_repeat#Lin11M.217,,,success,,0.784,0.9302325581395349,0.47204968944099374,0.9069122807017544,1.0,0.8186389056564567,0.9052862097103224,217
Schubert#Impromptu_op.90_D.899#4_no_repeat#Lin11M.218,,,success,,0.8346456692913385,0.9130434782608695,0.5157232704402517,0.8675087719298246,1.0,0.826184237984457,0.9037994798705081,218
Schubert#Impromptu_op.90_D.899#4_no_repeat#Lin11M.22,,,success,,0.7164179104477612,1.0,0.6181818181818182,0.9772727272727273,0.0,0.6623744911804612,0.673422659430122,22
Schubert#Impromptu_op.90_D.899#4_no_repeat#Lin11M.220,,,success,,0.6507936507936507,0.9078947368421053,0.5534591194968553,0.9197241379310345,0.5,0.7063743290127291,0.7446031313916976,220
Schubert#Impromptu_op.90_D.899#4_no_repeat#Lin11M.221,,,success,,0.7142857142857143,0.9078947368421052,0.49056603773584906,0.8092857142857142,0.5,0.6844064406298765,0.7328665413533835,221
Schubert#Impromptu_op.90_D.899#4_no_repeat#Lin11M.224,,,success,,0.6065573770491803,0.9242424242424242,0.509090909090909,0.9275362318840579,0.0,0.5934853884533142,0.6145840082939156,224
Schubert#Impromptu_op.90_D.899#4_no_repeat#Lin11M.225,,,success,,0.564885496183206,0.7741935483870968,0.42767295597484273,0.7817142857142857,0.5,0.6096932572518863,0.6551983325711471,225
Schubert#Impromptu_op.90_D.899#4_no_repeat#Lin11M.228,,,success,,0.23529411764705882,0.7777777777777777,0.32727272727272727,0.7976190476190476,0.0,0.4275927340633222,0.452672735760971,228
Schubert#Impromptu_op.90_D.899#4_no_repeat#Lin11M.229,,,success,,0.24242424242424243,0.7777777777777777,0.5283018867924529,0.8125,0.0,0.4722007813988946,0.458175505050505,229
Schubert#Impromptu_op.90_D.899#4_no_repeat#Lin11M.23,,,success,,0.588235294117647,1.0,0.5664739884393064,0.918918918918919,0.0,0.6147256402951744,0.6267885532591415,23
Schubert#Impromptu_op.90_D.899#4_no_repeat#Lin11M.236,,,success,,0.5100671140939598,0.9411764705882353,0.13245033112582782,0.7849444444444444,0.0,0.47372767205049343,0.5590470072816598,236
Schubert#Impromptu_op.90_D.899#4_no_repeat#Lin11M.237,,,success,,0.4832214765100671,0.7878787878787878,0.039735099337748346,0.9583333333333334,0.5,0.5538337394119873,0.6823583994305471,237
Schubert#Impromptu_op.90_D.899#4_no_repeat#Lin11M.24,,,success,,0.7832167832167832,0.97406462585034,0.6666666666666666,1.0,0.0,0.684789615146758,0.6893203522667808,24
Schubert#Impromptu_op.90_D.899#4_no_repeat#Lin11M.244,,,timeout,timeout,0,0,0,0,0,0,0,244
Schubert#Impromptu_op.90_D.899#4_no_repeat#Lin11M.249,,,success,,0.8208955223880597,1.0,0.43971631205673756,0.89314,1.0,0.8307503668889595,0.928508880597015,249
Schubert#Impromptu_op.90_D.899#4_no_repeat#Lin11M.25,,,success,,0.7183098591549295,0.9697420634920634,0.5696969696969697,0.975609756097561,0.5,0.7466717296883048,0.7909154196861384,25
Schubert#Impromptu_op.90_D.899#4_no_repeat#Lin11M.250,,,success,,0.8787878787878788,1.0,0.5637583892617449,0.8981481481481481,1.0,0.8681388832395545,0.9442340067340067,250
Schubert#Impromptu_op.90_D.899#4_no_repeat#Lin11M.251,,,success,,0.9117647058823529,1.0,0.5986394557823129,0.8934426229508197,1.0,0.880769356923097,0.9513018322082931,251
Schubert#Impromptu_op.90_D.899#4_no_repeat#Lin11M.257,,,success,,0.7519999999999999,0.8625,0.3018867924528302,0.7472000000000001,1.0,0.732717358490566,0.840425,257
Schubert#Impromptu_op.90_D.899#4_no_repeat#Lin11M.258,,,success,,0.7017543859649122,0.8656716417910448,0.3221476510067114,0.7710333333333333,1.0,0.7321214024192003,0.8346148402723226,258
Schubert#Impromptu_op.90_D.899#4_no_repeat#Lin11M.259,,,success,,0.33707865168539325,1.0,0.2206896551724138,0.8722,1.0,0.6859936613715614,0.8023196629213483,259
Schubert#Impromptu_op.90_D.899#4_no_repeat#Lin11M.26,,,success,,0.7712418300653594,0.9207936507936507,0.4624277456647399,1.0,0.5,0.73089264530475,0.7980088702147525,26
Schubert#Impromptu_op.90_D.899#4_no_repeat#Lin11M.261,,,success,,0.7192982456140351,0.8450704225352111,0.25149700598802394,0.8031333333333333,0.5,0.6237998014941206,0.7168755003706448,261
Schubert#Impromptu_op.90_D.899#4_no_repeat#Lin11M.262,,,success,,0.6923076923076923,0.9878048780487805,0.4025157232704402,0.8241142857142858,0.5,0.6813485158682397,0.7510567140176896,262
Schubert#Impromptu_op.90_D.899#4_no_repeat#Lin11M.269,,,success,,0.5274725274725274,0.8034188034188035,0.15789473684210525,0.6926153846153846,1.0,0.6362802904697642,0.7558766788766789,269
Schubert#Impromptu_op.90_D.899#4_no_repeat#Lin11M.27,,,success,,0.7397260273972603,0.8641215106732348,0.36257309941520466,0.9772727272727273,1.0,0.7887386729516855,0.8952800663358056,27
Schubert#Impromptu_op.90_D.899#4_no_repeat#Lin11M.3,,,success,,0.562874251497006,0.8473063973063972,0.4539877300613496,0.8907499999999999,1.0,0.7509836757729506,0.8252326622008508,3
Schubert#Impromptu_op.90_D.899#4_no_repeat#Lin11M.30,,,success,,0.8275862068965517,1.0,0.6060606060606061,0.9615384615384616,0.5,0.7790370548991239,0.8222811671087533,30
Schubert#Impromptu_op.90_D.899#4_no_repeat#Lin11M.31,,,success,,0.6944444444444444,1.0,0.6181818181818182,0.925531914893617,0.5,0.747631635503976,0.7799940898345153,31
Schubert#Impromptu_op.90_D.899#4_no_repeat#Lin11M.33,,,success,,0.6338028169014085,1.0,0.3742690058479532,0.9308888888888889,0.5,0.6877921423276501,0.7661729264475743,33
Schubert#Impromptu_op.90_D.899#4_no_repeat#Lin11M.35,,,success,,0.676056338028169,1.0,0.025157232704402514,0.9272195121951221,1.0,0.7256866165855387,0.9008189625558227,35
Schubert#Impromptu_op.90_D.899#4_no_repeat#Lin11M.36,,,success,,0.8776978417266188,1.0,0.5031446540880502,0.8561428571428572,1.0,0.8473970705915053,0.933460174717369,36
Schubert#Impromptu_op.90_D.899#4_no_repeat#Lin11M.37,,,success,,0.738255033557047,1.0,0.6163522012578617,0.8715833333333333,1.0,0.8452381136296484,0.902459591722595,37
Schubert#Impromptu_op.90_D.899#4_no_repeat#Lin11M.4,,,success,,0.8050314465408805,0.9693121693121695,0.5283018867924529,0.9107857142857144,0.5,0.7426862433862434,0.796282332534691,4
Schubert#Impromptu_op.90_D.899#4_no_repeat#Lin11M.40,,,success,,0.8787878787878788,1.0,0.5986394557823129,0.8660714285714286,1.0,0.8686997526283241,0.9362148268398269,40
Schubert#Impromptu_op.90_D.899#4_no_repeat#Lin11M.45,,,success,,0.7067669172932332,0.825,0.3018867924528302,0.7614408602150537,1.0,0.7190189139922234,0.8233019443770717,45
Schubert#Impromptu_op.90_D.899#4_no_repeat#Lin11M.46,,,success,,0.6779661016949152,0.8428571428571429,0.3137254901960784,0.8921600000000001,1.0,0.7453417469496273,0.8532458111380146,46
Schubert#Impromptu_op.90_D.899#4_no_repeat#Lin11M.47,,,success,,0.6141732283464567,0.8676470588235294,0.32679738562091504,0.8373333333333335,1.0,0.7291902012248469,0.82978840512583,47
Schubert#Impromptu_op.90_D.899#4_no_repeat#Lin11M.5,,,success,,0.6835443037974684,0.9565217391304348,0.36809815950920244,0.9105217391304348,1.0,0.783737188313508,0.8876469455145846,5
Schubert#Impromptu_op.90_D.899#4_no_repeat#Lin11M.50,,,success,,0.6818181818181818,0.975,0.5157232704402517,0.9355698924731183,0.5,0.7216222689463103,0.773097018572825,50
Schubert#Impromptu_op.90_D.899#4_no_repeat#Lin11M.51,,,success,,0.712121212121212,0.8554216867469879,0.4654088050314465,0.8453809523809525,0.5,0.6756665312561198,0.728230962812288,51
Schubert#Impromptu_op.90_D.899#4_no_repeat#Lin11M.53,,,success,,0.4496124031007752,0.6923076923076923,0.304635761589404,0.9642857142857143,0.5,0.5821683142567171,0.6515514524235455,53
Schubert#Impromptu_op.90_D.899#4_no_repeat#Lin11M.55,,,success,,0.3206106870229008,0.5625,0.289308176100629,0.761904761904762,0.0,0.3868647250056584,0.41125386223191573,55
Schubert#Impromptu_op.90_D.899#4_no_repeat#Lin11M.56,,,success,,0.17054263565891473,0.2857142857142857,0.32727272727272727,0.5833333333333333,0.0,0.27337259639585215,0.2598975636766334,56
Schubert#Impromptu_op.90_D.899#4_no_repeat#Lin11M.57,,,success,,0.25396825396825395,0.38461538461538464,0.2787878787878788,1.0,0.0,0.38347430347430345,0.40964590964590963,57
Schubert#Impromptu_op.90_D.899#4_no_repeat#Lin11M.6,,,success,,0.7516778523489933,0.967032967032967,0.5575757575757576,0.8334358974358974,1.0,0.8219444948787231,0.8880366792044644,6
Schubert#Impromptu_op.90_D.899#4_no_repeat#Lin11M.8,,,success,,0.7975460122699387,0.9415795586527294,0.5031446540880502,0.9017857142857143,0.5,0.7288111878592864,0.7852278213020956,8
Schubert#Impromptu_op.90_D.899#4_no_repeat#Lin11M.85,,,success,,0.65625,0.8292682926829268,0.3270440251572327,0.9002857142857144,0.5,0.6425696064251747,0.7214510017421603,85
Schubert#Impromptu_op.90_D.899#4_no_repeat#Lin11M.86,,,success,,0.7244094488188977,0.8846153846153847,0.2416107382550336,0.7883854166666667,1.0,0.7278041976711965,0.8493525625252373,86
Schubert#Impromptu_op.90_D.899#4_no_repeat#Lin11M.87,,,success,,0.7008547008547009,0.842857142857143,0.35374149659863946,0.8769855072463766,1.0,0.754887769511372,0.8551743377395551,87
Schubert#Impromptu_op.90_D.899#4_no_repeat#Lin11M.89,,,success,,0.7154471544715446,0.9230769230769231,0.41509433962264153,0.8890222222222222,1.0,0.7885281278786663,0.8818865749426725,89
Schubert#Impromptu_op.90_D.899#4_no_repeat#Lin11M.9,,,success,,0.6708860759493671,0.8899433106575962,0.3859649122807018,0.9146341463414634,0.5,0.6722856890458258,0.7438658832371067,9
Schubert#Impromptu_op.90_D.899#4_no_repeat#Lin11M.90,,,success,,0.8264462809917354,0.9425287356321839,0.49056603773584906,0.9012761904761906,0.5,0.7321634489671918,0.7925628017750275,90
Schubert#Impromptu_op.90_D.899#4_no_repeat#Lin11M.91,,,success,,0.7580645161290323,0.9624999999999999,0.5534591194968553,0.9540229885057471,0.5,0.7456093248263269,0.7936468761586948,91
Schubert#Impromptu_op.90_D.899#4_no_repeat#Lin11M.93,,,success,,0.7619047619047619,0.9642857142857143,0.5911949685534591,0.875,0.5,0.738477088948787,0.7752976190476191,93
Schubert#Impromptu_op.90_D.899#4_no_repeat#Lin11M.94,,,success,,0.7819548872180451,0.9680851063829787,0.5408805031446542,0.9416666666666667,0.5,0.746517432682469,0.7979266650669226,94
Schubert#Impromptu_op.90_D.899#4_no_repeat#LuoJ09M.0,,,success,,0.6575342465753424,0.9625,0.4855491329479769,0.9230769230769231,1.0,0.8057320605200484,0.8857777924130663,0
Schubert#Impromptu_op.90_D.899#4_no_repeat#LuoJ09M.1,,,success,,0.761904761904762,1.0,0.48484848484848486,0.912326530612245,0.5,0.7318159554730983,0.7935578231292517,1
Schubert#Impromptu_op.90_D.899#4_no_repeat#LuoJ09M.10,,,success,,0.8181818181818181,0.9609876543209878,0.6666666666666666,0.9416666666666667,0.0,0.6775005611672278,0.6802090347923682,10
Schubert#Impromptu_op.90_D.899#4_no_repeat#LuoJ09M.104,,,success,,0.6399999999999999,0.9503546099290779,0.35978835978835977,0.9717735849056603,0.0,0.5843833109246196,0.6405320487086845,104
Schubert#Impromptu_op.90_D.899#4_no_repeat#LuoJ09M.105,,,success,,0.5990338164251208,0.9148148148148147,0.4021164021164021,0.98,0.0,0.5791930066712675,0.6234621578099839,105
Schubert#Impromptu_op.90_D.899#4_no_repeat#LuoJ09M.110,,,success,,0.6329113924050632,0.8886178861788617,0.5139664804469273,0.9838709677419355,0.0,0.6038733453545576,0.6263500615814651,110
Schubert#Impromptu_op.90_D.899#4_no_repeat#LuoJ09M.111,,,success,,0.6016949152542374,0.8158333333333332,0.45989304812834225,0.9214237288135594,0.0,0.5597690051058943,0.5847379943502824,111
Schubert#Impromptu_op.90_D.899#4_no_repeat#LuoJ09M.121,,,success,,0.5066666666666666,0.8273809523809523,0.34285714285714286,0.9634146341463414,0.0,0.5280638792102207,0.5743655632984901,121
Schubert#Impromptu_op.90_D.899#4_no_repeat#LuoJ09M.128,,,success,,0.5897435897435898,0.9777777777777777,0.4046242774566475,0.9907407407407407,0.0,0.5925772771437512,0.639565527065527,128
Schubert#Impromptu_op.90_D.899#4_no_repeat#LuoJ09M.129,,,success,,0.5446808510638297,0.8687943262411347,0.4624277456647399,0.967391304347826,0.0,0.5686588454635061,0.5952166204131977,129
Schubert#Impromptu_op.90_D.899#4_no_repeat#LuoJ09M.13,,,success,,0.7391304347826088,1.0,0.5696969696969697,0.9555555555555556,0.0,0.6528765920070269,0.6736714975845411,13
Schubert#Impromptu_op.90_D.899#4_no_repeat#LuoJ09M.136,,,success,,0.6299212598425198,0.9006802721088436,0.38918918918918916,0.9838709677419355,0.0,0.5807323377764976,0.6286181249233247,136
Schubert#Impromptu_op.90_D.899#4_no_repeat#LuoJ09M.138,,,success,,0.6637554585152838,0.9183006535947712,0.3934426229508197,0.9384615384615385,0.0,0.5827920547044826,0.6301294126428985,138
Schubert#Impromptu_op.90_D.899#4_no_repeat#LuoJ09M.139,,,success,,0.680672268907563,0.884888888888889,0.5660377358490566,1.0,0.0,0.6263197787291017,0.641390289449113,139
Schubert#Impromptu_op.90_D.899#4_no_repeat#LuoJ09M.14,,,success,,0.7448275862068965,0.9803030303030302,0.6666666666666666,0.98,0.0,0.6743594566353186,0.6762826541274817,14
Schubert#Impromptu_op.90_D.899#4_no_repeat#LuoJ09M.15,,,success,,0.7913669064748202,1.0,0.6257668711656442,0.8888888888888888,0.0,0.6612045333058706,0.6700639488409272,15
Schubert#Impromptu_op.90_D.899#4_no_repeat#LuoJ09M.156,,,success,,0.6411483253588516,0.9401709401709403,0.33149171270718236,1.0,1.0,0.7825621956473949,0.8953298163824479,156
Schubert#Impromptu_op.90_D.899#4_no_repeat#LuoJ09M.157,,,success,,0.6169154228855721,0.8018518518518518,0.3473053892215569,1.0,0.0,0.5532145327917961,0.604691818684356,157
Schubert#Impromptu_op.90_D.899#4_no_repeat#LuoJ09M.166,,,success,,0.7733333333333333,1.0,0.328042328042328,0.9634285714285714,0.0,0.6129608465608466,0.6841904761904762,166
Schubert#Impromptu_op.90_D.899#4_no_repeat#LuoJ09M.168,,,success,,0.8194444444444444,1.0,0.47798742138364775,0.9675294117647059,0.5,0.7529922555185596,0.8217434640522876,168
Schubert#Impromptu_op.90_D.899#4_no_repeat#LuoJ09M.170,,,success,,0.6711409395973154,1.0,0.2787878787878788,0.8804102564102564,1.0,0.7660678149590902,0.887887799001893,170
Schubert#Impromptu_op.90_D.899#4_no_repeat#LuoJ09M.171,,,success,,0.6751592356687898,1.0,0.4,0.9388979591836735,1.0,0.8028114389704927,0.9035142987131157,171
Schubert#Impromptu_op.90_D.899#4_no_repeat#LuoJ09M.174,,,success,,0.7083333333333334,1.0,0.5408805031446542,0.9681702127659574,1.0,0.843476809848789,0.9191258865248227,174
Schubert#Impromptu_op.90_D.899#4_no_repeat#LuoJ09M.175,,,success,,0.7482993197278912,1.0,0.3976608187134503,0.9091199999999999,1.0,0.8110160276882683,0.9143548299319728,175
Schubert#Impromptu_op.90_D.899#4_no_repeat#LuoJ09M.176,,,success,,0.7432432432432432,1.0,0.5157232704402517,0.9065,1.0,0.8330933027366989,0.9124358108108108,176
Schubert#Impromptu_op.90_D.899#4_no_repeat#LuoJ09M.179,,,success,,0.7402597402597403,0.9505952380952382,0.40764331210191085,0.90625,0.5,0.7009496580913779,0.7742762445887446,179
Schubert#Impromptu_op.90_D.899#4_no_repeat#LuoJ09M.18,,,success,,0.7234042553191489,1.0,0.6424242424242425,0.9787234042553191,0.0,0.668910380399742,0.675531914893617,18
Schubert#Impromptu_op.90_D.899#4_no_repeat#LuoJ09M.180,,,success,,0.8211920529801325,0.9454411221853084,0.6037735849056604,0.948344827586207,0.5,0.7637503175314617,0.803744500687912,180
Schubert#Impromptu_op.90_D.899#4_no_repeat#LuoJ09M.181,,,success,,0.7619047619047619,0.9651675485008819,0.47852760736196315,0.9551020408163264,0.0,0.6321403917167867,0.6705435878054926,181
Schubert#Impromptu_op.90_D.899#4_no_repeat#LuoJ09M.184,,,success,,0.7445255474452556,1.0,0.5031446540880502,0.9545454545454546,0.0,0.6404431312157521,0.6747677504976776,184
Schubert#Impromptu_op.90_D.899#4_no_repeat#LuoJ09M.185,,,success,,0.6615384615384615,1.0,0.30409356725146197,0.9571428571428572,0.0,0.5845549771865561,0.6546703296703297,185
Schubert#Impromptu_op.90_D.899#4_no_repeat#LuoJ09M.186,,,success,,0.8428571428571429,1.0,0.5986394557823129,0.9454545454545454,0.0,0.6773902288188003,0.6970779220779221,186
Schubert#Impromptu_op.90_D.899#4_no_repeat#LuoJ09M.189,,,success,,0.8428571428571429,1.0,0.509090909090909,0.8837307692307692,0.0,0.6471357642357642,0.681646978021978,189
Schubert#Impromptu_op.90_D.899#4_no_repeat#LuoJ09M.190,,,success,,0.8368794326241135,1.0,0.6666666666666666,0.9636363636363636,0.0,0.6934364925854288,0.7001289490651192,190
Schubert#Impromptu_op.90_D.899#4_no_repeat#LuoJ09M.193,,,conversion_error,conversion_error,0,0,0,0,0,0,0,193
Schubert#Impromptu_op.90_D.899#4_no_repeat#LuoJ09M.194,,,success,,0.8028169014084506,1.0,0.6666666666666666,1.0,0.0,0.6938967136150234,0.7007042253521126,194
Schubert#Impromptu_op.90_D.899#4_no_repeat#LuoJ09M.195,,,success,,0.8496732026143791,1.0,0.6666666666666666,1.0,0.0,0.7032679738562091,0.7124183006535948,195
Schubert#Impromptu_op.90_D.899#4_no_repeat#LuoJ09M.196,,,success,,0.8846153846153846,1.0,0.6666666666666666,0.9776119402985075,0.5,0.8057787983161117,0.840556831228473,196
Schubert#Impromptu_op.90_D.899#4_no_repeat#LuoJ09M.197,,,success,,0.8074534161490683,1.0,0.535031847133758,0.9612068965517241,1.0,0.8607384319669101,0.9421650781751981,197
Schubert#Impromptu_op.90_D.899#4_no_repeat#LuoJ09M.198,,,success,,0.8805031446540881,0.9925925925925926,0.6666666666666666,0.9053030303030303,0.5,0.7890130868432755,0.8195996918874278,198
Schubert#Impromptu_op.90_D.899#4_no_repeat#LuoJ09M.20,,,success,,0.6621621621621622,1.0,0.6060606060606061,0.9651162790697675,0.0,0.6466678094585071,0.6568196103079824,20
Schubert#Impromptu_op.90_D.899#4_no_repeat#LuoJ09M.200,,,success,,0.7483870967741936,1.0,0.4624277456647399,0.9327692307692309,1.0,0.8287168146416329,0.9202890818858561,200
Schubert#Impromptu_op.90_D.899#4_no_repeat#LuoJ09M.201,,,success,,0.6666666666666667,1.0,0.07017543859649122,0.9155555555555555,1.0,0.7304795321637426,0.8955555555555555,201
Schubert#Impromptu_op.90_D.899#4_no_repeat#LuoJ09M.204,,,success,,0.8057553956834532,1.0,0.5027932960893855,0.8816326530612245,1.0,0.8380362689668125,0.9218470121861694,204
Schubert#Impromptu_op.90_D.899#4_no_repeat#LuoJ09M.205,,,success,,0.6619718309859155,1.0,0.05031446540880503,0.9414117647058822,1.0,0.7307396122201205,0.9008458989229494,205
Schubert#Impromptu_op.90_D.899#4_no_repeat#LuoJ09M.208,,,success,,0.8382352941176471,1.0,0.42767295597484273,0.8208301886792454,1.0,0.8173476877543472,0.9147663706992232,208
Schubert#Impromptu_op.90_D.899#4_no_repeat#LuoJ09M.209,,,success,,0.8550724637681159,1.0,0.6666666666666666,0.8839285714285714,1.0,0.8811335403726707,0.9347502587991718,209
Schubert#Impromptu_op.90_D.899#4_no_repeat#LuoJ09M.210,,,success,,0.7971014492753623,1.0,0.3352601156069364,0.8775094339622641,0.5,0.7019741997689126,0.7936527208094066,210
Schubert#Impromptu_op.90_D.899#4_no_repeat#LuoJ09M.216,,,success,,0.7559055118110236,0.8452380952380952,0.5031446540880502,0.9219999999999999,1.0,0.8052576522274337,0.8807859017622797,216
Schubert#Impromptu_op.90_D.899#4_no_repeat#LuoJ09M.217,,,success,,0.7804878048780488,0.8902439024390245,0.39716312056737585,0.9060430107526881,1.0,0.7947875677274274,0.8941936795174403,217
Schubert#Impromptu_op.90_D.899#4_no_repeat#LuoJ09M.218,,,success,,0.6771653543307087,0.8717948717948718,0.39306358381502887,0.927911111111111,0.5,0.6739869842103441,0.7442178343091729,218
Schubert#Impromptu_op.90_D.899#4_no_repeat#LuoJ09M.22,,,success,,0.7971014492753623,0.9617283950617285,0.6666666666666666,1.0,0.0,0.6850993022007514,0.6897074610842727,22
Schubert#Impromptu_op.90_D.899#4_no_repeat#LuoJ09M.220,,,success,,0.7538461538461538,0.9772727272727274,0.4654088050314465,0.941294117647059,0.5,0.7275643607594773,0.793103249691485,220
Schubert#Impromptu_op.90_D.899#4_no_repeat#LuoJ09M.221,,,success,,0.6666666666666666,1.0,0.5283018867924529,0.9707058823529413,0.5,0.7331348871624123,0.7843431372549019,221
Schubert#Impromptu_op.90_D.899#4_no_repeat#LuoJ09M.224,,,success,,0.6099290780141844,0.9125000000000001,0.5465838509316769,0.9351851851851851,0.5,0.7008396228262093,0.7394035657998423,224
Schubert#Impromptu_op.90_D.899#4_no_repeat#LuoJ09M.225,,,success,,0.5116279069767442,0.8833333333333333,0.4692737430167598,0.9721666666666667,0.5,0.6672803299987008,0.7167819767441861,225
Schubert#Impromptu_op.90_D.899#4_no_repeat#LuoJ09M.228,,,success,,0.26277372262773724,0.625,0.5911949685534591,0.7407407407407408,0.5,0.5439418863843875,0.5321286158421195,228
Schubert#Impromptu_op.90_D.899#4_no_repeat#LuoJ09M.229,,,success,,0.22377622377622378,0.6,0.5911949685534591,0.8125,0.5,0.5454942384659366,0.534069055944056,229
Schubert#Impromptu_op.90_D.899#4_no_repeat#LuoJ09M.23,,,success,,0.8,1.0,0.6666666666666666,1.0,0.0,0.6933333333333334,0.7,23
Schubert#Impromptu_op.90_D.899#4_no_repeat#LuoJ09M.236,,,success,,0.5202312138728323,0.9230769230769231,0.2012578616352201,0.8531764705882353,0.0,0.4995484938346422,0.5741211518844977,236
Schubert#Impromptu_op.90_D.899#4_no_repeat#LuoJ09M.237,,,success,,0.5301204819277109,0.911764705882353,0.09248554913294797,0.9117333333333332,0.5,0.589220814055269,0.7134046302858493,237
Schubert#Impromptu_op.90_D.899#4_no_repeat#LuoJ09M.24,,,success,,0.8,1.0,0.6666666666666666,1.0,0.0,0.6933333333333334,0.7,24
Schubert#Impromptu_op.90_D.899#4_no_repeat#LuoJ09M.244,,,success,,0.5423728813559323,0.8000000000000002,0.34636871508379885,0.963,1.0,0.7303483192879463,0.8263432203389831,244
Schubert#Impromptu_op.90_D.899#4_no_repeat#LuoJ09M.249,,,success,,0.787878787878788,1.0,0.5578231292517007,0.89672,1.0,0.8484843834260978,0.9211496969696971,249
Schubert#Impromptu_op.90_D.899#4_no_repeat#LuoJ09M.25,,,success,,0.7898089171974523,1.0,0.6666666666666666,1.0,0.0,0.6912951167728238,0.697452229299363,25
Schubert#Impromptu_op.90_D.899#4_no_repeat#LuoJ09M.250,,,success,,0.6906474820143885,1.0,0.40559440559440557,0.9112888888888888,1.0,0.8015061552995366,0.9004840927258193,250
Schubert#Impromptu_op.90_D.899#4_no_repeat#LuoJ09M.251,,,success,,0.7851851851851851,1.0,0.5780346820809249,0.92672,1.0,0.857987973453222,0.9279762962962963,251
Schubert#Impromptu_op.90_D.899#4_no_repeat#LuoJ09M.257,,,success,,0.8091603053435115,0.8085106382978723,0.4761904761904762,0.8847179487179488,1.0,0.7957158737099618,0.8755972230898331,257
Schubert#Impromptu_op.90_D.899#4_no_repeat#LuoJ09M.258,,,success,,0.8062015503875969,0.8999999999999999,0.5106382978723405,0.9211228070175438,1.0,0.8275925310554962,0.9068310893512852,258
Schubert#Impromptu_op.90_D.899#4_no_repeat#LuoJ09M.259,,,success,,0.8503937007874015,0.9787234042553191,0.6415094339622641,0.9090909090909093,0.5,0.7759434896191788,0.8095520035334075,259
Schubert#Impromptu_op.90_D.899#4_no_repeat#LuoJ09M.26,,,success,,0.8333333333333333,0.9704761904761904,0.6666666666666666,0.9838709677419355,0.5,0.7908694316436251,0.8219201228878648,26
Schubert#Impromptu_op.90_D.899#4_no_repeat#LuoJ09M.261,,,success,,0.816,0.9777777777777777,0.5911949685534591,0.9166666666666667,0.5,0.7603278825995806,0.8026111111111112,261
Schubert#Impromptu_op.90_D.899#4_no_repeat#LuoJ09M.262,,,success,,0.8030303030303031,0.9680851063829787,0.5157232704402517,0.9635447154471545,0.5,0.7500766790601376,0.8086650312151091,262
Schubert#Impromptu_op.90_D.899#4_no_repeat#LuoJ09M.269,,,success,,0.616822429906542,0.7500000000000001,0.23684210526315788,0.6111111111111112,0.5,0.5429551292561623,0.6194833852544133,269
Schubert#Impromptu_op.90_D.899#4_no_repeat#LuoJ09M.27,,,success,,0.8402366863905326,1.0,0.6496815286624203,0.9202898550724637,1.0,0.8820416140250835,0.9401316353657491,27
Schubert#Impromptu_op.90_D.899#4_no_repeat#LuoJ09M.3,,,success,,0.7006369426751592,0.9771929824561402,0.440251572327044,0.9186122448979592,0.5,0.7073387484712605,0.7741105425073147,3
Schubert#Impromptu_op.90_D.899#4_no_repeat#LuoJ09M.30,,,success,,0.8741721854304636,1.0,0.6037735849056604,0.8898983050847458,1.0,0.8735688150841738,0.9410176226288023,30
Schubert#Impromptu_op.90_D.899#4_no_repeat#LuoJ09M.31,,,success,,0.6756756756756757,1.0,0.07361963190184048,0.912186046511628,1.0,0.7322962708178288,0.896965430546826,31
Schubert#Impromptu_op.90_D.899#4_no_repeat#LuoJ09M.33,,,success,,0.6993006993006993,1.0,0.03821656050955414,0.8978181818181817,1.0,0.727067088325687,0.8992797202797203,33
Schubert#Impromptu_op.90_D.899#4_no_repeat#LuoJ09M.35,,,success,,0.7285714285714284,1.0,0.45283018867924524,0.875,1.0,0.8112803234501348,0.9008928571428572,35
Schubert#Impromptu_op.90_D.899#4_no_repeat#LuoJ09M.36,,,success,,0.696969696969697,1.0,0.49101796407185627,0.9324324324324325,1.0,0.8240840186947971,0.9073505323505324,36
Schubert#Impromptu_op.90_D.899#4_no_repeat#LuoJ09M.37,,,success,,0.7913669064748201,1.0,0.484472049689441,0.7985531914893618,1.0,0.8148784295307244,0.8974800244910455,37
Schubert#Impromptu_op.90_D.899#4_no_repeat#LuoJ09M.4,,,success,,0.7702702702702702,0.9577777777777778,0.6666666666666666,0.9607843137254902,0.5,0.7710998056880409,0.7972080904433846,4
Schubert#Impromptu_op.90_D.899#4_no_repeat#LuoJ09M.40,,,success,,0.9160305343511451,1.0,0.6666666666666666,0.864406779661017,0.5,0.7894207961357658,0.8201093285030405,40
Schubert#Impromptu_op.90_D.899#4_no_repeat#LuoJ09M.45,,,success,,0.7479674796747967,0.9871794871794872,0.42767295597484273,0.8915353535353535,1.0,0.8108710552728962,0.9066705800974094,45
Schubert#Impromptu_op.90_D.899#4_no_repeat#LuoJ09M.46,,,success,,0.8031496062992126,0.7444444444444445,0.3647798742138365,0.8802156862745099,1.0,0.7585179222464007,0.8569524342545417,46
Schubert#Impromptu_op.90_D.899#4_no_repeat#LuoJ09M.47,,,success,,0.75,0.9102564102564101,0.35374149659863946,0.8974888888888889,1.0,0.7822973591487876,0.8894363247863247,47
Schubert#Impromptu_op.90_D.899#4_no_repeat#LuoJ09M.5,,,success,,0.6938775510204082,1.0,0.47133757961783435,0.9546363636363636,0.5,0.7239702988549211,0.7871284786641929,5
Schubert#Impromptu_op.90_D.899#4_no_repeat#LuoJ09M.50,,,success,,0.7812500000000001,0.9772727272727272,0.6163522012578617,0.9517543859649124,0.5,0.7653258628991002,0.8025692783094099,50
Schubert#Impromptu_op.90_D.899#4_no_repeat#LuoJ09M.51,,,success,,0.8125,0.9782608695652174,0.5660377358490566,0.9264496124031008,0.5,0.7566496435634749,0.8043026204920796,51
Schubert#Impromptu_op.90_D.899#4_no_repeat#LuoJ09M.53,,,success,,0.46511627906976744,1.0,0.2456140350877193,0.9782608695652174,0.5,0.6377982367445408,0.7358442871587462,53
Schubert#Impromptu_op.90_D.899#4_no_repeat#LuoJ09M.55,,,success,,0.196969696969697,0.7727272727272727,0.3566878980891719,0.880952380952381,0.5,0.5414674497477046,0.5876623376623377,55
Schubert#Impromptu_op.90_D.899#4_no_repeat#LuoJ09M.56,,,success,,0.21212121212121213,0.4166666666666667,0.49056603773584906,1.0,0.5,0.5238707833047456,0.5321969696969697,56
Schubert#Impromptu_op.90_D.899#4_no_repeat#LuoJ09M.57,,,success,,0.26573426573426573,0.5694444444444444,0.5419354838709677,0.5740740740740741,0.5,0.49023765362475036,0.47731319606319605,57
Schubert#Impromptu_op.90_D.899#4_no_repeat#LuoJ09M.6,,,success,,0.6923076923076923,0.9727272727272728,0.509090909090909,0.9034545454545455,0.5,0.7155160839160839,0.7671223776223777,6
Schubert#Impromptu_op.90_D.899#4_no_repeat#LuoJ09M.8,,,success,,0.7672955974842768,0.9629568106312292,0.49056603773584906,0.9529056603773585,0.5,0.7347448212457427,0.7957895171232161,8
Schubert#Impromptu_op.90_D.899#4_no_repeat#LuoJ09M.85,,,success,,0.6201550387596899,0.8974358974358975,0.4654088050314465,0.941625,0.5,0.6849249482454068,0.7398039840488969,85
Schubert#Impromptu_op.90_D.899#4_no_repeat#LuoJ09M.86,,,success,,0.7669172932330827,0.8,0.5157232704402517,0.8983703703703705,0.5,0.696202186808741,0.7413219159008633,86
Schubert#Impromptu_op.90_D.899#4_no_repeat#LuoJ09M.87,,,success,,0.8095238095238094,0.8977272727272728,0.5369127516778524,0.9047619047619047,1.0,0.8297851477381679,0.9030032467532467,87
Schubert#Impromptu_op.90_D.899#4_no_repeat#LuoJ09M.89,,,success,,0.7479674796747967,0.9874999999999999,0.4508670520231214,0.921875,0.5,0.7216419063395836,0.7893356199186992,89
Schubert#Impromptu_op.90_D.899#4_no_repeat#LuoJ09M.9,,,success,,0.7132867132867133,0.9107142857142857,0.31901840490797545,0.8812380952380953,0.0,0.564851499829414,0.6263097735597736,9
Schubert#Impromptu_op.90_D.899#4_no_repeat#LuoJ09M.90,,,success,,0.7040000000000001,1.0,0.4,0.9619047619047618,0.5,0.7131809523809525,0.7914761904761904,90
Schubert#Impromptu_op.90_D.899#4_no_repeat#LuoJ09M.91,,,success,,0.7538461538461538,0.9772727272727274,0.5696969696969697,0.9722222222222222,0.5,0.7546076146076147,0.8008352758352759,91
Schubert#Impromptu_op.90_D.899#4_no_repeat#LuoJ09M.93,,,success,,0.7199999999999999,1.0,0.6163522012578617,0.9444444444444444,0.5,0.7561593291404612,0.7911111111111111,93
Schubert#Impromptu_op.90_D.899#4_no_repeat#LuoJ09M.94,,,success,,0.8740740740740741,0.9711538461538461,0.6666666666666666,0.9411764705882353,0.5,0.7906142114965645,0.8216010977040389,94
Schubert#Impromptu_op.90_D.899#4_no_repeat#WongWY08M.0,,,success,,0.5352112676056338,0.9082125603864736,0.14545454545454545,0.9078518518518519,1.0,0.6993460450597009,0.8378189199609898,0
Schubert#Impromptu_op.90_D.899#4_no_repeat#WongWY08M.1,,,success,,0.48951048951048953,0.7874761904761904,0.18867924528301885,0.9763809523809522,1.0,0.6884093755301303,0.8133419080919081,1
Schubert#Impromptu_op.90_D.899#4_no_repeat#WongWY08M.10,,,success,,0.7297297297297297,0.9494778613199665,0.25149700598802394,0.9680851063829787,0.0,0.5797579406841398,0.6618231743581687,10
Schubert#Impromptu_op.90_D.899#4_no_repeat#WongWY08M.104,,,zero_mv2h,zero_mv2h,0,0,0,0,0,0,0,104
Schubert#Impromptu_op.90_D.899#4_no_repeat#WongWY08M.105,,,success,,0.4329896907216495,0.9500000000000001,0.3062200956937799,0.9102083333333334,0.0,0.5198836239497526,0.5732995060137457,105
Schubert#Impromptu_op.90_D.899#4_no_repeat#WongWY08M.110,,,success,,0.5774058577405857,0.8059259259259259,0.37696335078534027,0.9443703703703704,0.0,0.5409331009644445,0.5819255385092206,110
Schubert#Impromptu_op.90_D.899#4_no_repeat#WongWY08M.111,,,conversion_error,conversion_error,0,0,0,0,0,0,0,111
Schubert#Impromptu_op.90_D.899#4_no_repeat#WongWY08M.121,,,success,,0.5564516129032258,0.7463768115942029,0.328042328042328,0.937953488372093,0.0,0.51376484818237,0.5601954782173804,121
Schubert#Impromptu_op.90_D.899#4_no_repeat#WongWY08M.128,,,success,,0.5905511811023623,0.9734848484848486,0.335195530726257,0.9506666666666667,0.0,0.569979645396027,0.6286756740634694,128
Schubert#Impromptu_op.90_D.899#4_no_repeat#WongWY08M.129,,,success,,0.6176470588235294,0.8923395445134576,0.31788079470198677,0.9692307692307692,0.0,0.5594196334539486,0.6198043431419391,129
Schubert#Impromptu_op.90_D.899#4_no_repeat#WongWY08M.13,,,success,,0.6451612903225806,0.9677083333333334,0.4654088050314465,0.9966060606060605,0.0,0.6149768978586841,0.6523689210654936,13
Schubert#Impromptu_op.90_D.899#4_no_repeat#WongWY08M.136,,,success,,0.6141732283464567,0.8597222222222224,0.2985074626865672,0.8652352941176471,0.0,0.5275276414745786,0.5847826861715815,136
Schubert#Impromptu_op.90_D.899#4_no_repeat#WongWY08M.138,,,success,,0.6641221374045801,0.8295238095238093,0.4293193717277487,0.9225915492957747,0.0,0.5691113735903826,0.604059374056041,138
Schubert#Impromptu_op.90_D.899#4_no_repeat#WongWY08M.139,,,success,,0.5423728813559322,0.9534883720930233,0.4108108108108108,0.9431818181818182,0.0,0.569970776488317,0.6097607679076934,139
Schubert#Impromptu_op.90_D.899#4_no_repeat#WongWY08M.14,,,success,,0.6086956521739131,1.0,0.4191616766467066,0.969,0.0,0.5993714657641239,0.6444239130434782,14
Schubert#Impromptu_op.90_D.899#4_no_repeat#WongWY08M.15,,,success,,0.618705035971223,1.0,0.30409356725146197,0.9736842105263158,0.5,0.6792965627498002,0.7730973116243847,15
Schubert#Impromptu_op.90_D.899#4_no_repeat#WongWY08M.156,,,conversion_error,conversion_error,0,0,0,0,0,0,0,156
Schubert#Impromptu_op.90_D.899#4_no_repeat#WongWY08M.157,,,success,,0.6055045871559633,0.788235294117647,0.27692307692307694,0.9239130434782609,0.0,0.5189152003349896,0.5794132311879678,157
Schubert#Impromptu_op.90_D.899#4_no_repeat#WongWY08M.166,,,timeout,timeout,0,0,0,0,0,0,0,166
Schubert#Impromptu_op.90_D.899#4_no_repeat#WongWY08M.168,,,success,,0.7260273972602739,0.9703647416413375,0.24043715846994537,0.9309999999999998,0.5,0.6735658594743114,0.7818480347254029,168
Schubert#Impromptu_op.90_D.899#4_no_repeat#WongWY08M.170,,,success,,0.5960264900662252,0.9047619047619047,0.011976047904191616,0.8585945945945946,0.5,0.5742718074653832,0.7148457473556811,170
Schubert#Impromptu_op.90_D.899#4_no_repeat#WongWY08M.171,,,success,,0.631578947368421,0.898095238095238,0.5202312138728323,0.95,0.5,0.6999810798672982,0.7449185463659147,171
Schubert#Impromptu_op.90_D.899#4_no_repeat#WongWY08M.174,,,success,,0.5882352941176471,0.9106349206349206,0.3647798742138365,1.0,0.5,0.6727300177932809,0.749717553688142,174
Schubert#Impromptu_op.90_D.899#4_no_repeat#WongWY08M.175,,,timeout,timeout,0,0,0,0,0,0,0,175
Schubert#Impromptu_op.90_D.899#4_no_repeat#WongWY08M.176,,,timeout,timeout,0,0,0,0,0,0,0,176
Schubert#Impromptu_op.90_D.899#4_no_repeat#WongWY08M.179,,,success,,0.662251655629139,0.9643557422969188,0.3636363636363636,0.8856999999999999,0.0,0.5751887523124843,0.6280768494815144,179
Schubert#Impromptu_op.90_D.899#4_no_repeat#WongWY08M.18,,,success,,0.7234042553191489,1.0,0.43795620437956206,0.9636363636363637,0.0,0.6249993646670149,0.6717601547388782,18
Schubert#Impromptu_op.90_D.899#4_no_repeat#WongWY08M.180,,,success,,0.6620689655172414,0.9796296296296296,0.26589595375722547,0.9572571428571428,0.0,0.5729703383522479,0.6497389345010034,180
Schubert#Impromptu_op.90_D.899#4_no_repeat#WongWY08M.181,,,success,,0.6412213740458015,0.9714285714285715,0.17543859649122806,0.9807692307692307,0.0,0.5537715545469664,0.6483547940609009,181
Schubert#Impromptu_op.90_D.899#4_no_repeat#WongWY08M.184,,,success,,0.5588235294117647,0.938888888888889,0.07453416149068322,0.9142499999999999,0.0,0.4972993159582673,0.6029906045751634,184
Schubert#Impromptu_op.90_D.899#4_no_repeat#WongWY08M.185,,,success,,0.5606060606060607,0.9482758620689654,0.0,0.932,0.5,0.5881763845350052,0.7352204806687566,185
Schubert#Impromptu_op.90_D.899#4_no_repeat#WongWY08M.186,,,success,,0.6622516556291391,0.9552631578947368,0.2773722627737226,0.9465365853658535,0.0,0.5682847323326905,0.6410128497224323,186
Schubert#Impromptu_op.90_D.899#4_no_repeat#WongWY08M.189,,,conversion_error,conversion_error,0,0,0,0,0,0,0,189
Schubert#Impromptu_op.90_D.899#4_no_repeat#WongWY08M.190,,,success,,0.7591240875912408,1.0,0.6037735849056604,0.9772727272727273,0.0,0.6680340799539257,0.6840992037159921,190
Schubert#Impromptu_op.90_D.899#4_no_repeat#WongWY08M.193,,,success,,0.7464788732394366,1.0,0.6666666666666666,1.0,0.0,0.6826291079812206,0.6866197183098591,193
Schubert#Impromptu_op.90_D.899#4_no_repeat#WongWY08M.194,,,success,,0.7222222222222222,0.8916666666666667,0.6666666666666666,1.0,0.5,0.7561111111111111,0.7784722222222222,194
Schubert#Impromptu_op.90_D.899#4_no_repeat#WongWY08M.195,,,success,,0.7284768211920529,0.8044444444444443,0.6666666666666666,1.0,0.0,0.6399175864606328,0.6332303164091243,195
Schubert#Impromptu_op.90_D.899#4_no_repeat#WongWY08M.196,,,success,,0.7320261437908496,0.8299480264082034,0.4245810055865922,1.0,0.5,0.697311035157129,0.7654935425497633,196
Schubert#Impromptu_op.90_D.899#4_no_repeat#WongWY08M.197,,,success,,0.6967741935483871,0.9464669738863286,0.3502824858757062,0.95,1.0,0.7887047306620844,0.8983102918586789,197
Schubert#Impromptu_op.90_D.899#4_no_repeat#WongWY08M.198,,,success,,0.7317073170731706,0.952136752136752,0.25149700598802394,0.9892173913043479,0.5,0.6849116933004589,0.7932653651285676,198
Schubert#Impromptu_op.90_D.899#4_no_repeat#WongWY08M.20,,,success,,0.6666666666666666,0.9055555555555557,0.6181818181818182,0.9523809523809523,0.0,0.6285569985569985,0.6311507936507936,20
Schubert#Impromptu_op.90_D.899#4_no_repeat#WongWY08M.200,,,success,,0.6289308176100629,1.0,0.07547169811320754,0.895813953488372,1.0,0.7200432938423285,0.8811861927746087,200
Schubert#Impromptu_op.90_D.899#4_no_repeat#WongWY08M.201,,,success,,0.6103896103896105,1.0,0.13333333333333336,0.9150588235294117,1.0,0.7317563534504711,0.8813621084797556,201
Schubert#Impromptu_op.90_D.899#4_no_repeat#WongWY08M.204,,,success,,0.6794871794871794,1.0,0.2064516129032258,0.8925581395348836,1.0,0.7556993863850577,0.8930113297555158,204
Schubert#Impromptu_op.90_D.899#4_no_repeat#WongWY08M.205,,,success,,0.7019867549668874,1.0,0.28901734104046245,0.8769361702127658,1.0,0.7735880532440231,0.8947307312949133,205
Schubert#Impromptu_op.90_D.899#4_no_repeat#WongWY08M.208,,,success,,0.6518518518518519,0.9382113821138212,0.509090909090909,0.8971764705882354,1.0,0.7992661227289635,0.8718099261384771,208
Schubert#Impromptu_op.90_D.899#4_no_repeat#WongWY08M.209,,,success,,0.7968749999999999,0.9777777777777777,0.6163522012578617,0.8183636363636363,1.0,0.8418737230798552,0.8982541035353535,209
Schubert#Impromptu_op.90_D.899#4_no_repeat#WongWY08M.210,,,success,,0.8484848484848485,1.0,0.5283018867924529,0.8464313725490196,1.0,0.8446436215652643,0.923729055258467,210
Schubert#Impromptu_op.90_D.899#4_no_repeat#WongWY08M.216,,,success,,0.864,0.925531914893617,0.6060606060606061,0.8984126984126986,1.0,0.8588010438733843,0.921986153326579,216
Schubert#Impromptu_op.90_D.899#4_no_repeat#WongWY08M.217,,,success,,0.8870967741935484,0.9270833333333333,0.6060606060606061,0.8954545454545456,1.0,0.8631390518084066,0.9274086632453568,217
Schubert#Impromptu_op.90_D.899#4_no_repeat#WongWY08M.218,,,success,,0.88,0.9166666666666666,0.6666666666666666,0.8992248062015505,0.5,0.7725116279069768,0.7989728682170543,218
Schubert#Impromptu_op.90_D.899#4_no_repeat#WongWY08M.22,,,success,,0.7428571428571429,0.9512820512820512,0.6666666666666666,1.0,0.0,0.6721611721611722,0.6735347985347986,22
Schubert#Impromptu_op.90_D.899#4_no_repeat#WongWY08M.220,,,success,,0.8188976377952757,0.9782608695652174,0.509090909090909,0.9365079365079365,0.5,0.7485514705918679,0.8084166109671074,220
Schubert#Impromptu_op.90_D.899#4_no_repeat#WongWY08M.221,,,success,,0.784,0.9883720930232557,0.4025157232704402,0.9407894736842105,0.5,0.7231354579955813,0.8032903916768666,221
Schubert#Impromptu_op.90_D.899#4_no_repeat#WongWY08M.224,,,success,,0.5426356589147288,1.0,0.30057803468208094,0.9445925925925927,0.5,0.6575612572378805,0.7468070628768304,224
Schubert#Impromptu_op.90_D.899#4_no_repeat#WongWY08M.225,,,success,,0.4153846153846154,1.0,0.17877094972067037,0.9623030303030304,0.5,0.6112917190816634,0.7194219114219115,225
Schubert#Impromptu_op.90_D.899#4_no_repeat#WongWY08M.228,,,success,,0.10526315789473685,0.9,0.3270440251572327,0.8333333333333334,0.0,0.4331281032770605,0.45964912280701753,228
Schubert#Impromptu_op.90_D.899#4_no_repeat#WongWY08M.229,,,success,,0.08888888888888888,0.8333333333333333,0.13664596273291924,0.8333333333333334,0.0,0.378440303657695,0.4388888888888889,229
Schubert#Impromptu_op.90_D.899#4_no_repeat#WongWY08M.23,,,success,,0.7066666666666667,0.8846153846153847,0.593939393939394,0.9591836734693877,0.0,0.6288810237381666,0.6376164311878598,23
Schubert#Impromptu_op.90_D.899#4_no_repeat#WongWY08M.236,,,success,,0.6000000000000001,0.9573643410852712,0.25136612021857924,0.758909090909091,0.0,0.5135279104425884,0.5790683579985906,236
Schubert#Impromptu_op.90_D.899#4_no_repeat#WongWY08M.237,,,success,,0.5882352941176471,0.8968253968253969,0.19487179487179485,0.8404117647058823,0.5,0.6040688501041442,0.7063681139122315,237
Schubert#Impromptu_op.90_D.899#4_no_repeat#WongWY08M.24,,,success,,0.778523489932886,0.8617283950617283,0.6666666666666666,1.0,0.5,0.7613837103322562,0.7850629712486535,24
Schubert#Impromptu_op.90_D.899#4_no_repeat#WongWY08M.244,,,success,,0.3716814159292035,0.8,0.0335195530726257,1.0,1.0,0.6410401938003659,0.7929203539823009,244
Schubert#Impromptu_op.90_D.899#4_no_repeat#WongWY08M.249,,,success,,0.6074074074074074,0.9487179487179487,0.13872832369942195,0.8355294117647059,1.0,0.7060766183178968,0.8479136919725154,249
Schubert#Impromptu_op.90_D.899#4_no_repeat#WongWY08M.25,,,success,,0.6928104575163397,0.7865079365079365,0.5534591194968553,1.0,0.5,0.7065555027042263,0.7448295985060691,25
Schubert#Impromptu_op.90_D.899#4_no_repeat#WongWY08M.250,,,success,,0.8571428571428571,1.0,0.5093167701863354,0.8177358490566038,1.0,0.8368390952771593,0.9187196765498653,250
Schubert#Impromptu_op.90_D.899#4_no_repeat#WongWY08M.251,,,success,,0.7794117647058824,1.0,0.47398843930635837,0.8792156862745099,1.0,0.8265231780573501,0.914656862745098,251
Schubert#Impromptu_op.90_D.899#4_no_repeat#WongWY08M.257,,,success,,0.8064516129032259,1.0,0.49696969696969695,0.8466507936507937,1.0,0.8300144207047433,0.9132756016385049,257
Schubert#Impromptu_op.90_D.899#4_no_repeat#WongWY08M.258,,,success,,0.8524590163934426,1.0,0.3773584905660377,0.8695652173913045,1.0,0.819876544870157,0.9305060584461868,258
Schubert#Impromptu_op.90_D.899#4_no_repeat#WongWY08M.259,,,success,,0.7479674796747967,0.9767441860465116,0.3878787878787879,0.9260162601626016,1.0,0.8077213427525395,0.9126819814709775,259
Schubert#Impromptu_op.90_D.899#4_no_repeat#WongWY08M.26,,,success,,0.7248322147651006,0.839126984126984,0.5031446540880502,0.9761904761904762,0.5,0.7086588658341222,0.7600374187706402,26
Schubert#Impromptu_op.90_D.899#4_no_repeat#WongWY08M.261,,,success,,0.8780487804878049,0.979591836734694,0.6666666666666666,0.9185185185185186,0.5,0.7885651604815368,0.8190397839352543,261
Schubert#Impromptu_op.90_D.899#4_no_repeat#WongWY08M.262,,,success,,0.8225806451612903,0.9893617021276595,0.6666666666666666,0.9166666666666667,0.5,0.7790551361244565,0.8071522534889042,262
Schubert#Impromptu_op.90_D.899#4_no_repeat#WongWY08M.269,,,success,,0.5688073394495413,0.8553459119496855,0.039473684210526314,0.7257999999999999,0.5,0.5378853871219506,0.6624883128498067,269
Schubert#Impromptu_op.90_D.899#4_no_repeat#WongWY08M.27,,,success,,0.6535947712418301,0.9586206896551724,0.3276836158192091,0.8611111111111112,1.0,0.7602020375654646,0.8683316430020285,27
Schubert#Impromptu_op.90_D.899#4_no_repeat#WongWY08M.3,,,success,,0.6442953020134229,0.9791666666666665,0.38036809815950917,0.9286857142857144,1.0,0.7865031562250626,0.8880369207414509,3
Schubert#Impromptu_op.90_D.899#4_no_repeat#WongWY08M.30,,,success,,0.6219512195121951,1.0,0.12578616352201255,0.9211428571428572,1.0,0.733776048035413,0.8857735191637631,30
Schubert#Impromptu_op.90_D.899#4_no_repeat#WongWY08M.31,,,success,,0.6064516129032258,0.9720930232558139,0.1509433962264151,0.8961666666666667,1.0,0.7251309398104243,0.8686778257064266,31
Schubert#Impromptu_op.90_D.899#4_no_repeat#WongWY08M.33,,,success,,0.6308724832214764,0.9714285714285714,0.23030303030303031,0.7694358974358975,1.0,0.7204079964777951,0.8429342380214864,33
Schubert#Impromptu_op.90_D.899#4_no_repeat#WongWY08M.35,,,success,,0.546583850931677,1.0,0.20111731843575417,0.8000606060606061,1.0,0.7095523550856075,0.8366611142480709,35
Schubert#Impromptu_op.90_D.899#4_no_repeat#WongWY08M.36,,,conversion_error,conversion_error,0,0,0,0,0,0,0,36
Schubert#Impromptu_op.90_D.899#4_no_repeat#WongWY08M.37,,,success,,0.6714285714285715,0.9457364341085271,0.32727272727272727,0.8176,1.0,0.7524075465619652,0.8586912513842747,37
Schubert#Impromptu_op.90_D.899#4_no_repeat#WongWY08M.4,,,success,,0.6274509803921569,0.8677910052910052,0.17964071856287425,0.9002285714285714,0.5,0.6150222551349216,0.7238676392779333,4
Schubert#Impromptu_op.90_D.899#4_no_repeat#WongWY08M.40,,,success,,0.6766917293233082,1.0,0.1509433962264151,0.9028888888888889,1.0,0.7461048028877224,0.8948951545530492,40
Schubert#Impromptu_op.90_D.899#4_no_repeat#WongWY08M.45,,,conversion_error,conversion_error,0,0,0,0,0,0,0,45
Schubert#Impromptu_op.90_D.899#4_no_repeat#WongWY08M.46,,,success,,0.7936507936507936,0.9302325581395349,0.45283018867924524,0.8986486486486487,1.0,0.8150724378236445,0.9056330001097443,46
Schubert#Impromptu_op.90_D.899#4_no_repeat#WongWY08M.47,,,success,,0.7936507936507936,0.9431818181818181,0.3144654088050315,0.8979166666666668,1.0,0.789842937460862,0.9086873196248196,47
Schubert#Impromptu_op.90_D.899#4_no_repeat#WongWY08M.5,,,success,,0.5960264900662252,0.9761904761904763,0.22929936305732482,0.9246060606060607,0.5,0.6452244779840173,0.7492057567156905,5
Schubert#Impromptu_op.90_D.899#4_no_repeat#WongWY08M.50,,,success,,0.75,0.9772727272727274,0.025157232704402514,0.926829268292683,0.5,0.6358518456539626,0.7885254988913526,50
Schubert#Impromptu_op.90_D.899#4_no_repeat#WongWY08M.51,,,success,,0.816,0.9893617021276595,0.6666666666666666,0.9047619047619048,0.5,0.7753580547112462,0.802530901722391,51
Schubert#Impromptu_op.90_D.899#4_no_repeat#WongWY08M.53,,,success,,0.5354330708661418,0.896551724137931,0.5696969696969697,0.963768115942029,0.5,0.6930899761286143,0.7239382277365254,53
Schubert#Impromptu_op.90_D.899#4_no_repeat#WongWY08M.55,,,success,,0.3548387096774193,0.8333333333333334,0.6666666666666666,1.0,0.5,0.6709677419354839,0.6720430107526882,55
Schubert#Impromptu_op.90_D.899#4_no_repeat#WongWY08M.56,,,success,,0.0625,1.0,0.0880503144654088,0.0,0.5,0.33011006289308176,0.390625,56
Schubert#Impromptu_op.90_D.899#4_no_repeat#WongWY08M.57,,,success,,0.20155038759689922,0.8125,0.6666666666666666,0.8666666666666668,0.0,0.5094767441860465,0.47017926356589146,57
Schubert#Impromptu_op.90_D.899#4_no_repeat#WongWY08M.6,,,success,,0.6206896551724138,0.9700854700854702,0.509090909090909,0.9375,1.0,0.8074732068697585,0.882068781314471,6
Schubert#Impromptu_op.90_D.899#4_no_repeat#WongWY08M.8,,,success,,0.7672955974842768,0.9676538908246226,0.48484848484848486,0.9787234042553191,0.5,0.7397042754825407,0.8034182231410546,8
Schubert#Impromptu_op.90_D.899#4_no_repeat#WongWY08M.85,,,zero_mv2h,zero_mv2h,0,0,0,0,0,0,0,85
Schubert#Impromptu_op.90_D.899#4_no_repeat#WongWY08M.86,,,success,,0.6865671641791045,1.0,0.09580838323353293,0.9268999999999998,1.0,0.7418551094825274,0.903366791044776,86
Schubert#Impromptu_op.90_D.899#4_no_repeat#WongWY08M.87,,,success,,0.6231884057971013,1.0,0.11180124223602483,0.8943030303030303,1.0,0.7258585356672314,0.8793728590250329,87
Schubert#Impromptu_op.90_D.899#4_no_repeat#WongWY08M.89,,,success,,0.7538461538461539,1.0,0.26415094339622647,0.8844696969696971,0.5,0.6804933588424155,0.7845789627039628,89
Schubert#Impromptu_op.90_D.899#4_no_repeat#WongWY08M.9,,,success,,0.725,0.9560776942355889,0.34355828220858897,0.9000800000000001,0.0,0.5849431952888355,0.6452894235588972,9
Schubert#Impromptu_op.90_D.899#4_no_repeat#WongWY08M.90,,,success,,0.7619047619047619,1.0,0.16352201257861634,0.9364035087719299,0.5,0.6723660566510616,0.7995770676691729,90
Schubert#Impromptu_op.90_D.899#4_no_repeat#WongWY08M.91,,,success,,0.6666666666666667,1.0,0.0,0.9,0.5,0.6133333333333334,0.7666666666666667,91
Schubert#Impromptu_op.90_D.899#4_no_repeat#WongWY08M.93,,,success,,0.7611940298507462,0.9787234042553191,0.5962732919254657,0.8988253968253969,0.5,0.7470032245713856,0.7846857077328656,93
Schubert#Impromptu_op.90_D.899#4_no_repeat#WongWY08M.94,,,success,,0.7669172932330827,0.9787234042553191,0.5283018867924529,0.9512195121951219,0.5,0.7450324192951954,0.799215052420881,94
Schubert#Moment_Musical_no_1#MunA10M.100,,,success,,0.3557692307692307,1.0,0.04060913705583756,0.7768150015757957,0.5,0.5346386738801728,0.6581460580862566,100
Schubert#Moment_Musical_no_1#MunA10M.102,,,success,,0.4416666666666667,1.0,0.0,0.8666897316478155,0.5,0.5616712796628964,0.7020890995786205,102
Schubert#Moment_Musical_no_1#MunA10M.11,,,success,,0.6408839779005525,1.0,0.29585798816568043,0.8246666666666665,1.0,0.75228172654658,0.8663876611418048,11
Schubert#Moment_Musical_no_1#MunA10M.115,,,success,,0.5906735751295336,0.9700854700854702,0.07329842931937172,0.8917094017094018,0.5,0.6051533752487555,0.7381171117311014,115
Schubert#Moment_Musical_no_1#MunA10M.117,,,success,,0.5319148936170213,1.0,0.0,0.8707861776447107,0.5,0.5805402142523464,0.725675267815433,117
Schubert#Moment_Musical_no_1#MunA10M.147,,,success,,0.7657657657657657,1.0,0.4126984126984127,0.8488749999999999,1.0,0.8054678356928356,0.9036601914414414,147
Schubert#Moment_Musical_no_1#MunA10M.31,,,success,,0.7290640394088671,1.0,0.328042328042328,0.9165882352941177,1.0,0.7947389205490625,0.9114130686757462,31
Schubert#Moment_Musical_no_1#MunA10M.52,,,success,,0.5953488372093023,1.0,0.29508196721311475,0.8006665557773341,1.0,0.7382194720399502,0.8490038482466591,52
Schubert#Moment_Musical_no_1#MunA10M.75,,,success,,0.5464480874316939,0.8019607843137254,0.09852216748768473,0.9138064516129032,0.5,0.5721474981692015,0.6905538308395807,75
Schubert#Moment_Musical_no_1#MunA10M.76,,,success,,0.5142857142857142,0.96875,0.05128205128205128,0.8935636419468754,0.5,0.5855762815029282,0.7191498390581474,76
Schubert#Moment_Musical_no_1#MunA10M.77,,,success,,0.5263157894736843,1.0,0.031088082901554404,0.9537037037037037,0.5,0.6022215152157885,0.7450048732943471,77
Schubert#Moment_Musical_no_1#MunA10M.79,,,zero_mv2h,zero_mv2h,0,0,0,0,0,0,0,79
Schubert#Moment_Musical_no_1#MunA10M.80,,,success,,0.403755868544601,0.9142857142857143,0.010471204188481676,0.9079999999999999,0.5,0.5473025574037593,0.6815103957075788,80
Schubert#Moment_Musical_no_1#MunA10M.94,,,success,,0.49746192893401014,1.0,0.1319796954314721,0.895352380952381,0.5,0.6049588010635726,0.7232035774715978,94
Schubert#Moment_Musical_no_1#MunA10M.95,,,success,,0.4269662921348315,0.9,0.0,0.789578947368421,0.5,0.5233090479006506,0.6541363098758132,95
Schubert#Moment_Musical_no_1#MunA10M.96,,,success,,0.38150289017341044,1.0,0.010204081632653062,0.9628888888888889,0.5,0.5709191721389905,0.7110979447655748,96
Schubert#Moment_Musical_no_1#MunA10M.98,,,success,,0.4041450777202072,0.8857142857142857,0.07179487179487179,0.6912067362692857,0.5,0.5105721942997301,0.6202665249259447,98
Schubert#Moment_Musical_no_1#MunA10M.99,,,success,,0.4766355140186916,1.0,0.061538461538461535,0.9328870001931621,0.5,0.5942121951500631,0.7273806285529634,99
Schubert#Piano_Sonatas#664-3#KabuliL12M.1,,,conversion_error,conversion_error,0,0,0,0,0,0,0,1
Schubert#Piano_Sonatas#664-3#KabuliL12M.129,,,success,,0.5645161290322581,0.636904761904762,0.3522012578616352,0.9782608695652174,0.0,0.5063766036727746,0.5449204401255594,129
Schubert#Piano_Sonatas#664-3#KabuliL12M.196,,,success,,0.45631067961165045,1.0,0.22222222222222218,0.9315294117647058,0.0,0.5220124627197157,0.5969600228440891,196
Schubert#Piano_Sonatas#664-3#KabuliL12M.201,,,success,,0.5636363636363636,1.0,0.09032258064516127,0.9458333333333333,0.5,0.6199584555229716,0.7523674242424242,201
Schubert#Piano_Sonatas#664-3#KabuliL12M.21,,,success,,0.4411764705882353,0.6770833333333334,0.07741935483870967,0.9336,0.0,0.42585583175205566,0.5129649509803922,21
Schubert#Piano_Sonatas#664-3#KabuliL12M.65,,,success,,0.5033112582781457,0.8623188405797101,0.11834319526627217,0.8333333333333334,0.0,0.46346132549149227,0.5497408580477973,65
Schubert#Piano_Sonatas#664-3#KabuliL12M.66,,,success,,0.13513513513513514,0.45238095238095244,0.03428571428571429,1.0,0.0,0.32436036036036037,0.3968790218790219,66
Schubert#Piano_Sonatas#664-3#KabuliL12M.67,,,success,,0.4069767441860465,0.5454545454545453,0.25149700598802394,0.875,0.0,0.41578565912572313,0.45685782241014794,67
Schubert#Piano_Sonatas#664-3#KabuliL12M.78,,,success,,0.10144927536231883,1.0,0.07894736842105263,0.418,0.5,0.41967932875667435,0.5048623188405796,78
Schubert#Piano_Sonatas#664-3#KabuliL12M.79,,,success,,0.35294117647058826,1.0,0.16793893129770995,0.9090909090909091,0.5,0.5859942033718415,0.6905080213903744,79
Schubert#Piano_Sonatas#664-3#KabuliL12M.85,,,success,,0.5210084033613446,0.5862068965517242,0.25806451612903225,0.8892549019607844,0.5,0.550906943600577,0.6241175504684633,85
Schubert#Piano_Sonatas#894-2_no_repeat#CHEN11M.110,,,success,,0.5241935483870968,0.9741666666666665,0.4193548387096774,0.8766923076923075,0.5,0.6588814722911496,0.7187631306865176,110
Schubert#Piano_Sonatas#894-2_no_repeat#CHEN11M.131,,,success,,0.5166666666666666,0.9375,0.3020833333333333,0.9231360099595393,1.0,0.7358772019919078,0.8443256691565515,131
Schubert#Piano_Sonatas#894-2_no_repeat#CHEN11M.31,,,success,,0.2597402597402597,0.8866666666666666,0.20202020202020204,0.9669354838709676,0.0,0.4630725224596192,0.5283356025694734,31
Schubert#Piano_Sonatas#894-2_no_repeat#CHEN11M.50,,,success,,0.4974619289340102,0.7857142857142857,0.36082474226804123,0.8237184750733135,0.0,0.4935438863979302,0.5267236724304023,50
Schubert#Piano_Sonatas#894-2_no_repeat#Lee10M.110,,,success,,0.45421245421245426,0.9166666666666666,0.06896551724137932,0.8610425877690955,0.5,0.5601774451779191,0.6829804271620541,110
Schubert#Piano_Sonatas#894-2_no_repeat#Lee10M.131,,,success,,0.5344827586206896,0.8826388888888889,0.3655913978494623,0.9348813393824646,1.0,0.7435188769483011,0.8380007467230108,131
Schubert#Piano_Sonatas#894-2_no_repeat#Lee10M.150,,,success,,0.5913978494623656,1.0,0.32291666666666663,0.9234489674005802,0.5,0.6675526967059224,0.7537117042157364,150
Schubert#Piano_Sonatas#894-2_no_repeat#Lee10M.31,,,success,,0.4018264840182648,0.9118279569892473,0.29896907216494845,0.9094146825396824,1.0,0.7044076391424287,0.8057672808867986,31
Schubert#Piano_Sonatas#894-2_no_repeat#Lee10M.50,,,success,,0.4432432432432433,0.7272727272727273,0.30952380952380953,0.872,0.0,0.47040795600795604,0.5106289926289926,50
Schubert#Piano_Sonatas#894-2_no_repeat#SINKEV12M.110,,,success,,0.5680933852140078,0.9418803418803419,0.28124999999999994,0.90102442002442,0.5,0.6384496294237539,0.7277495367796925,110
Schubert#Piano_Sonatas#894-2_no_repeat#SINKEV12M.131,,,success,,0.45999999999999996,0.8157894736842104,0.3333333333333333,0.98,0.5,0.6178245614035087,0.6889473684210525,131
Schubert#Piano_Sonatas#894-2_no_repeat#SINKEV12M.31,,,success,,0.4778761061946903,0.8989583333333333,0.3010752688172043,0.9934736842105262,0.0,0.5342766785111508,0.5925770309346374,31
Schubert#Piano_Sonatas#894-2_no_repeat#SINKEV12M.50,,,success,,0.6031746031746033,0.9166666666666669,0.45238095238095244,0.9543529411764705,0.0,0.5853150326797387,0.6185485527544352,50
Schumann#Toccata#DupreeF13M.10,,,success,,0.5748987854251012,0.9251851851851851,0.36842105263157904,0.9750666666666666,0.0,0.5687143379817063,0.6187876593192383,10
Schumann#Toccata#DupreeF13M.101,,,success,,0.5249999999999999,0.8035714285714286,0.3064516129032258,0.9506382978723406,1.0,0.717132267869399,0.8198024316109422,101
Schumann#Toccata#DupreeF13M.102,,,success,,0.5758754863813229,0.8360655737704918,0.25806451612903225,0.9423157894736842,1.0,0.7224642731509062,0.8385642124063748,102
Schumann#Toccata#DupreeF13M.103,,,success,,0.5799256505576208,0.8825136612021858,0.1372549019607843,0.8414193548387096,1.0,0.6882227137118602,0.8259646666496291,103
Schumann#Toccata#DupreeF13M.105,,,success,,0.4932735426008968,0.8599999999999999,0.603448275862069,0.9815555555555555,1.0,0.7876554748037042,0.833707274539113,105
Schumann#Toccata#DupreeF13M.106,,,success,,0.4888888888888889,0.7545787545787545,0.18181818181818182,0.7653225806451611,1.0,0.6381216811861973,0.752197556028201,106
Schumann#Toccata#DupreeF13M.107,,,success,,0.4123711340206186,0.7297297297297297,0.22807017543859648,0.8315294117647059,1.0,0.6403400901907301,0.7434075688787636,107
Schumann#Toccata#DupreeF13M.11,,,success,,0.5726495726495726,0.8436507936507935,0.03448275862068966,0.9618461538461537,0.0,0.4825258557534419,0.5945366300366299,11
Schumann#Toccata#DupreeF13M.113,,,conversion_error,conversion_error,0,0,0,0,0,0,0,113
Schumann#Toccata#DupreeF13M.114,,,conversion_error,conversion_error,0,0,0,0,0,0,0,114
Schumann#Toccata#DupreeF13M.121,,,success,,0.584,0.9,0.3606557377049181,0.9586666666666667,1.0,0.7606644808743169,0.8606666666666667,121
Schumann#Toccata#DupreeF13M.122,,,success,,0.44067796610169496,0.9333333333333333,0.15625,0.9289523809523811,1.0,0.6918427360774818,0.8257409200968523,122
Schumann#Toccata#DupreeF13M.123,,,success,,0.4112903225806452,0.925,0.265625,0.959609756097561,1.0,0.7123050157356412,0.8239750196695516,123
Schumann#Toccata#DupreeF13M.129,,,conversion_error,conversion_error,0,0,0,0,0,0,0,129
Schumann#Toccata#DupreeF13M.13,,,success,,0.610441767068273,0.8093333333333332,0.41791044776119407,0.9239999999999999,1.0,0.7523371096325601,0.8359437751004015,13
Schumann#Toccata#DupreeF13M.130,,,success,,0.7006369426751592,0.697278911564626,0.6666666666666666,0.9642857142857143,1.0,0.8057736470384332,0.8405503921313748,130
Schumann#Toccata#DupreeF13M.131,,,conversion_error,conversion_error,0,0,0,0,0,0,0,131
Schumann#Toccata#DupreeF13M.14,,,success,,0.6834532374100719,0.840625,0.35714285714285715,0.846176470588235,1.0,0.7454795130282328,0.8425636769995767,14
Schumann#Toccata#DupreeF13M.145,,,success,,0.4782608695652174,0.9126984126984126,0.0,0.8276542553191492,1.0,0.6437227075165558,0.8046533843956948,145
Schumann#Toccata#DupreeF13M.15,,,success,,0.6721311475409835,0.8159203980099503,0.4918032786885246,0.9549830508474575,1.0,0.7869675750173831,0.8607586490995978,15
Schumann#Toccata#DupreeF13M.150,,,success,,0.7637795275590551,0.8013440860215052,0.4310344827586207,0.9850769230769231,1.0,0.7962470038832208,0.8875501341643709,150
Schumann#Toccata#DupreeF13M.151,,,success,,0.6559999999999999,0.9693877551020407,0.6229508196721312,0.9857142857142858,1.0,0.8468105720976915,0.9027755102040815,151
Schumann#Toccata#DupreeF13M.152,,,success,,0.6428571428571429,0.9152542372881356,0.49122807017543857,0.971542857142857,1.0,0.8041764614927149,0.8824135593220339,152
Schumann#Toccata#DupreeF13M.154,,,success,,0.5267175572519085,0.9539007092198581,0.1639344262295082,0.9155789473684213,1.0,0.7120263280139392,0.849049303460047,154
Schumann#Toccata#DupreeF13M.155,,,success,,0.5338345864661654,0.8986928104575164,0.1639344262295082,0.9466428571428571,1.0,0.7086209360592094,0.8447925635166347,155
Schumann#Toccata#DupreeF13M.156,,,success,,0.6748971193415638,0.8153846153846154,0.6666666666666666,0.9913793103448276,1.0,0.8296655423475346,0.8704152612677517,156
Schumann#Toccata#DupreeF13M.158,,,success,,0.6370967741935484,0.9024822695035462,0.3606557377049181,0.9853529411764704,0.0,0.5771175445156966,0.6312329962183912,158
Schumann#Toccata#DupreeF13M.159,,,success,,0.5868725868725869,0.7492662473794549,0.13114754098360656,0.949642857142857,0.0,0.4833858464757011,0.5714454228487247,159
Schumann#Toccata#DupreeF13M.160,,,success,,0.6848249027237355,0.8062647754137114,0.40322580645161293,0.969159420289855,0.0,0.572694980975783,0.6150622746068255,160
Schumann#Toccata#DupreeF13M.162,,,conversion_error,conversion_error,0,0,0,0,0,0,0,162
Schumann#Toccata#DupreeF13M.163,,,success,,0.6746987951807228,0.85625,0.5245901639344263,0.9498412698412698,1.0,0.8010760457912838,0.8701975162554981,163
Schumann#Toccata#DupreeF13M.180,,,success,,0.4018264840182649,0.8759689922480621,0.18181818181818182,0.8781714285714285,1.0,0.6675570173311874,0.7889917262094389,180
Schumann#Toccata#DupreeF13M.182,,,success,,0.38135593220338987,0.925,0.14814814814814814,0.689,1.0,0.6287008160703076,0.7488389830508475,182
Schumann#Toccata#DupreeF13M.183,,,success,,0.41739130434782606,0.865079365079365,0.22222222222222224,0.7969032258064517,1.0,0.660319223491173,0.7698434738084107,183
Schumann#Toccata#DupreeF13M.184,,,success,,0.42666666666666664,0.9333333333333333,0.25925925925925924,0.8347428571428571,1.0,0.6908004232804232,0.7986857142857142,184
Schumann#Toccata#DupreeF13M.186,,,success,,0.4177777777777778,0.9285714285714286,0.0,0.8865882352941176,1.0,0.6465874883286648,0.808234360410831,186
Schumann#Toccata#DupreeF13M.187,,,success,,0.35135135135135137,1.0,0.03636363636363636,0.7581176470588236,1.0,0.6291665269547623,0.7773672496025437,187
Schumann#Toccata#DupreeF13M.188,,,success,,0.39062500000000006,0.9609929078014184,0.0,0.8697142857142859,1.0,0.6442664387031408,0.805333048378926,188
Schumann#Toccata#DupreeF13M.2,,,success,,0.5901639344262296,0.8736434108527132,0.6666666666666666,1.0,1.0,0.8260948023891219,0.8659518363197357,2
Schumann#Toccata#DupreeF13M.211,,,success,,0.4036697247706422,0.8108024691358023,0.10144927536231886,0.8950526315789474,1.0,0.6421948201695422,0.777381206371348,211
Schumann#Toccata#DupreeF13M.212,,,success,,0.4263322884012539,0.7291139240506329,0.09859154929577464,0.8611162790697677,1.0,0.6230308081634858,0.7541406228804136,212
Schumann#Toccata#DupreeF13M.214,,,success,,0.4024024024024024,0.73125,0.02666666666666667,0.8066666666666665,1.0,0.5933971471471471,0.7350797672672672,214
Schumann#Toccata#DupreeF13M.215,,,success,,0.3907284768211921,0.8292682926829269,0.18055555555555552,0.8238333333333333,1.0,0.6448771316786016,0.760957525709363,215
Schumann#Toccata#DupreeF13M.217,,,success,,0.3712121212121212,0.5972222222222221,0.0,0.9144827586206896,1.0,0.5765834204110065,0.7207292755137582,217
Schumann#Toccata#DupreeF13M.218,,,success,,0.3695652173913044,0.49074074074074076,0.0,0.847076923076923,1.0,0.5414765762417936,0.676845720302242,218
Schumann#Toccata#DupreeF13M.224,,,success,,0.5253164556962024,0.7666666666666666,0.0,0.9699393939393938,1.0,0.6523845032604526,0.8154806290755657,224
Schumann#Toccata#DupreeF13M.225,,,success,,0.47491638795986624,0.759349593495935,0.40322580645161293,0.962,1.0,0.7198983575814829,0.7990664953639504,225
Schumann#Toccata#DupreeF13M.230,,,success,,0.5714285714285714,0.928888888888889,0.6551724137931034,1.0,1.0,0.8310979748221128,0.8750793650793651,230
Schumann#Toccata#DupreeF13M.231,,,success,,0.5375494071146245,1.0,0.06896551724137932,0.9839999999999999,1.0,0.7181029848712007,0.8803873517786561,231
Schumann#Toccata#DupreeF13M.236,,,success,,0.37320574162679426,0.8657407407407407,0.014705882352941175,0.9643076923076923,1.0,0.6435920114056337,0.8008135436688069,236
Schumann#Toccata#DupreeF13M.237,,,success,,0.423963133640553,0.7837837837837839,0.21333333333333335,0.9117419354838708,1.0,0.6665644372483082,0.7798722132270519,237
Schumann#Toccata#DupreeF13M.242,,,success,,0.43601895734597157,0.9285714285714286,0.014492753623188406,0.9461052631578947,1.0,0.6650376805396967,0.8276739122688237,242
Schumann#Toccata#DupreeF13M.243,,,success,,0.4174757281553398,0.8666666666666667,0.15625,0.9465806451612904,1.0,0.6773946079966594,0.8076807599958242,243
Schumann#Toccata#DupreeF13M.33,,,success,,0.5081967213114754,0.8979591836734694,0.16176470588235292,0.9014468085106382,1.0,0.6938734838755872,0.8269006783738957,33
Schumann#Toccata#DupreeF13M.34,,,success,,0.4394618834080717,0.83739837398374,0.23076923076923078,0.9590303030303029,1.0,0.6933319582382691,0.8089726401055286,34
Schumann#Toccata#DupreeF13M.4,,,success,,0.5599999999999999,0.9782608695652174,0.12903225806451613,0.9464615384615384,1.0,0.7227509332182543,0.8711806020066889,4
Schumann#Toccata#DupreeF13M.41,,,success,,0.5060240963855421,0.7083333333333334,0.26153846153846155,0.8797,1.0,0.6711191782514674,0.7735143574297189,41
Schumann#Toccata#DupreeF13M.42,,,success,,0.5369127516778524,0.7412280701754386,0.18055555555555552,0.8571199999999999,1.0,0.6631632754817692,0.7838152054633227,42
Schumann#Toccata#DupreeF13M.5,,,success,,0.59375,0.9897959183673469,0.24193548387096778,0.9692,1.0,0.7589362804476629,0.8881864795918367,5
Schumann#Toccata#DupreeF13M.6,,,success,,0.6289752650176678,0.9310344827586207,0.4310344827586207,0.9803157894736843,1.0,0.7942720040017187,0.8850813843124932,6
Schumann#Toccata#DupreeF13M.61,,,success,,0.5491803278688525,0.8598639455782314,0.24615384615384617,0.9409230769230768,1.0,0.7192242393048014,0.8374918375925402,61
Schumann#Toccata#DupreeF13M.63,,,success,,0.5728155339805825,0.8198198198198199,0.18750000000000003,0.9206666666666664,1.0,0.7001604040934137,0.8283255051167672,63
Schumann#Toccata#DupreeF13M.64,,,success,,0.46788990825688076,0.803921568627451,0.14814814814814814,0.8113513513513514,1.0,0.6462621952767662,0.7707907070589208,64
Schumann#Toccata#DupreeF13M.65,,,conversion_error,conversion_error,0,0,0,0,0,0,0,65
Schumann#Toccata#DupreeF13M.67,,,success,,0.42780748663101603,0.6715686274509803,0.1323529411764706,0.8980000000000001,1.0,0.6259458110516934,0.7493440285204991,67
Schumann#Toccata#DupreeF13M.68,,,success,,0.3434343434343434,0.7083333333333333,0.24615384615384617,0.7843333333333333,1.0,0.6164509712509713,0.7090252525252525,68
Schumann#Toccata#DupreeF13M.69,,,success,,0.422680412371134,0.7626262626262627,0.1323529411764706,0.865391304347826,1.0,0.6366101841043387,0.7626744948363057,69
Schumann#Toccata#DupreeF13M.7,,,success,,0.5971223021582734,0.8321637426900584,0.6666666666666666,0.9913793103448276,1.0,0.8174664043719652,0.85516633879829,7
Schumann#Toccata#DupreeF13M.71,,,success,,0.4065934065934066,0.8725490196078433,0.4117647058823529,0.9170000000000001,0.0,0.5215814264167207,0.5490356065503125,71
Schumann#Toccata#DupreeF13M.72,,,success,,0.41304347826086957,0.7750000000000001,0.11267605633802817,0.9426153846153846,1.0,0.6486669838428565,0.7826647157190636,72
Schumann#Toccata#DupreeF13M.73,,,success,,0.4507042253521127,0.7886178861788617,0.21428571428571427,0.8395111111111111,0.0,0.45862378738556,0.5197083056605214,73
Schumann#Toccata#DupreeF13M.75,,,timeout,timeout,0,0,0,0,0,0,0,75
Schumann#Toccata#DupreeF13M.76,,,success,,0.37894736842105264,0.5913978494623656,0.1506849315068493,0.6497894736842106,1.0,0.5541639246148956,0.6550336728919072,76
Schumann#Toccata#DupreeF13M.87,,,success,,0.391304347826087,0.5833333333333334,0.265625,0.9618461538461538,0.5,0.5404217670011148,0.6091209587513935,87
Schumann#Toccata#DupreeF13M.88,,,success,,0.45263157894736844,0.7541666666666667,0.04,0.9069999999999999,0.5,0.530759649122807,0.6534495614035087,88
Schumann#Toccata#DupreeF13M.89,,,success,,0.39378238341968913,0.6,0.18055555555555552,0.8346666666666667,0.0,0.4018009211283823,0.45711226252158893,89
Schumann#Toccata#DupreeF13M.9,,,conversion_error,conversion_error,0,0,0,0,0,0,0,9
Schumann#Toccata#DupreeF13M.91,,,success,,0.4367816091954023,0.8333333333333334,0.25,0.8679275362318839,0.0,0.47760849575212394,0.5345106196901549,91
Schumann#Toccata#DupreeF13M.92,,,success,,0.40718562874251496,0.78125,0.3870967741935483,0.8225789473684211,0.0,0.47962227006089686,0.502753644027734,92
